movieId,title,genres,year,title_clean,genre_count,decade,rating_avg,rating_count,rating_std,popularity_category,genres_clean,text_features
1,Toy Story (1995),Animation|Children's|Comedy,1995,Toy Story,3,1990,4.146846413095811,2077,0.8523490842765883,Blockbuster,animation|childrens|comedy,animation|children's|comedy toy story
2,Jumanji (1995),Adventure|Children's|Fantasy,1995,Jumanji,3,1990,3.20114122681883,701,0.9831720435251142,Blockbuster,adventure|childrens|fantasy,adventure|children's|fantasy jumanji
3,Grumpier Old Men (1995),Comedy|Romance,1995,Grumpier Old Men,2,1990,3.01673640167364,478,1.0717118389753955,Blockbuster,comedy|romance,comedy|romance grumpier old men
4,Waiting to Exhale (1995),Comedy|Drama,1995,Waiting to Exhale,2,1990,2.7294117647058824,170,1.0133807183552217,Popular,comedy|drama,comedy|drama waiting to exhale
5,Father of the Bride Part II (1995),Comedy,1995,Father of the Bride Part II,1,1990,3.0067567567567566,296,1.025086166674165,Blockbuster,comedy,comedy father of the bride part ii
6,Heat (1995),Action|Crime|Thriller,1995,Heat,3,1990,3.8787234042553194,940,0.9345882716882993,Blockbuster,action|crime|thriller,action|crime|thriller heat
7,Sabrina (1995),Comedy|Romance,1995,Sabrina,2,1990,3.410480349344978,458,0.9799183799386926,Blockbuster,comedy|romance,comedy|romance sabrina
8,Tom and Huck (1995),Adventure|Children's,1995,Tom and Huck,2,1990,3.014705882352941,68,0.9540588401207982,Popular,adventure|childrens,adventure|children's tom and huck
9,Sudden Death (1995),Action,1995,Sudden Death,1,1990,2.656862745098039,102,1.0482904332577478,Popular,action,action sudden death
10,GoldenEye (1995),Action|Adventure|Thriller,1995,GoldenEye,3,1990,3.5405405405405403,888,0.8912328467244989,Blockbuster,action|adventure|thriller,action|adventure|thriller goldeneye
11,"American President, The (1995)",Comedy|Drama|Romance,1995,"American President, The",3,1990,3.7938044530493706,1033,0.8643904675139514,Blockbuster,comedy|drama|romance,"comedy|drama|romance american president, the"
12,Dracula: Dead and Loving It (1995),Comedy|Horror,1995,Dracula: Dead and Loving It,2,1990,2.3625,160,1.2052688314126618,Popular,comedy|horror,comedy|horror dracula: dead and loving it
13,Balto (1995),Animation|Children's,1995,Balto,2,1990,3.2626262626262625,99,1.0554606169806215,Popular,animation|childrens,animation|children's balto
14,Nixon (1995),Drama,1995,Nixon,1,1990,3.542483660130719,153,0.8734906388238118,Popular,drama,drama nixon
15,Cutthroat Island (1995),Action|Adventure|Romance,1995,Cutthroat Island,3,1990,2.458904109589041,146,1.2212300883423441,Popular,action|adventure|romance,action|adventure|romance cutthroat island
16,Casino (1995),Drama|Thriller,1995,Casino,2,1990,3.7932551319648096,682,0.9050754048198121,Blockbuster,drama|thriller,drama|thriller casino
17,Sense and Sensibility (1995),Drama|Romance,1995,Sense and Sensibility,2,1990,4.027544910179641,835,0.9045359099058446,Blockbuster,drama|romance,drama|romance sense and sensibility
18,Four Rooms (1995),Thriller,1995,Four Rooms,1,1990,3.337579617834395,157,1.0162408111508663,Popular,thriller,thriller four rooms
19,Ace Ventura: When Nature Calls (1995),Comedy,1995,Ace Ventura: When Nature Calls,1,1990,2.480719794344473,389,1.1787480236425396,Blockbuster,comedy,comedy ace ventura: when nature calls
20,Money Train (1995),Action,1995,Money Train,1,1990,2.5375,160,0.9034350937136871,Popular,action,action money train
21,Get Shorty (1995),Action|Comedy|Drama,1995,Get Shorty,3,1990,3.6238938053097347,1356,0.9348464525371937,Blockbuster,action|comedy|drama,action|comedy|drama get shorty
22,Copycat (1995),Crime|Drama|Thriller,1995,Copycat,3,1990,3.3492063492063493,378,0.9770642460255302,Blockbuster,crime|drama|thriller,crime|drama|thriller copycat
23,Assassins (1995),Thriller,1995,Assassins,1,1990,2.857142857142857,126,1.001712818840096,Popular,thriller,thriller assassins
24,Powder (1995),Drama|Sci-Fi,1995,Powder,2,1990,3.1794871794871793,624,1.0674653346155252,Blockbuster,drama|scifi,drama|sci-fi powder
25,Leaving Las Vegas (1995),Drama|Romance,1995,Leaving Las Vegas,2,1990,3.6510204081632653,980,1.093508087896955,Blockbuster,drama|romance,drama|romance leaving las vegas
26,Othello (1995),Drama,1995,Othello,1,1990,3.53,100,0.9476712552783315,Popular,drama,drama othello
27,Now and Then (1995),Drama,1995,Now and Then,1,1990,2.9344262295081966,61,0.9809664020583035,Popular,drama,drama now and then
28,Persuasion (1995),Romance,1995,Persuasion,1,1990,4.055865921787709,179,0.8722994949490288,Popular,romance,romance persuasion
29,"City of Lost Children, The (1995)",Adventure|Sci-Fi,1995,"City of Lost Children, The",2,1990,4.062034739454094,403,0.9968222288874276,Blockbuster,adventure|scifi,"adventure|sci-fi city of lost children, the"
30,Shanghai Triad (Yao a yao yao dao waipo qiao) (1995),Drama,1995,Shanghai Triad (Yao a yao yao dao waipo qiao),1,1990,3.6486486486486487,74,1.012692497276071,Popular,drama,drama shanghai triad (yao a yao yao dao waipo qiao)
31,Dangerous Minds (1995),Drama,1995,Dangerous Minds,1,1990,3.1134751773049647,141,0.9643072908389455,Popular,drama,drama dangerous minds
32,Twelve Monkeys (1995),Drama|Sci-Fi,1995,Twelve Monkeys,2,1990,3.945731303772336,1511,0.9641075092249455,Blockbuster,drama|scifi,drama|sci-fi twelve monkeys
34,Babe (1995),Children's|Comedy|Drama,1995,Babe,3,1990,3.8914905768132497,1751,1.0379604202733408,Blockbuster,childrens|comedy|drama,children's|comedy|drama babe
35,Carrington (1995),Drama|Romance,1995,Carrington,2,1990,3.3142857142857145,70,0.9095763808205356,Popular,drama|romance,drama|romance carrington
36,Dead Man Walking (1995),Drama,1995,Dead Man Walking,1,1990,3.9579741379310347,928,0.867339166130467,Blockbuster,drama,drama dead man walking
37,Across the Sea of Time (1995),Documentary,1995,Across the Sea of Time,1,1990,3.5,8,1.4142135623730951,Niche,documentary,documentary across the sea of time
38,It Takes Two (1995),Comedy,1995,It Takes Two,1,1990,2.8214285714285716,28,1.4670093394782469,Moderate,comedy,comedy it takes two
39,Clueless (1995),Comedy|Romance,1995,Clueless,2,1990,3.6233480176211454,1362,0.9636209925947659,Blockbuster,comedy|romance,comedy|romance clueless
40,"Cry, the Beloved Country (1995)",Drama,1995,"Cry, the Beloved Country",1,1990,3.933333333333333,30,0.8683449709106095,Moderate,drama,"drama cry, the beloved country"
41,Richard III (1995),Drama|War,1995,Richard III,2,1990,3.958677685950413,242,0.8388561092530338,Blockbuster,drama|war,drama|war richard iii
42,Dead Presidents (1995),Action|Crime|Drama,1995,Dead Presidents,3,1990,2.8687782805429864,221,1.0206828599604432,Blockbuster,action|crime|drama,action|crime|drama dead presidents
43,Restoration (1995),Drama,1995,Restoration,1,1990,3.4457831325301207,166,0.9309885531072842,Popular,drama,drama restoration
44,Mortal Kombat (1995),Action|Adventure,1995,Mortal Kombat,2,1990,2.787781350482315,311,1.0503356900132401,Blockbuster,action|adventure,action|adventure mortal kombat
45,To Die For (1995),Comedy|Drama,1995,To Die For,2,1990,3.4246323529411766,544,1.0035938427645763,Blockbuster,comedy|drama,comedy|drama to die for
46,How to Make an American Quilt (1995),Drama|Romance,1995,How to Make an American Quilt,2,1990,3.108433734939759,166,0.9724950502984867,Popular,drama|romance,drama|romance how to make an american quilt
47,Seven (Se7en) (1995),Crime|Thriller,1995,Seven (Se7en),2,1990,4.106420404573439,1137,0.9392287493081484,Blockbuster,crime|thriller,crime|thriller seven (se7en)
48,Pocahontas (1995),Animation|Children's|Musical|Romance,1995,Pocahontas,4,1990,2.9764397905759163,382,1.0973458292939027,Blockbuster,animation|childrens|musical|romance,animation|children's|musical|romance pocahontas
49,When Night Is Falling (1995),Drama|Romance,1995,When Night Is Falling,2,1990,3.740740740740741,27,0.9842057552468227,Moderate,drama|romance,drama|romance when night is falling
50,"Usual Suspects, The (1995)",Crime|Thriller,1995,"Usual Suspects, The",2,1990,4.517106001121705,1783,0.7488218456658826,Blockbuster,crime|thriller,"crime|thriller usual suspects, the"
52,Mighty Aphrodite (1995),Comedy,1995,Mighty Aphrodite,1,1990,3.640371229698376,431,0.9140474017061119,Blockbuster,comedy,comedy mighty aphrodite
53,Lamerica (1994),Drama,1994,Lamerica,1,1990,4.75,8,0.4629100498862757,Niche,drama,drama lamerica
54,"Big Green, The (1995)",Children's|Comedy,1995,"Big Green, The",2,1990,2.5609756097560976,41,1.1191242220550157,Moderate,childrens|comedy,"children's|comedy big green, the"
55,Georgia (1995),Drama,1995,Georgia,1,1990,3.066666666666667,45,1.1946852000726915,Moderate,drama,drama georgia
56,Kids of the Round Table (1995),Adventure|Children's|Fantasy,1995,Kids of the Round Table,3,1990,2.0,9,1.3228756555322954,Niche,adventure|childrens|fantasy,adventure|children's|fantasy kids of the round table
57,Home for the Holidays (1995),Drama,1995,Home for the Holidays,1,1990,3.404040404040404,99,1.0093359295888653,Popular,drama,drama home for the holidays
58,"Postino, Il (The Postman) (1994)",Drama|Romance,1994,"Postino, Il (The Postman)",2,1990,4.093812375249501,501,0.8973191387274351,Blockbuster,drama|romance,"drama|romance postino, il (the postman)"
59,"Confessional, The (Le Confessionnal) (1995)",Drama|Mystery,1995,"Confessional, The (Le Confessionnal)",2,1990,2.75,8,1.3887301496588271,Niche,drama|mystery,"drama|mystery confessional, the (le confessionnal)"
60,"Indian in the Cupboard, The (1995)",Adventure|Children's|Fantasy,1995,"Indian in the Cupboard, The",3,1990,3.212885154061625,357,0.9969345265645615,Blockbuster,adventure|childrens|fantasy,"adventure|children's|fantasy indian in the cupboard, the"
61,Eye for an Eye (1996),Drama|Thriller,1996,Eye for an Eye,2,1990,3.0,67,0.937436866561092,Popular,drama|thriller,drama|thriller eye for an eye
62,Mr. Holland's Opus (1995),Drama,1995,Mr. Holland's Opus,1,1990,3.6968576709796674,541,1.0149663906501434,Blockbuster,drama,drama mr. holland's opus
63,Don't Be a Menace to South Central While Drinking Your Juice in the Hood (1996),Comedy,1996,Don't Be a Menace to South Central While Drinking Your Juice in the Hood,1,1990,2.855855855855856,111,1.1106660315229928,Popular,comedy,comedy don't be a menace to south central while drinking your juice in the hood
64,Two if by Sea (1996),Comedy|Romance,1996,Two if by Sea,2,1990,2.2658227848101267,79,0.9016915835150559,Popular,comedy|romance,comedy|romance two if by sea
65,Bio-Dome (1996),Comedy,1996,Bio-Dome,1,1990,2.062937062937063,143,1.0760961212680835,Popular,comedy,comedy bio-dome
66,Lawnmower Man 2: Beyond Cyberspace (1996),Sci-Fi|Thriller,1996,Lawnmower Man 2: Beyond Cyberspace,2,1990,1.6701030927835052,97,0.8505102571953509,Popular,scifi|thriller,sci-fi|thriller lawnmower man 2: beyond cyberspace
68,French Twist (Gazon maudit) (1995),Comedy|Romance,1995,French Twist (Gazon maudit),2,1990,3.45,60,0.8718769933456347,Popular,comedy|romance,comedy|romance french twist (gazon maudit)
69,Friday (1995),Comedy,1995,Friday,1,1990,3.6551724137931036,319,1.0371540728401614,Blockbuster,comedy,comedy friday
70,From Dusk Till Dawn (1996),Action|Comedy|Crime|Horror|Thriller,1996,From Dusk Till Dawn,5,1990,3.1564551422319473,914,1.1787767782524567,Blockbuster,action|comedy|crime|horror|thriller,action|comedy|crime|horror|thriller from dusk till dawn
71,Fair Game (1995),Action,1995,Fair Game,1,1990,2.1041666666666665,96,1.051106351138413,Popular,action,action fair game
72,Kicking and Screaming (1995),Comedy|Drama,1995,Kicking and Screaming,2,1990,3.6344086021505375,93,1.0507238316322616,Popular,comedy|drama,comedy|drama kicking and screaming
73,"Misérables, Les (1995)",Drama|Musical,1995,"Misérables, Les",2,1990,3.8169642857142856,224,1.0232620302616882,Blockbuster,drama|musical,"drama|musical misérables, les"
74,Bed of Roses (1996),Drama|Romance,1996,Bed of Roses,2,1990,2.975,120,1.0959244591522117,Popular,drama|romance,drama|romance bed of roses
75,Big Bully (1996),Comedy|Drama,1996,Big Bully,2,1990,1.9166666666666667,12,1.0836246694508316,Moderate,comedy|drama,comedy|drama big bully
76,Screamers (1995),Sci-Fi|Thriller,1995,Screamers,2,1990,2.853932584269663,178,1.0311593146321312,Popular,scifi|thriller,sci-fi|thriller screamers
77,Nico Icon (1995),Documentary,1995,Nico Icon,1,1990,3.764705882352941,34,0.8186768159996096,Moderate,documentary,documentary nico icon
78,"Crossing Guard, The (1995)",Drama,1995,"Crossing Guard, The",1,1990,3.26,50,1.0654116766848045,Moderate,drama,"drama crossing guard, the"
79,"Juror, The (1996)",Drama|Thriller,1996,"Juror, The",2,1990,2.6052631578947367,114,1.0010474253671435,Popular,drama|thriller,"drama|thriller juror, the"
80,"White Balloon, The (Badkonake Sefid ) (1995)",Drama,1995,"White Balloon, The (Badkonake Sefid )",1,1990,3.826923076923077,52,0.7851852247107507,Popular,drama,"drama white balloon, the (badkonake sefid )"
81,Things to Do in Denver when You're Dead (1995),Crime|Drama|Romance,1995,Things to Do in Denver when You're Dead,3,1990,3.1626506024096384,166,1.1297852671674935,Popular,crime|drama|romance,crime|drama|romance things to do in denver when you're dead
82,Antonia's Line (Antonia) (1995),Drama,1995,Antonia's Line (Antonia),1,1990,3.8764044943820224,89,1.0640854451241335,Popular,drama,drama antonia's line (antonia)
83,Once Upon a Time... When We Were Colored (1995),Drama,1995,Once Upon a Time... When We Were Colored,1,1990,3.696969696969697,33,0.8472325715546059,Moderate,drama,drama once upon a time... when we were colored
84,Last Summer in the Hamptons (1995),Comedy|Drama,1995,Last Summer in the Hamptons,2,1990,3.0952380952380953,21,1.2611408289624877,Moderate,comedy|drama,comedy|drama last summer in the hamptons
85,Angels and Insects (1995),Drama|Romance,1995,Angels and Insects,2,1990,3.402061855670103,194,0.9938650549493069,Popular,drama|romance,drama|romance angels and insects
86,White Squall (1996),Adventure|Drama,1996,White Squall,2,1990,3.3940677966101696,236,0.9325136355520187,Blockbuster,adventure|drama,adventure|drama white squall
87,Dunston Checks In (1996),Children's|Comedy,1996,Dunston Checks In,2,1990,2.210526315789474,76,1.0239243393100776,Popular,childrens|comedy,children's|comedy dunston checks in
88,Black Sheep (1996),Comedy,1996,Black Sheep,1,1990,2.9427083333333335,192,1.0594125401334324,Popular,comedy,comedy black sheep
89,Nick of Time (1995),Action|Thriller,1995,Nick of Time,2,1990,3.074235807860262,229,0.8878764120631532,Blockbuster,action|thriller,action|thriller nick of time
90,"Journey of August King, The (1995)",Drama,1995,"Journey of August King, The",1,1990,3.6666666666666665,6,1.0327955589886444,Niche,drama,"drama journey of august king, the"
92,Mary Reilly (1996),Drama|Thriller,1996,Mary Reilly,2,1990,2.340909090909091,88,1.0158102324854543,Popular,drama|thriller,drama|thriller mary reilly
93,Vampire in Brooklyn (1995),Comedy|Romance,1995,Vampire in Brooklyn,2,1990,2.235955056179775,89,0.9655718031550051,Popular,comedy|romance,comedy|romance vampire in brooklyn
94,Beautiful Girls (1996),Drama,1996,Beautiful Girls,1,1990,3.7252747252747254,182,0.9698884604770274,Popular,drama,drama beautiful girls
95,Broken Arrow (1996),Action|Thriller,1996,Broken Arrow,2,1990,2.876175548589342,638,1.0401801168887699,Blockbuster,action|thriller,action|thriller broken arrow
96,In the Bleak Midwinter (1995),Comedy,1995,In the Bleak Midwinter,1,1990,3.923076923076923,13,0.8623164985025763,Moderate,comedy,comedy in the bleak midwinter
97,"Hate (Haine, La) (1995)",Drama,1995,"Hate (Haine, La)",1,1990,3.75,44,1.2598449517006374,Moderate,drama,"drama hate (haine, la)"
98,Shopping (1994),Action|Thriller,1994,Shopping,2,1990,2.0,6,0.6324555320336759,Niche,action|thriller,action|thriller shopping
99,Heidi Fleiss: Hollywood Madam (1995),Documentary,1995,Heidi Fleiss: Hollywood Madam,1,1990,3.46,50,0.9733174912511899,Moderate,documentary,documentary heidi fleiss: hollywood madam
100,City Hall (1996),Drama|Thriller,1996,City Hall,2,1990,3.0625,128,0.9618715352861319,Popular,drama|thriller,drama|thriller city hall
101,Bottle Rocket (1996),Comedy,1996,Bottle Rocket,1,1990,3.869565217391304,253,0.9187112526629334,Blockbuster,comedy,comedy bottle rocket
102,Mr. Wrong (1996),Comedy,1996,Mr. Wrong,1,1990,1.8166666666666667,60,0.9295828600965655,Popular,comedy,comedy mr. wrong
103,Unforgettable (1996),Thriller,1996,Unforgettable,1,1990,3.212121212121212,33,1.0827504259285632,Moderate,thriller,thriller unforgettable
104,Happy Gilmore (1996),Comedy,1996,Happy Gilmore,1,1990,3.526392961876833,682,1.14961841762698,Blockbuster,comedy,comedy happy gilmore
105,"Bridges of Madison County, The (1995)",Drama|Romance,1995,"Bridges of Madison County, The",2,1990,3.2325581395348837,387,1.109392037493762,Blockbuster,drama|romance,"drama|romance bridges of madison county, the"
106,Nobody Loves Me (Keiner liebt mich) (1994),Comedy|Drama,1994,Nobody Loves Me (Keiner liebt mich),2,1990,3.5833333333333335,12,1.5050420310248864,Moderate,comedy|drama,comedy|drama nobody loves me (keiner liebt mich)
107,Muppet Treasure Island (1996),Adventure|Children's|Comedy|Musical,1996,Muppet Treasure Island,4,1990,3.1484375,256,1.1067694997108464,Blockbuster,adventure|childrens|comedy|musical,adventure|children's|comedy|musical muppet treasure island
108,Catwalk (1995),Documentary,1995,Catwalk,1,1990,2.857142857142857,7,1.5735915849388862,Niche,documentary,documentary catwalk
110,Braveheart (1995),Action|Drama|War,1995,Braveheart,3,1990,4.234957020057307,2443,0.9293500477516425,Blockbuster,action|drama|war,action|drama|war braveheart
111,Taxi Driver (1976),Drama|Thriller,1976,Taxi Driver,2,1970,4.183870967741935,1240,0.884845699719572,Blockbuster,drama|thriller,drama|thriller taxi driver
112,Rumble in the Bronx (1995),Action|Adventure|Crime,1995,Rumble in the Bronx,3,1990,3.443859649122807,570,0.9492421440840707,Blockbuster,action|adventure|crime,action|adventure|crime rumble in the bronx
113,Before and After (1996),Drama|Mystery,1996,Before and After,2,1990,2.981132075471698,53,0.8877492290951714,Popular,drama|mystery,drama|mystery before and after
114,Margaret's Museum (1995),Drama,1995,Margaret's Museum,1,1990,3.090909090909091,11,0.9438798074485389,Moderate,drama,drama margaret's museum
116,Anne Frank Remembered (1995),Documentary,1995,Anne Frank Remembered,1,1990,4.097560975609756,41,1.0909829982355475,Moderate,documentary,documentary anne frank remembered
117,"Young Poisoner's Handbook, The (1995)",Crime,1995,"Young Poisoner's Handbook, The",1,1990,3.632911392405063,79,0.7873554436289488,Popular,crime,"crime young poisoner's handbook, the"
118,If Lucy Fell (1996),Comedy|Romance,1996,If Lucy Fell,2,1990,3.073529411764706,68,1.123908113185073,Popular,comedy|romance,comedy|romance if lucy fell
119,"Steal Big, Steal Little (1995)",Comedy,1995,"Steal Big, Steal Little",1,1990,2.4615384615384617,13,1.1982893790305562,Moderate,comedy,"comedy steal big, steal little"
121,"Boys of St. Vincent, The (1993)",Drama,1993,"Boys of St. Vincent, The",1,1990,4.054054054054054,37,0.6644105970267493,Moderate,drama,"drama boys of st. vincent, the"
122,Boomerang (1992),Comedy|Romance,1992,Boomerang,2,1990,2.768041237113402,194,0.9725823104613286,Popular,comedy|romance,comedy|romance boomerang
123,Chungking Express (1994),Drama|Mystery|Romance,1994,Chungking Express,3,1990,3.869565217391304,115,1.0473168652912148,Popular,drama|mystery|romance,drama|mystery|romance chungking express
124,"Star Maker, The (Uomo delle stelle, L') (1995)",Drama,1995,"Star Maker, The (Uomo delle stelle, L')",1,1990,3.2142857142857144,14,1.1883130530663677,Moderate,drama,"drama star maker, the (uomo delle stelle, l')"
125,Flirting With Disaster (1996),Comedy,1996,Flirting With Disaster,1,1990,3.8333333333333335,318,0.9698396021188583,Blockbuster,comedy,comedy flirting with disaster
126,"NeverEnding Story III, The (1994)",Adventure|Children's|Fantasy,1994,"NeverEnding Story III, The",3,1990,1.9898989898989898,99,1.0737588895828305,Popular,adventure|childrens|fantasy,"adventure|children's|fantasy neverending story iii, the"
128,Jupiter's Wife (1994),Documentary,1994,Jupiter's Wife,1,1990,4.333333333333333,12,0.7784989441615229,Moderate,documentary,documentary jupiter's wife
129,Pie in the Sky (1995),Comedy|Romance,1995,Pie in the Sky,2,1990,3.3076923076923075,13,0.8548504142651104,Moderate,comedy|romance,comedy|romance pie in the sky
131,Frankie Starlight (1995),Drama|Romance,1995,Frankie Starlight,2,1990,3.0625,16,0.9287087810503356,Moderate,drama|romance,drama|romance frankie starlight
132,Jade (1995),Thriller,1995,Jade,1,1990,2.4945054945054945,91,1.0151477875290036,Popular,thriller,thriller jade
135,Down Periscope (1996),Comedy,1996,Down Periscope,1,1990,2.81203007518797,133,1.1156624336040435,Popular,comedy,comedy down periscope
136,From the Journals of Jean Seberg (1995),Documentary,1995,From the Journals of Jean Seberg,1,1990,3.25,8,1.4880476182856899,Niche,documentary,documentary from the journals of jean seberg
137,Man of the Year (1995),Documentary,1995,Man of the Year,1,1990,3.0,13,1.1547005383792515,Moderate,documentary,documentary man of the year
140,Up Close and Personal (1996),Drama|Romance,1996,Up Close and Personal,2,1990,3.1654676258992804,139,1.1137944174663048,Popular,drama|romance,drama|romance up close and personal
141,"Birdcage, The (1996)",Comedy,1996,"Birdcage, The",1,1990,3.5498533724340176,682,0.9547816022443066,Blockbuster,comedy,"comedy birdcage, the"
144,"Brothers McMullen, The (1995)",Comedy,1995,"Brothers McMullen, The",1,1990,3.392609699769053,433,0.9220251852419818,Blockbuster,comedy,"comedy brothers mcmullen, the"
145,Bad Boys (1995),Action,1995,Bad Boys,1,1990,3.2955801104972378,362,1.0358837785706487,Blockbuster,action,action bad boys
146,"Amazing Panda Adventure, The (1995)",Adventure|Children's,1995,"Amazing Panda Adventure, The",2,1990,2.888888888888889,18,1.4095843729891318,Moderate,adventure|childrens,"adventure|children's amazing panda adventure, the"
147,"Basketball Diaries, The (1995)",Drama,1995,"Basketball Diaries, The",1,1990,3.541436464088398,181,1.051293453374189,Popular,drama,"drama basketball diaries, the"
148,"Awfully Big Adventure, An (1995)",Drama,1995,"Awfully Big Adventure, An",1,1990,2.782608695652174,23,1.1263989983825946,Moderate,drama,"drama awfully big adventure, an"
149,Amateur (1994),Crime|Drama|Thriller,1994,Amateur,3,1990,3.7872340425531914,47,0.8581114302012286,Moderate,crime|drama|thriller,crime|drama|thriller amateur
150,Apollo 13 (1995),Drama,1995,Apollo 13,1,1990,4.073541167066347,1251,0.8016154752148422,Blockbuster,drama,drama apollo 13
151,Rob Roy (1995),Drama|Romance|War,1995,Rob Roy,3,1990,3.588447653429603,554,0.9414755693627757,Blockbuster,drama|romance|war,drama|romance|war rob roy
152,"Addiction, The (1995)",Horror,1995,"Addiction, The",1,1990,3.0,69,1.1631599960755992,Popular,horror,"horror addiction, the"
153,Batman Forever (1995),Action|Adventure|Comedy|Crime,1995,Batman Forever,4,1990,2.642213642213642,777,1.0469244306904568,Blockbuster,action|adventure|comedy|crime,action|adventure|comedy|crime batman forever
154,Belle de jour (1967),Drama,1967,Belle de jour,1,1960,3.7261904761904763,168,0.9070738698792598,Popular,drama,drama belle de jour
155,Beyond Rangoon (1995),Drama|War,1995,Beyond Rangoon,2,1990,3.413793103448276,87,1.0515959536434734,Popular,drama|war,drama|war beyond rangoon
156,Blue in the Face (1995),Comedy,1995,Blue in the Face,1,1990,3.5606060606060606,66,1.0247519456515073,Popular,comedy,comedy blue in the face
157,Canadian Bacon (1994),Comedy|War,1994,Canadian Bacon,2,1990,2.732620320855615,187,1.1972886394898723,Popular,comedy|war,comedy|war canadian bacon
158,Casper (1995),Adventure|Children's,1995,Casper,2,1990,2.9806949806949805,259,1.0132905085239037,Blockbuster,adventure|childrens,adventure|children's casper
159,Clockers (1995),Drama,1995,Clockers,1,1990,3.2844827586206895,116,0.9022294558506154,Popular,drama,drama clockers
160,Congo (1995),Action|Adventure|Mystery|Sci-Fi,1995,Congo,4,1990,2.2389380530973453,565,1.0112342038074582,Blockbuster,action|adventure|mystery|scifi,action|adventure|mystery|sci-fi congo
161,Crimson Tide (1995),Drama|Thriller|War,1995,Crimson Tide,3,1990,3.723684210526316,760,0.8574049183164639,Blockbuster,drama|thriller|war,drama|thriller|war crimson tide
162,Crumb (1994),Documentary,1994,Crumb,1,1990,4.063136456211812,491,1.041038306120908,Blockbuster,documentary,documentary crumb
163,Desperado (1995),Action|Romance|Thriller,1995,Desperado,3,1990,3.4574074074074073,540,0.9935042928482608,Blockbuster,action|romance|thriller,action|romance|thriller desperado
164,Devil in a Blue Dress (1995),Crime|Film-Noir|Mystery|Thriller,1995,Devil in a Blue Dress,4,1990,3.5672823218997363,379,0.8683657045295261,Blockbuster,crime|filmnoir|mystery|thriller,crime|film-noir|mystery|thriller devil in a blue dress
165,Die Hard: With a Vengeance (1995),Action|Thriller,1995,Die Hard: With a Vengeance,2,1990,3.561212121212121,825,1.0067483391093826,Blockbuster,action|thriller,action|thriller die hard: with a vengeance
166,"Doom Generation, The (1995)",Comedy|Drama,1995,"Doom Generation, The",2,1990,2.459016393442623,61,1.2854800723439639,Popular,comedy|drama,"comedy|drama doom generation, the"
167,Feast of July (1995),Drama,1995,Feast of July,1,1990,3.6,5,0.8944271909999159,Niche,drama,drama feast of july
168,First Knight (1995),Action|Adventure|Drama|Romance,1995,First Knight,4,1990,2.9502762430939224,362,1.1301765757851459,Blockbuster,action|adventure|drama|romance,action|adventure|drama|romance first knight
169,Free Willy 2: The Adventure Home (1995),Adventure|Children's|Drama,1995,Free Willy 2: The Adventure Home,3,1990,2.017699115044248,113,1.026282306651361,Popular,adventure|childrens|drama,adventure|children's|drama free willy 2: the adventure home
170,Hackers (1995),Action|Crime|Thriller,1995,Hackers,3,1990,3.146417445482866,321,1.1209906055336518,Blockbuster,action|crime|thriller,action|crime|thriller hackers
171,Jeffrey (1995),Comedy,1995,Jeffrey,1,1990,3.5698924731182795,93,1.046711719192493,Popular,comedy,comedy jeffrey
172,Johnny Mnemonic (1995),Action|Sci-Fi|Thriller,1995,Johnny Mnemonic,3,1990,2.576419213973799,458,1.1048186950985244,Blockbuster,action|scifi|thriller,action|sci-fi|thriller johnny mnemonic
173,Judge Dredd (1995),Action|Adventure|Sci-Fi,1995,Judge Dredd,3,1990,2.3085106382978724,564,1.032611365697999,Blockbuster,action|adventure|scifi,action|adventure|sci-fi judge dredd
174,Jury Duty (1995),Comedy,1995,Jury Duty,1,1990,2.308641975308642,81,1.168781152618423,Popular,comedy,comedy jury duty
175,Kids (1995),Drama,1995,Kids,1,1990,3.477272727272727,220,1.1914581136975502,Blockbuster,drama,drama kids
176,Living in Oblivion (1995),Comedy,1995,Living in Oblivion,1,1990,3.9170731707317072,205,0.8563209149178138,Blockbuster,comedy,comedy living in oblivion
177,Lord of Illusions (1995),Horror,1995,Lord of Illusions,1,1990,2.7338129496402876,139,1.1393841431353138,Popular,horror,horror lord of illusions
178,Love & Human Remains (1993),Comedy,1993,Love & Human Remains,1,1990,3.473684210526316,19,0.7723284457212329,Moderate,comedy,comedy love & human remains
179,Mad Love (1995),Drama|Romance,1995,Mad Love,2,1990,2.2083333333333335,48,0.8981857205792588,Moderate,drama|romance,drama|romance mad love
180,Mallrats (1995),Comedy,1995,Mallrats,1,1990,3.5476718403547673,451,1.113278497085046,Blockbuster,comedy,comedy mallrats
181,Mighty Morphin Power Rangers: The Movie (1995),Action|Children's,1995,Mighty Morphin Power Rangers: The Movie,2,1990,1.6129032258064515,93,0.8972452777022827,Popular,action|childrens,action|children's mighty morphin power rangers: the movie
182,Moonlight and Valentino (1995),Drama|Romance,1995,Moonlight and Valentino,2,1990,3.142857142857143,49,1.0801234497346432,Moderate,drama|romance,drama|romance moonlight and valentino
183,Mute Witness (1994),Thriller,1994,Mute Witness,1,1990,3.4827586206896552,29,0.9494618646961633,Moderate,thriller,thriller mute witness
184,Nadja (1994),Drama,1994,Nadja,1,1990,3.3461538461538463,26,1.0561177090573832,Moderate,drama,drama nadja
185,"Net, The (1995)",Sci-Fi|Thriller,1995,"Net, The",2,1990,2.869947275922671,569,0.998569485985847,Blockbuster,scifi|thriller,"sci-fi|thriller net, the"
186,Nine Months (1995),Comedy,1995,Nine Months,1,1990,2.7630331753554502,211,0.9713801148189023,Blockbuster,comedy,comedy nine months
187,Party Girl (1995),Comedy,1995,Party Girl,1,1990,3.238095238095238,105,1.0699012312772826,Popular,comedy,comedy party girl
188,"Prophecy, The (1995)",Horror,1995,"Prophecy, The",1,1990,3.221052631578947,190,1.1285515122198801,Popular,horror,"horror prophecy, the"
189,Reckless (1995),Comedy,1995,Reckless,1,1990,3.4,15,0.9856107606091623,Moderate,comedy,comedy reckless
190,Safe (1995),Thriller,1995,Safe,1,1990,3.75,100,1.104398917826783,Popular,thriller,thriller safe
191,"Scarlet Letter, The (1995)",Drama,1995,"Scarlet Letter, The",1,1990,2.466666666666667,75,1.0440737953277484,Popular,drama,"drama scarlet letter, the"
193,Showgirls (1995),Drama,1995,Showgirls,1,1990,2.0506912442396312,217,1.0853451326680905,Blockbuster,drama,drama showgirls
194,Smoke (1995),Drama,1995,Smoke,1,1990,3.755868544600939,213,0.9598180947923398,Blockbuster,drama,drama smoke
195,Something to Talk About (1995),Comedy|Drama|Romance,1995,Something to Talk About,3,1990,2.841463414634146,164,0.906276846542865,Popular,comedy|drama|romance,comedy|drama|romance something to talk about
196,Species (1995),Horror|Sci-Fi,1995,Species,2,1990,2.8236363636363637,550,0.9989910458990052,Blockbuster,horror|scifi,horror|sci-fi species
197,"Stars Fell on Henrietta, The (1995)",Drama,1995,"Stars Fell on Henrietta, The",1,1990,3.0588235294117645,17,1.0880365478290537,Moderate,drama,"drama stars fell on henrietta, the"
198,Strange Days (1995),Action|Crime|Sci-Fi,1995,Strange Days,3,1990,3.2958677685950413,605,1.0532507778439815,Blockbuster,action|crime|scifi,action|crime|sci-fi strange days
199,"Umbrellas of Cherbourg, The (Parapluies de Cherbourg, Les) (1964)",Drama|Musical,1964,"Umbrellas of Cherbourg, The (Parapluies de Cherbourg, Les)",2,1960,3.8119658119658117,117,1.1441878909757721,Popular,drama|musical,"drama|musical umbrellas of cherbourg, the (parapluies de cherbourg, les)"
200,"Tie That Binds, The (1995)",Thriller,1995,"Tie That Binds, The",1,1990,2.4166666666666665,12,1.0836246694508316,Moderate,thriller,"thriller tie that binds, the"
201,Three Wishes (1995),Drama,1995,Three Wishes,1,1990,2.6363636363636362,33,1.084498208221832,Moderate,drama,drama three wishes
202,Total Eclipse (1995),Drama|Romance,1995,Total Eclipse,2,1990,2.5,30,1.1064076694575482,Moderate,drama|romance,drama|romance total eclipse
203,"To Wong Foo, Thanks for Everything! Julie Newmar (1995)",Comedy,1995,"To Wong Foo, Thanks for Everything! Julie Newmar",1,1990,3.0541871921182264,203,1.1697590952940975,Blockbuster,comedy,"comedy to wong foo, thanks for everything! julie newmar"
204,Under Siege 2: Dark Territory (1995),Action,1995,Under Siege 2: Dark Territory,1,1990,2.9211822660098523,203,1.0641291615942288,Blockbuster,action,action under siege 2: dark territory
205,Unstrung Heroes (1995),Comedy|Drama,1995,Unstrung Heroes,2,1990,3.611764705882353,85,1.113703791164321,Popular,comedy|drama,comedy|drama unstrung heroes
206,Unzipped (1995),Documentary,1995,Unzipped,1,1990,3.6707317073170733,82,1.0547350969135552,Popular,documentary,documentary unzipped
207,"Walk in the Clouds, A (1995)",Drama|Romance,1995,"Walk in the Clouds, A",2,1990,3.132420091324201,219,1.0945230986778858,Blockbuster,drama|romance,"drama|romance walk in the clouds, a"
208,Waterworld (1995),Action|Adventure,1995,Waterworld,2,1990,2.6313364055299537,651,1.1296839158517467,Blockbuster,action|adventure,action|adventure waterworld
209,White Man's Burden (1995),Drama,1995,White Man's Burden,1,1990,2.4615384615384617,52,0.9992455676029078,Popular,drama,drama white man's burden
210,Wild Bill (1995),Western,1995,Wild Bill,1,1990,3.1463414634146343,41,0.9370425713316365,Moderate,western,western wild bill
211,"Browning Version, The (1994)",Drama,1994,"Browning Version, The",1,1990,3.5588235294117645,34,0.7463517925331651,Moderate,drama,"drama browning version, the"
212,Bushwhacked (1995),Comedy,1995,Bushwhacked,1,1990,1.9285714285714286,14,0.9972489631508747,Moderate,comedy,comedy bushwhacked
213,Burnt By the Sun (Utomlyonnye solntsem) (1994),Drama,1994,Burnt By the Sun (Utomlyonnye solntsem),1,1990,4.056910569105691,123,1.0266994149496094,Popular,drama,drama burnt by the sun (utomlyonnye solntsem)
214,Before the Rain (Pred dozhdot) (1994),Drama,1994,Before the Rain (Pred dozhdot),1,1990,4.25,28,0.8443713418650368,Moderate,drama,drama before the rain (pred dozhdot)
215,Before Sunrise (1995),Drama|Romance,1995,Before Sunrise,2,1990,3.80625,160,1.0124810736642444,Popular,drama|romance,drama|romance before sunrise
216,Billy Madison (1995),Comedy,1995,Billy Madison,1,1990,3.183098591549296,355,1.2499701595865265,Blockbuster,comedy,comedy billy madison
217,"Babysitter, The (1995)",Drama|Thriller,1995,"Babysitter, The",2,1990,2.625,64,1.091089451179962,Popular,drama|thriller,"drama|thriller babysitter, the"
218,Boys on the Side (1995),Comedy|Drama,1995,Boys on the Side,2,1990,3.128205128205128,195,1.0148253412136699,Popular,comedy|drama,comedy|drama boys on the side
219,"Cure, The (1995)",Drama,1995,"Cure, The",1,1990,3.1818181818181817,22,0.9579921282290986,Moderate,drama,"drama cure, the"
220,Castle Freak (1995),Horror,1995,Castle Freak,1,1990,1.8214285714285714,28,0.9048663264720757,Moderate,horror,horror castle freak
222,Circle of Friends (1995),Drama|Romance,1995,Circle of Friends,2,1990,3.547112462006079,329,0.8581029787093356,Blockbuster,drama|romance,drama|romance circle of friends
223,Clerks (1994),Comedy,1994,Clerks,1,1990,3.946883852691218,1412,1.0119821785994387,Blockbuster,comedy,comedy clerks
224,Don Juan DeMarco (1995),Comedy|Drama|Romance,1995,Don Juan DeMarco,3,1990,3.3911917098445596,386,0.9560878781180847,Blockbuster,comedy|drama|romance,comedy|drama|romance don juan demarco
225,Disclosure (1994),Drama|Thriller,1994,Disclosure,2,1990,3.173228346456693,254,0.924796639873954,Blockbuster,drama|thriller,drama|thriller disclosure
227,Drop Zone (1994),Action,1994,Drop Zone,1,1990,2.6744186046511627,129,0.985542289631025,Popular,action,action drop zone
228,Destiny Turns on the Radio (1995),Comedy,1995,Destiny Turns on the Radio,1,1990,2.1538461538461537,13,0.9870962335856491,Moderate,comedy,comedy destiny turns on the radio
229,Death and the Maiden (1994),Drama|Thriller,1994,Death and the Maiden,2,1990,3.5,108,1.0185200918833623,Popular,drama|thriller,drama|thriller death and the maiden
230,Dolores Claiborne (1994),Drama|Thriller,1994,Dolores Claiborne,2,1990,3.4527220630372493,349,0.9229978550057182,Blockbuster,drama|thriller,drama|thriller dolores claiborne
231,Dumb & Dumber (1994),Comedy,1994,Dumb & Dumber,1,1990,3.1924242424242424,660,1.3213331436461848,Blockbuster,comedy,comedy dumb & dumber
232,Eat Drink Man Woman (1994),Comedy|Drama,1994,Eat Drink Man Woman,2,1990,4.07514450867052,346,0.8058594166146903,Blockbuster,comedy|drama,comedy|drama eat drink man woman
233,Exotica (1994),Drama,1994,Exotica,1,1990,3.6127659574468085,235,1.1318272461270171,Blockbuster,drama,drama exotica
234,Exit to Eden (1994),Comedy,1994,Exit to Eden,1,1990,2.2244897959183674,147,1.1028972950317333,Popular,comedy,comedy exit to eden
235,Ed Wood (1994),Comedy|Drama,1994,Ed Wood,2,1990,3.696871628910464,927,1.0127806001194088,Blockbuster,comedy|drama,comedy|drama ed wood
236,French Kiss (1995),Comedy|Romance,1995,French Kiss,2,1990,3.303680981595092,326,0.9718112871921738,Blockbuster,comedy|romance,comedy|romance french kiss
237,Forget Paris (1995),Comedy|Romance,1995,Forget Paris,2,1990,2.972762645914397,257,1.009349532421362,Blockbuster,comedy|romance,comedy|romance forget paris
238,Far From Home: The Adventures of Yellow Dog (1995),Adventure|Children's,1995,Far From Home: The Adventures of Yellow Dog,2,1990,2.8125,32,1.3060035073805594,Moderate,adventure|childrens,adventure|children's far from home: the adventures of yellow dog
239,"Goofy Movie, A (1995)",Animation|Children's|Comedy|Romance,1995,"Goofy Movie, A",4,1990,2.875,168,1.189713899085258,Popular,animation|childrens|comedy|romance,"animation|children's|comedy|romance goofy movie, a"
240,Hideaway (1995),Thriller,1995,Hideaway,1,1990,2.7111111111111112,45,1.1205157542647737,Moderate,thriller,thriller hideaway
241,Fluke (1995),Children's|Drama,1995,Fluke,2,1990,3.310344827586207,29,1.1052940228044712,Moderate,childrens|drama,children's|drama fluke
242,Farinelli: il castrato (1994),Drama|Musical,1994,Farinelli: il castrato,2,1990,3.5,80,1.0433635967086012,Popular,drama|musical,drama|musical farinelli: il castrato
243,Gordy (1995),Comedy,1995,Gordy,1,1990,2.1,10,0.9944289260117533,Niche,comedy,comedy gordy
244,Gumby: The Movie (1995),Animation|Children's,1995,Gumby: The Movie,2,1990,1.9,10,0.8755950357709131,Niche,animation|childrens,animation|children's gumby: the movie
245,"Glass Shield, The (1994)",Crime|Drama,1994,"Glass Shield, The",2,1990,3.0,11,1.0,Moderate,crime|drama,"crime|drama glass shield, the"
246,Hoop Dreams (1994),Documentary,1994,Hoop Dreams,1,1990,4.18854748603352,716,0.837533916971478,Blockbuster,documentary,documentary hoop dreams
247,Heavenly Creatures (1994),Drama|Fantasy|Romance|Thriller,1994,Heavenly Creatures,4,1990,3.8658280922431865,477,0.9564168489069151,Blockbuster,drama|fantasy|romance|thriller,drama|fantasy|romance|thriller heavenly creatures
248,Houseguest (1994),Comedy,1994,Houseguest,1,1990,2.9130434782608696,138,1.0071152767074854,Popular,comedy,comedy houseguest
249,Immortal Beloved (1994),Drama|Romance,1994,Immortal Beloved,2,1990,3.7586206896551726,261,0.9441990978281661,Blockbuster,drama|romance,drama|romance immortal beloved
250,Heavyweights (1994),Children's|Comedy,1994,Heavyweights,2,1990,2.6,30,1.191926866536875,Moderate,childrens|comedy,children's|comedy heavyweights
251,"Hunted, The (1995)",Action,1995,"Hunted, The",1,1990,3.2777777777777777,18,0.9582800496696001,Moderate,action,"action hunted, the"
252,I.Q. (1994),Comedy|Romance,1994,I.Q.,2,1990,3.2697547683923704,367,0.8875186104862487,Blockbuster,comedy|romance,comedy|romance i.q.
253,Interview with the Vampire (1994),Drama|Horror,1994,Interview with the Vampire,2,1990,3.524390243902439,738,1.0340610195455078,Blockbuster,drama|horror,drama|horror interview with the vampire
254,Jefferson in Paris (1995),Drama,1995,Jefferson in Paris,1,1990,3.0789473684210527,38,0.8180920105315723,Moderate,drama,drama jefferson in paris
255,"Jerky Boys, The (1994)",Comedy,1994,"Jerky Boys, The",1,1990,2.0606060606060606,66,1.079583792718826,Popular,comedy,"comedy jerky boys, the"
256,Junior (1994),Comedy|Sci-Fi,1994,Junior,2,1990,2.6513761467889907,218,1.0461793273863338,Blockbuster,comedy|scifi,comedy|sci-fi junior
257,Just Cause (1995),Mystery|Thriller,1995,Just Cause,2,1990,3.2280701754385963,114,1.0645958784498268,Popular,mystery|thriller,mystery|thriller just cause
258,"Kid in King Arthur's Court, A (1995)",Adventure|Children's|Comedy|Fantasy|Romance,1995,"Kid in King Arthur's Court, A",5,1990,2.423611111111111,144,1.1622251452568426,Popular,adventure|childrens|comedy|fantasy|romance,"adventure|children's|comedy|fantasy|romance kid in king arthur's court, a"
259,Kiss of Death (1995),Crime|Drama|Thriller,1995,Kiss of Death,3,1990,2.843137254901961,102,1.01225263976793,Popular,crime|drama|thriller,crime|drama|thriller kiss of death
260,Star Wars: Episode IV - A New Hope (1977),Action|Adventure|Fantasy|Sci-Fi,1977,Star Wars: Episode IV - A New Hope,4,1970,4.453694416583082,2991,0.8007806969749861,Blockbuster,action|adventure|fantasy|scifi,action|adventure|fantasy|sci-fi star wars: episode iv - a new hope
261,Little Women (1994),Drama,1994,Little Women,1,1990,3.6491228070175437,285,0.932421277690875,Blockbuster,drama,drama little women
262,"Little Princess, A (1995)",Children's|Drama,1995,"Little Princess, A",2,1990,3.872093023255814,172,0.9887852033837138,Popular,childrens|drama,"children's|drama little princess, a"
263,Ladybird Ladybird (1994),Drama,1994,Ladybird Ladybird,1,1990,3.857142857142857,28,1.0079052613579393,Moderate,drama,drama ladybird ladybird
264,"Enfer, L' (1994)",Drama,1994,"Enfer, L'",1,1990,3.2,5,1.3038404810405297,Niche,drama,"drama enfer, l'"
265,Like Water for Chocolate (Como agua para chocolate) (1992),Drama|Romance,1992,Like Water for Chocolate (Como agua para chocolate),2,1990,3.9326424870466323,772,1.0009706115288899,Blockbuster,drama|romance,drama|romance like water for chocolate (como agua para chocolate)
266,Legends of the Fall (1994),Drama|Romance|War|Western,1994,Legends of the Fall,4,1990,3.425531914893617,705,1.0912490403593058,Blockbuster,drama|romance|war|western,drama|romance|war|western legends of the fall
267,Major Payne (1994),Comedy,1994,Major Payne,1,1990,2.7285714285714286,140,1.2282224222844416,Popular,comedy,comedy major payne
268,Little Odessa (1994),Drama,1994,Little Odessa,1,1990,3.3703703703703702,54,0.8533241613762846,Popular,drama,drama little odessa
269,My Crazy Life (Mi vida loca) (1993),Drama,1993,My Crazy Life (Mi vida loca),1,1990,3.5272727272727273,55,0.8131909131805773,Popular,drama,drama my crazy life (mi vida loca)
270,Love Affair (1994),Drama|Romance,1994,Love Affair,2,1990,3.037974683544304,79,1.0794471278923126,Popular,drama|romance,drama|romance love affair
271,Losing Isaiah (1995),Drama,1995,Losing Isaiah,1,1990,3.142857142857143,63,0.9307843181986941,Popular,drama,drama losing isaiah
272,"Madness of King George, The (1994)",Drama,1994,"Madness of King George, The",1,1990,3.7258485639686683,383,0.8835525910751305,Blockbuster,drama,"drama madness of king george, the"
273,Mary Shelley's Frankenstein (1994),Drama|Horror,1994,Mary Shelley's Frankenstein,2,1990,2.8975409836065573,244,1.0819098427218659,Blockbuster,drama|horror,drama|horror mary shelley's frankenstein
274,Man of the House (1995),Comedy,1995,Man of the House,1,1990,2.375,24,1.0134958870382642,Moderate,comedy,comedy man of the house
275,Mixed Nuts (1994),Comedy,1994,Mixed Nuts,1,1990,2.5375,80,1.0304693535508929,Popular,comedy,comedy mixed nuts
276,Milk Money (1994),Comedy|Romance,1994,Milk Money,2,1990,2.692982456140351,228,0.9855984383252557,Blockbuster,comedy|romance,comedy|romance milk money
277,Miracle on 34th Street (1994),Drama,1994,Miracle on 34th Street,1,1990,3.1823529411764704,170,0.958756155557658,Popular,drama,drama miracle on 34th street
278,Miami Rhapsody (1995),Comedy,1995,Miami Rhapsody,1,1990,2.75,40,0.9540735874430284,Moderate,comedy,comedy miami rhapsody
279,My Family (1995),Drama,1995,My Family,1,1990,3.717391304347826,46,0.9812247104344396,Moderate,drama,drama my family
280,Murder in the First (1995),Drama|Thriller,1995,Murder in the First,2,1990,3.5707547169811322,212,0.8596777728895829,Blockbuster,drama|thriller,drama|thriller murder in the first
281,Nobody's Fool (1994),Drama,1994,Nobody's Fool,1,1990,3.648068669527897,233,0.853849374236967,Blockbuster,drama,drama nobody's fool
282,Nell (1994),Drama,1994,Nell,1,1990,3.2232558139534886,215,1.1133928128691828,Blockbuster,drama,drama nell
283,New Jersey Drive (1995),Crime|Drama,1995,New Jersey Drive,2,1990,3.0,18,1.0289915108550531,Moderate,crime|drama,crime|drama new jersey drive
287,Nina Takes a Lover (1994),Comedy|Romance,1994,Nina Takes a Lover,2,1990,2.9047619047619047,21,0.9952267030562385,Moderate,comedy|romance,comedy|romance nina takes a lover
288,Natural Born Killers (1994),Action|Thriller,1994,Natural Born Killers,2,1990,3.144285714285714,700,1.3071976069005842,Blockbuster,action|thriller,action|thriller natural born killers
289,Only You (1994),Comedy|Romance,1994,Only You,2,1990,3.3417721518987342,158,0.9222801424352429,Popular,comedy|romance,comedy|romance only you
290,Once Were Warriors (1994),Crime|Drama,1994,Once Were Warriors,2,1990,3.9166666666666665,168,0.9503649892406871,Popular,crime|drama,crime|drama once were warriors
291,Poison Ivy II (1995),Thriller,1995,Poison Ivy II,1,1990,2.2083333333333335,48,0.9884079899565409,Moderate,thriller,thriller poison ivy ii
292,Outbreak (1995),Action|Drama|Thriller,1995,Outbreak,3,1990,3.2687585266030013,733,0.9321625440612977,Blockbuster,action|drama|thriller,action|drama|thriller outbreak
293,"Professional, The (a.k.a. Leon: The Professional) (1994)",Crime|Drama|Romance|Thriller,1994,"Professional, The (a.k.a. Leon: The Professional)",4,1990,4.106175514626218,923,0.8610609908123412,Blockbuster,crime|drama|romance|thriller,"crime|drama|romance|thriller professional, the (a.k.a. leon: the professional)"
294,"Perez Family, The (1995)",Comedy|Romance,1995,"Perez Family, The",2,1990,3.0952380952380953,42,0.9830148699846392,Moderate,comedy|romance,"comedy|romance perez family, the"
295,"Pyromaniac's Love Story, A (1995)",Comedy|Romance,1995,"Pyromaniac's Love Story, A",2,1990,2.7586206896551726,29,0.8304547985373997,Moderate,comedy|romance,"comedy|romance pyromaniac's love story, a"
296,Pulp Fiction (1994),Crime|Drama,1994,Pulp Fiction,2,1990,4.278212805158913,2171,0.979974481395399,Blockbuster,crime|drama,crime|drama pulp fiction
297,Panther (1995),Drama,1995,Panther,1,1990,3.107142857142857,28,1.2863754913562,Moderate,drama,drama panther
298,Pushing Hands (1992),Comedy,1992,Pushing Hands,1,1990,3.9130434782608696,23,0.668311541278118,Moderate,comedy,comedy pushing hands
299,Priest (1994),Drama,1994,Priest,1,1990,3.664335664335664,143,1.0066263271901532,Popular,drama,drama priest
300,Quiz Show (1994),Drama,1994,Quiz Show,1,1990,3.7588652482269502,705,0.8109750481310553,Blockbuster,drama,drama quiz show
301,Picture Bride (1995),Drama|Romance,1995,Picture Bride,2,1990,3.302325581395349,43,0.9394751250142216,Moderate,drama|romance,drama|romance picture bride
302,Queen Margot (La Reine Margot) (1994),Drama|Romance,1994,Queen Margot (La Reine Margot),2,1990,3.813953488372093,86,0.9642019303637077,Popular,drama|romance,drama|romance queen margot (la reine margot)
303,"Quick and the Dead, The (1995)",Action|Adventure|Western,1995,"Quick and the Dead, The",3,1990,2.9760765550239237,418,0.9936980872527064,Blockbuster,action|adventure|western,"action|adventure|western quick and the dead, the"
304,Roommates (1995),Comedy|Drama,1995,Roommates,2,1990,3.142857142857143,35,1.0611552290631505,Moderate,comedy|drama,comedy|drama roommates
305,Ready to Wear (Pret-A-Porter) (1994),Comedy,1994,Ready to Wear (Pret-A-Porter),1,1990,2.5039370078740157,127,1.0302874906844293,Popular,comedy,comedy ready to wear (pret-a-porter)
306,Three Colors: Red (1994),Drama,1994,Three Colors: Red,1,1990,4.227544910179641,334,0.8780037876513817,Blockbuster,drama,drama three colors: red
307,Three Colors: Blue (1993),Drama,1993,Three Colors: Blue,1,1990,4.098765432098766,243,0.935148438364375,Blockbuster,drama,drama three colors: blue
308,Three Colors: White (1994),Drama,1994,Three Colors: White,1,1990,3.9653465346534653,202,0.9270866627836444,Blockbuster,drama,drama three colors: white
309,"Red Firecracker, Green Firecracker (1994)",Drama,1994,"Red Firecracker, Green Firecracker",1,1990,3.6875,48,1.0945950383006222,Moderate,drama,"drama red firecracker, green firecracker"
310,Rent-a-Kid (1995),Comedy,1995,Rent-a-Kid,1,1990,2.6666666666666665,6,1.2110601416389968,Niche,comedy,comedy rent-a-kid
312,Stuart Saves His Family (1995),Comedy,1995,Stuart Saves His Family,1,1990,2.4375,112,1.1051170905310368,Popular,comedy,comedy stuart saves his family
313,"Swan Princess, The (1994)",Animation|Children's,1994,"Swan Princess, The",2,1990,2.888888888888889,54,1.1601344532792457,Popular,animation|childrens,"animation|children's swan princess, the"
314,"Secret of Roan Inish, The (1994)",Drama,1994,"Secret of Roan Inish, The",1,1990,3.85,300,0.9436462406139011,Blockbuster,drama,"drama secret of roan inish, the"
315,"Specialist, The (1994)",Action,1994,"Specialist, The",1,1990,2.65359477124183,153,1.199343358927734,Popular,action,"action specialist, the"
316,Stargate (1994),Action|Adventure|Sci-Fi,1994,Stargate,3,1990,3.490143369175627,1116,1.0017435817823293,Blockbuster,action|adventure|scifi,action|adventure|sci-fi stargate
317,"Santa Clause, The (1994)",Children's|Comedy|Fantasy,1994,"Santa Clause, The",3,1990,3.1918876755070205,641,1.0242358553397233,Blockbuster,childrens|comedy|fantasy,"children's|comedy|fantasy santa clause, the"
318,"Shawshank Redemption, The (1994)",Drama,1994,"Shawshank Redemption, The",1,1990,4.554557700942973,2227,0.7004430760926295,Blockbuster,drama,"drama shawshank redemption, the"
319,Shallow Grave (1994),Thriller,1994,Shallow Grave,1,1990,3.8937728937728937,273,0.8785001714139363,Blockbuster,thriller,thriller shallow grave
320,Suture (1993),Film-Noir|Thriller,1993,Suture,2,1990,3.40625,32,1.0429293422390733,Moderate,filmnoir|thriller,film-noir|thriller suture
321,Strawberry and Chocolate (Fresa y chocolate) (1993),Drama,1993,Strawberry and Chocolate (Fresa y chocolate),1,1990,3.7540983606557377,61,0.9426158232089754,Popular,drama,drama strawberry and chocolate (fresa y chocolate)
322,Swimming with Sharks (1995),Comedy|Drama,1995,Swimming with Sharks,2,1990,3.712918660287081,209,1.006648856968833,Blockbuster,comedy|drama,comedy|drama swimming with sharks
324,"Sum of Us, The (1994)",Comedy,1994,"Sum of Us, The",1,1990,3.9696969696969697,33,0.7699370300894939,Moderate,comedy,"comedy sum of us, the"
325,National Lampoon's Senior Trip (1995),Comedy,1995,National Lampoon's Senior Trip,1,1990,2.4489795918367347,49,1.1736911946539275,Moderate,comedy,comedy national lampoon's senior trip
326,To Live (Huozhe) (1994),Drama,1994,To Live (Huozhe),1,1990,4.344262295081967,61,0.834370938724485,Popular,drama,drama to live (huozhe)
327,Tank Girl (1995),Action|Comedy|Musical|Sci-Fi,1995,Tank Girl,4,1990,2.6145251396648046,358,1.2776953925615253,Blockbuster,action|comedy|musical|scifi,action|comedy|musical|sci-fi tank girl
328,Tales From the Crypt Presents: Demon Knight (1995),Horror,1995,Tales From the Crypt Presents: Demon Knight,1,1990,3.111111111111111,144,1.0518788458986643,Popular,horror,horror tales from the crypt presents: demon knight
329,Star Trek: Generations (1994),Action|Adventure|Sci-Fi,1994,Star Trek: Generations,3,1990,3.3767676767676766,990,0.9657772199581788,Blockbuster,action|adventure|scifi,action|adventure|sci-fi star trek: generations
330,Tales from the Hood (1995),Comedy|Horror,1995,Tales from the Hood,2,1990,2.7315436241610738,149,1.0882099886984096,Popular,comedy|horror,comedy|horror tales from the hood
331,Tom & Viv (1994),Drama,1994,Tom & Viv,1,1990,3.0952380952380953,21,0.8309489698388166,Moderate,drama,drama tom & viv
332,Village of the Damned (1995),Horror|Sci-Fi,1995,Village of the Damned,2,1990,2.546583850931677,161,1.0720908925961348,Popular,horror|scifi,horror|sci-fi village of the damned
333,Tommy Boy (1995),Comedy,1995,Tommy Boy,1,1990,3.502439024390244,410,1.1431710293675899,Blockbuster,comedy,comedy tommy boy
334,Vanya on 42nd Street (1994),Drama,1994,Vanya on 42nd Street,1,1990,3.8596491228070176,114,1.0380137003755614,Popular,drama,drama vanya on 42nd street
335,"Underneath, The (1995)",Mystery|Thriller,1995,"Underneath, The",2,1990,3.4878048780487805,41,0.8978293607226318,Moderate,mystery|thriller,"mystery|thriller underneath, the"
336,"Walking Dead, The (1995)",Drama|War,1995,"Walking Dead, The",2,1990,2.6842105263157894,19,1.1572300058975775,Moderate,drama|war,"drama|war walking dead, the"
337,What's Eating Gilbert Grape (1993),Drama,1993,What's Eating Gilbert Grape,1,1990,3.8412698412698414,693,0.9016199955562345,Blockbuster,drama,drama what's eating gilbert grape
338,Virtuosity (1995),Sci-Fi|Thriller,1995,Virtuosity,2,1990,2.8823529411764706,221,1.0289915108550527,Blockbuster,scifi|thriller,sci-fi|thriller virtuosity
339,While You Were Sleeping (1995),Comedy|Romance,1995,While You Were Sleeping,2,1990,3.49925705794948,673,0.9372020387843009,Blockbuster,comedy|romance,comedy|romance while you were sleeping
340,"War, The (1994)",Adventure|Drama,1994,"War, The",2,1990,3.2738095238095237,84,0.9359125496706922,Popular,adventure|drama,"adventure|drama war, the"
341,Double Happiness (1994),Drama,1994,Double Happiness,1,1990,3.838709677419355,31,1.0359142240407229,Moderate,drama,drama double happiness
342,Muriel's Wedding (1994),Comedy|Romance,1994,Muriel's Wedding,2,1990,3.6776061776061777,518,0.9962795701682758,Blockbuster,comedy|romance,comedy|romance muriel's wedding
343,"Baby-Sitters Club, The (1995)",Children's,1995,"Baby-Sitters Club, The",1,1990,2.4285714285714284,42,1.2905445464922303,Moderate,childrens,"children's baby-sitters club, the"
344,Ace Ventura: Pet Detective (1994),Comedy,1994,Ace Ventura: Pet Detective,1,1990,3.1488250652741514,766,1.1404814615455532,Blockbuster,comedy,comedy ace ventura: pet detective
345,"Adventures of Priscilla, Queen of the Desert, The (1994)",Comedy|Drama,1994,"Adventures of Priscilla, Queen of the Desert, The",2,1990,3.8059701492537314,469,1.0099328102197245,Blockbuster,comedy|drama,"comedy|drama adventures of priscilla, queen of the desert, the"
346,Backbeat (1993),Drama|Musical,1993,Backbeat,2,1990,3.525,120,0.9523301807195043,Popular,drama|musical,drama|musical backbeat
347,Bitter Moon (1992),Drama,1992,Bitter Moon,1,1990,3.1739130434782608,46,1.1982273541655322,Moderate,drama,drama bitter moon
348,Bullets Over Broadway (1994),Comedy,1994,Bullets Over Broadway,1,1990,3.698901098901099,455,0.9500167521702316,Blockbuster,comedy,comedy bullets over broadway
349,Clear and Present Danger (1994),Action|Adventure|Thriller,1994,Clear and Present Danger,3,1990,3.7261567516525025,1059,0.8241312421745645,Blockbuster,action|adventure|thriller,action|adventure|thriller clear and present danger
350,"Client, The (1994)",Drama|Mystery|Thriller,1994,"Client, The",3,1990,3.392233009708738,515,0.8741520983937164,Blockbuster,drama|mystery|thriller,"drama|mystery|thriller client, the"
351,"Corrina, Corrina (1994)",Comedy|Drama|Romance,1994,"Corrina, Corrina",3,1990,3.342412451361868,257,1.0305257007199569,Blockbuster,comedy|drama|romance,"comedy|drama|romance corrina, corrina"
352,Crooklyn (1994),Comedy,1994,Crooklyn,1,1990,3.134453781512605,119,1.1269004268338398,Popular,comedy,comedy crooklyn
353,"Crow, The (1994)",Action|Romance|Thriller,1994,"Crow, The",3,1990,3.4455040871934606,734,1.092776832342209,Blockbuster,action|romance|thriller,"action|romance|thriller crow, the"
354,Cobb (1994),Drama,1994,Cobb,1,1990,3.1791044776119404,67,0.9680560516943589,Popular,drama,drama cobb
355,"Flintstones, The (1994)",Children's|Comedy,1994,"Flintstones, The",2,1990,2.352059925093633,267,1.0128987046438394,Blockbuster,childrens|comedy,"children's|comedy flintstones, the"
356,Forrest Gump (1994),Comedy|Romance|War,1994,Forrest Gump,3,1990,4.087967183226983,2194,1.0106641443142517,Blockbuster,comedy|romance|war,comedy|romance|war forrest gump
357,Four Weddings and a Funeral (1994),Comedy|Romance,1994,Four Weddings and a Funeral,2,1990,3.7437145174371453,1233,0.9341178331590507,Blockbuster,comedy|romance,comedy|romance four weddings and a funeral
358,Higher Learning (1995),Drama,1995,Higher Learning,1,1990,3.1702127659574466,141,1.0754231513256978,Popular,drama,drama higher learning
359,I Like It Like That (1994),Comedy|Drama|Romance,1994,I Like It Like That,3,1990,3.210526315789474,19,0.8549819600709619,Moderate,comedy|drama|romance,comedy|drama|romance i like it like that
360,I Love Trouble (1994),Action|Comedy,1994,I Love Trouble,2,1990,2.4960629921259843,127,1.104636805556911,Popular,action|comedy,action|comedy i love trouble
361,It Could Happen to You (1994),Drama|Romance,1994,It Could Happen to You,2,1990,3.421641791044776,268,0.8640867916854876,Blockbuster,drama|romance,drama|romance it could happen to you
362,"Jungle Book, The (1994)",Adventure|Children's|Romance,1994,"Jungle Book, The",3,1990,3.3640167364016738,239,0.9816179063181509,Blockbuster,adventure|childrens|romance,"adventure|children's|romance jungle book, the"
363,"Wonderful, Horrible Life of Leni Riefenstahl, The (Die Macht der Bilder) (1993)",Documentary,1993,"Wonderful, Horrible Life of Leni Riefenstahl, The (Die Macht der Bilder)",1,1990,4.258064516129032,62,0.8084691843224097,Popular,documentary,"documentary wonderful, horrible life of leni riefenstahl, the (die macht der bilder)"
364,"Lion King, The (1994)",Animation|Children's|Musical,1994,"Lion King, The",3,1990,3.8608385370205176,1121,0.9646848170401868,Blockbuster,animation|childrens|musical,"animation|children's|musical lion king, the"
365,Little Buddha (1993),Drama,1993,Little Buddha,1,1990,3.1690140845070425,71,0.9409101291979824,Popular,drama,drama little buddha
366,Wes Craven's New Nightmare (1994),Horror,1994,Wes Craven's New Nightmare,1,1990,2.8207171314741037,251,1.2376304309709492,Blockbuster,horror,horror wes craven's new nightmare
367,"Mask, The (1994)",Comedy|Crime|Fantasy,1994,"Mask, The",3,1990,3.279050042408821,1179,1.027298258255865,Blockbuster,comedy|crime|fantasy,"comedy|crime|fantasy mask, the"
368,Maverick (1994),Action|Comedy|Western,1994,Maverick,3,1990,3.5236907730673317,802,0.955991602583092,Blockbuster,action|comedy|western,action|comedy|western maverick
369,Mrs. Parker and the Vicious Circle (1994),Drama,1994,Mrs. Parker and the Vicious Circle,1,1990,3.310344827586207,58,0.9770506379831615,Popular,drama,drama mrs. parker and the vicious circle
370,Naked Gun 33 1/3: The Final Insult (1994),Comedy,1994,Naked Gun 33 1/3: The Final Insult,1,1990,2.8980582524271843,412,1.0529976288343472,Blockbuster,comedy,comedy naked gun 33 1/3: the final insult
371,"Paper, The (1994)",Comedy|Drama,1994,"Paper, The",2,1990,3.1792452830188678,212,0.9163824385453526,Blockbuster,comedy|drama,"comedy|drama paper, the"
372,Reality Bites (1994),Comedy|Drama,1994,Reality Bites,2,1990,3.1542056074766354,428,0.9456202874930113,Blockbuster,comedy|drama,comedy|drama reality bites
373,Red Rock West (1992),Thriller,1992,Red Rock West,1,1990,3.856589147286822,258,0.817355035873489,Blockbuster,thriller,thriller red rock west
374,Richie Rich (1994),Children's|Comedy,1994,Richie Rich,2,1990,2.1147540983606556,183,1.049830347190184,Popular,childrens|comedy,children's|comedy richie rich
375,Safe Passage (1994),Drama,1994,Safe Passage,1,1990,3.2941176470588234,17,0.8488746876271654,Moderate,drama,drama safe passage
376,"River Wild, The (1994)",Action|Thriller,1994,"River Wild, The",2,1990,3.2457142857142856,350,0.8874621287025681,Blockbuster,action|thriller,"action|thriller river wild, the"
377,Speed (1994),Action|Romance|Thriller,1994,Speed,3,1990,3.5654545454545454,1650,0.9649500026610085,Blockbuster,action|romance|thriller,action|romance|thriller speed
378,Speechless (1994),Comedy|Romance,1994,Speechless,2,1990,2.892857142857143,140,0.9869393760322877,Popular,comedy|romance,comedy|romance speechless
379,Timecop (1994),Action|Sci-Fi,1994,Timecop,2,1990,2.889908256880734,436,1.015642706125722,Blockbuster,action|scifi,action|sci-fi timecop
380,True Lies (1994),Action|Adventure|Comedy|Romance,1994,True Lies,4,1990,3.6342857142857143,1400,0.9387055882192398,Blockbuster,action|adventure|comedy|romance,action|adventure|comedy|romance true lies
381,When a Man Loves a Woman (1994),Drama,1994,When a Man Loves a Woman,1,1990,3.2606635071090047,211,1.043491180305906,Blockbuster,drama,drama when a man loves a woman
382,Wolf (1994),Drama|Horror,1994,Wolf,2,1990,2.9338235294117645,272,1.0812197968896158,Blockbuster,drama|horror,drama|horror wolf
383,Wyatt Earp (1994),Western,1994,Wyatt Earp,1,1990,3.2666666666666666,270,0.9222568084963338,Blockbuster,western,western wyatt earp
384,Bad Company (1995),Action,1995,Bad Company,1,1990,2.9,40,1.0076629473115577,Moderate,action,action bad company
385,"Man of No Importance, A (1994)",Drama,1994,"Man of No Importance, A",1,1990,3.4,10,0.8432740427115678,Niche,drama,"drama man of no importance, a"
386,S.F.W. (1994),Drama,1994,S.F.W.,1,1990,2.6,30,1.1626367179523598,Moderate,drama,drama s.f.w.
387,"Low Down Dirty Shame, A (1994)",Action|Comedy,1994,"Low Down Dirty Shame, A",2,1990,2.7450980392156863,102,0.9818781206231727,Popular,action|comedy,"action|comedy low down dirty shame, a"
388,Boys Life (1995),Drama,1995,Boys Life,1,1990,3.6391752577319587,97,0.9149859631244496,Popular,drama,drama boys life
389,"Colonel Chabert, Le (1994)",Drama|Romance|War,1994,"Colonel Chabert, Le",3,1990,3.7,20,0.8645047258706174,Moderate,drama|romance|war,"drama|romance|war colonel chabert, le"
390,Faster Pussycat! Kill! Kill! (1965),Action|Comedy|Drama,1965,Faster Pussycat! Kill! Kill!,3,1960,3.542372881355932,59,1.1036309024792084,Popular,action|comedy|drama,action|comedy|drama faster pussycat! kill! kill!
391,Jason's Lyric (1994),Crime|Drama,1994,Jason's Lyric,2,1990,3.275,40,1.0124228365658292,Moderate,crime|drama,crime|drama jason's lyric
392,"Secret Adventures of Tom Thumb, The (1993)",Adventure|Children's,1993,"Secret Adventures of Tom Thumb, The",2,1990,2.8,25,1.224744871391589,Moderate,adventure|childrens,"adventure|children's secret adventures of tom thumb, the"
393,Street Fighter (1994),Action,1994,Street Fighter,1,1990,1.8571428571428572,105,0.994490316197694,Popular,action,action street fighter
394,Coldblooded (1995),Action,1995,Coldblooded,1,1990,3.6666666666666665,18,1.0289915108550531,Moderate,action,action coldblooded
397,"Fear, The (1995)",Horror,1995,"Fear, The",1,1990,2.4166666666666665,12,1.0836246694508316,Moderate,horror,"horror fear, the"
405,Highlander III: The Sorcerer (1994),Action|Sci-Fi,1994,Highlander III: The Sorcerer,2,1990,2.123152709359606,203,1.1299723607108034,Blockbuster,action|scifi,action|sci-fi highlander iii: the sorcerer
406,Federal Hill (1994),Drama,1994,Federal Hill,1,1990,3.625,8,0.7440238091428449,Niche,drama,drama federal hill
407,In the Mouth of Madness (1995),Horror|Thriller,1995,In the Mouth of Madness,2,1990,2.911917098445596,193,1.2363896337420786,Popular,horror|thriller,horror|thriller in the mouth of madness
408,8 Seconds (1994),Drama,1994,8 Seconds,1,1990,3.3194444444444446,72,1.12370600246181,Popular,drama,drama 8 seconds
409,Above the Rim (1994),Drama,1994,Above the Rim,1,1990,3.020408163265306,49,0.9239813291396309,Moderate,drama,drama above the rim
410,Addams Family Values (1993),Comedy,1993,Addams Family Values,1,1990,2.9071274298056156,463,1.0139785761990072,Blockbuster,comedy,comedy addams family values
411,You So Crazy (1994),Comedy,1994,You So Crazy,1,1990,2.6153846153846154,13,1.4455945454184551,Moderate,comedy,comedy you so crazy
412,"Age of Innocence, The (1993)",Drama,1993,"Age of Innocence, The",1,1990,3.559322033898305,295,0.9197601439897469,Blockbuster,drama,"drama age of innocence, the"
413,Airheads (1994),Comedy,1994,Airheads,1,1990,2.5306122448979593,245,1.034289984076479,Blockbuster,comedy,comedy airheads
414,"Air Up There, The (1994)",Comedy,1994,"Air Up There, The",1,1990,2.6555555555555554,90,1.0074008285996048,Popular,comedy,"comedy air up there, the"
415,Another Stakeout (1993),Comedy|Thriller,1993,Another Stakeout,2,1990,2.4804469273743015,179,0.9200682810696137,Popular,comedy|thriller,comedy|thriller another stakeout
416,Bad Girls (1994),Western,1994,Bad Girls,1,1990,2.4269662921348316,89,1.0540790945119973,Popular,western,western bad girls
417,Barcelona (1994),Comedy|Romance,1994,Barcelona,2,1990,3.485576923076923,208,1.0261242938932997,Blockbuster,comedy|romance,comedy|romance barcelona
418,Being Human (1993),Drama,1993,Being Human,1,1990,2.5172413793103448,29,1.0895834608815431,Moderate,drama,drama being human
419,"Beverly Hillbillies, The (1993)",Comedy,1993,"Beverly Hillbillies, The",1,1990,2.1923076923076925,156,0.9713003230813148,Popular,comedy,"comedy beverly hillbillies, the"
420,Beverly Hills Cop III (1994),Action|Comedy,1994,Beverly Hills Cop III,2,1990,2.5056818181818183,352,1.0294642707722714,Blockbuster,action|comedy,action|comedy beverly hills cop iii
421,Black Beauty (1994),Adventure|Children's,1994,Black Beauty,2,1990,3.3617021276595747,94,1.0761446901736647,Popular,adventure|childrens,adventure|children's black beauty
422,Blink (1994),Thriller,1994,Blink,1,1990,3.1228070175438596,57,0.9462364442998923,Popular,thriller,thriller blink
423,Blown Away (1994),Action|Thriller,1994,Blown Away,2,1990,3.1085972850678734,221,0.9327224695831674,Blockbuster,action|thriller,action|thriller blown away
424,Blue Chips (1994),Drama,1994,Blue Chips,1,1990,2.6,75,0.9863939238321435,Popular,drama,drama blue chips
425,Blue Sky (1994),Drama|Romance,1994,Blue Sky,2,1990,3.6095238095238096,105,0.8491538559426499,Popular,drama|romance,drama|romance blue sky
426,Body Snatchers (1993),Horror|Sci-Fi|Thriller,1993,Body Snatchers,3,1990,3.0817843866171004,269,0.9777386785264531,Blockbuster,horror|scifi|thriller,horror|sci-fi|thriller body snatchers
427,Boxing Helena (1993),Mystery|Romance|Thriller,1993,Boxing Helena,3,1990,2.3674698795180724,166,1.0970603622778454,Popular,mystery|romance|thriller,mystery|romance|thriller boxing helena
428,"Bronx Tale, A (1993)",Drama,1993,"Bronx Tale, A",1,1990,3.931558935361217,263,0.8622004089406875,Blockbuster,drama,"drama bronx tale, a"
429,Cabin Boy (1994),Comedy,1994,Cabin Boy,1,1990,2.379679144385027,187,1.1914633199283764,Popular,comedy,comedy cabin boy
430,Calendar Girl (1993),Drama,1993,Calendar Girl,1,1990,2.4166666666666665,24,0.880546602310508,Moderate,drama,drama calendar girl
431,Carlito's Way (1993),Crime|Drama,1993,Carlito's Way,2,1990,3.6910569105691056,369,0.8734932489673384,Blockbuster,crime|drama,crime|drama carlito's way
432,City Slickers II: The Legend of Curly's Gold (1994),Comedy|Western,1994,City Slickers II: The Legend of Curly's Gold,2,1990,2.579081632653061,392,0.9562668107112762,Blockbuster,comedy|western,comedy|western city slickers ii: the legend of curly's gold
433,Clean Slate (1994),Comedy,1994,Clean Slate,1,1990,2.7916666666666665,48,0.9443749105261141,Moderate,comedy,comedy clean slate
434,Cliffhanger (1993),Action|Adventure|Crime,1993,Cliffhanger,3,1990,3.0845481049562684,686,1.02030209488946,Blockbuster,action|adventure|crime,action|adventure|crime cliffhanger
435,Coneheads (1993),Comedy|Sci-Fi,1993,Coneheads,2,1990,2.6060037523452158,533,1.05778601599047,Blockbuster,comedy|scifi,comedy|sci-fi coneheads
436,Color of Night (1994),Drama|Thriller,1994,Color of Night,2,1990,2.652482269503546,141,1.062247049572858,Popular,drama|thriller,drama|thriller color of night
437,Cops and Robbersons (1994),Comedy,1994,Cops and Robbersons,1,1990,2.046875,64,0.9159900099961235,Popular,comedy,comedy cops and robbersons
438,"Cowboy Way, The (1994)",Action|Comedy,1994,"Cowboy Way, The",2,1990,2.625,152,1.0217016062361015,Popular,action|comedy,"action|comedy cowboy way, the"
440,Dave (1993),Comedy|Romance,1993,Dave,2,1990,3.811181434599156,948,0.8059975007843329,Blockbuster,comedy|romance,comedy|romance dave
441,Dazed and Confused (1993),Comedy,1993,Dazed and Confused,1,1990,3.6936236391912907,643,1.0266267062362304,Blockbuster,comedy,comedy dazed and confused
442,Demolition Man (1993),Action|Sci-Fi,1993,Demolition Man,2,1990,2.9921875,640,1.0428690243910923,Blockbuster,action|scifi,action|sci-fi demolition man
443,"Endless Summer 2, The (1994)",Documentary,1994,"Endless Summer 2, The",1,1990,3.3870967741935485,31,1.054432528419551,Moderate,documentary,"documentary endless summer 2, the"
444,Even Cowgirls Get the Blues (1993),Comedy|Romance,1993,Even Cowgirls Get the Blues,2,1990,2.2962962962962963,81,1.100504934614612,Popular,comedy|romance,comedy|romance even cowgirls get the blues
445,Fatal Instinct (1993),Comedy,1993,Fatal Instinct,1,1990,2.61,100,1.0720979150217296,Popular,comedy,comedy fatal instinct
446,Farewell My Concubine (1993),Drama|Romance,1993,Farewell My Concubine,2,1990,4.082677165354331,254,0.8510950387183933,Blockbuster,drama|romance,drama|romance farewell my concubine
447,"Favor, The (1994)",Comedy|Romance,1994,"Favor, The",2,1990,2.4838709677419355,31,0.8896054459491385,Moderate,comedy|romance,"comedy|romance favor, the"
448,Fearless (1993),Drama,1993,Fearless,1,1990,3.6008771929824563,228,1.0339604039858528,Blockbuster,drama,drama fearless
449,Fear of a Black Hat (1993),Comedy,1993,Fear of a Black Hat,1,1990,3.6619718309859155,71,1.1945550513156529,Popular,comedy,comedy fear of a black hat
450,With Honors (1994),Comedy|Drama,1994,With Honors,2,1990,3.280701754385965,228,0.9434099919231008,Blockbuster,comedy|drama,comedy|drama with honors
451,Flesh and Bone (1993),Drama|Mystery|Romance,1993,Flesh and Bone,3,1990,3.150943396226415,106,0.9236826174167616,Popular,drama|mystery|romance,drama|mystery|romance flesh and bone
452,Widows' Peak (1994),Drama,1994,Widows' Peak,1,1990,3.289473684210526,38,0.8976815403791097,Moderate,drama,drama widows' peak
453,For Love or Money (1993),Comedy,1993,For Love or Money,1,1990,3.2238805970149254,67,0.8315902167276944,Popular,comedy,comedy for love or money
454,"Firm, The (1993)",Drama|Thriller,1993,"Firm, The",2,1990,3.5473300970873787,824,0.8294064737388674,Blockbuster,drama|thriller,"drama|thriller firm, the"
455,Free Willy (1993),Adventure|Children's|Drama,1993,Free Willy,3,1990,2.5894736842105264,285,1.0464029955321048,Blockbuster,adventure|childrens|drama,adventure|children's|drama free willy
456,Fresh (1994),Drama,1994,Fresh,1,1990,4.0,93,0.8209220690651828,Popular,drama,drama fresh
457,"Fugitive, The (1993)",Action|Thriller,1993,"Fugitive, The",2,1990,4.103258145363409,1995,0.7727586160396784,Blockbuster,action|thriller,"action|thriller fugitive, the"
458,Geronimo: An American Legend (1993),Drama|Western,1993,Geronimo: An American Legend,2,1990,3.2758620689655173,87,0.9846455527116033,Popular,drama|western,drama|western geronimo: an american legend
459,"Getaway, The (1994)",Action,1994,"Getaway, The",1,1990,2.832167832167832,143,0.9999015020928415,Popular,action,"action getaway, the"
460,Getting Even with Dad (1994),Comedy,1994,Getting Even with Dad,1,1990,2.263157894736842,38,1.0573861328081184,Moderate,comedy,comedy getting even with dad
461,Go Fish (1994),Drama|Romance,1994,Go Fish,2,1990,3.2790697674418605,86,1.0699220729259036,Popular,drama|romance,drama|romance go fish
462,"Good Man in Africa, A (1994)",Action|Adventure,1994,"Good Man in Africa, A",2,1990,2.642857142857143,28,1.0959280090672932,Moderate,action|adventure,"action|adventure good man in africa, a"
463,Guilty as Sin (1993),Crime|Drama|Thriller,1993,Guilty as Sin,3,1990,2.74468085106383,47,0.9661237004780221,Moderate,crime|drama|thriller,crime|drama|thriller guilty as sin
464,Hard Target (1993),Action|Adventure|Crime|Thriller,1993,Hard Target,4,1990,2.7824074074074074,216,1.0315333994483324,Blockbuster,action|adventure|crime|thriller,action|adventure|crime|thriller hard target
465,Heaven & Earth (1993),Action|Drama|War,1993,Heaven & Earth,3,1990,3.3142857142857145,105,1.1292806229076657,Popular,action|drama|war,action|drama|war heaven & earth
466,Hot Shots! Part Deux (1993),Action|Comedy|War,1993,Hot Shots! Part Deux,3,1990,2.7958115183246073,573,1.075075170281226,Blockbuster,action|comedy|war,action|comedy|war hot shots! part deux
467,Live Nude Girls (1995),Comedy,1995,Live Nude Girls,1,1990,3.2037037037037037,54,1.0164612982939487,Popular,comedy,comedy live nude girls
468,"Englishman Who Went Up a Hill, But Came Down a Mountain, The (1995)",Comedy|Romance,1995,"Englishman Who Went Up a Hill, But Came Down a Mountain, The",2,1990,3.2714285714285714,350,0.9351681670234504,Blockbuster,comedy|romance,"comedy|romance englishman who went up a hill, but came down a mountain, the"
469,"House of the Spirits, The (1993)",Drama|Romance,1993,"House of the Spirits, The",2,1990,2.9565217391304346,69,1.21793922634887,Popular,drama|romance,"drama|romance house of the spirits, the"
470,House Party 3 (1994),Comedy,1994,House Party 3,1,1990,1.736842105263158,38,0.9207579288741625,Moderate,comedy,comedy house party 3
471,"Hudsucker Proxy, The (1994)",Comedy|Romance,1994,"Hudsucker Proxy, The",2,1990,3.631051752921536,599,1.0324682551953128,Blockbuster,comedy|romance,"comedy|romance hudsucker proxy, the"
472,I'll Do Anything (1994),Comedy|Drama,1994,I'll Do Anything,2,1990,2.7045454545454546,44,1.0247982320879003,Moderate,comedy|drama,comedy|drama i'll do anything
473,In the Army Now (1994),Comedy|War,1994,In the Army Now,2,1990,2.225165562913907,151,1.0209288935765874,Popular,comedy|war,comedy|war in the army now
474,In the Line of Fire (1993),Action|Thriller,1993,In the Line of Fire,2,1990,3.825102880658436,972,0.778355160338172,Blockbuster,action|thriller,action|thriller in the line of fire
475,In the Name of the Father (1993),Drama,1993,In the Name of the Father,1,1990,3.9006410256410255,312,0.8293643631895743,Blockbuster,drama,drama in the name of the father
476,"Inkwell, The (1994)",Comedy|Drama,1994,"Inkwell, The",2,1990,2.6857142857142855,35,1.022437358110757,Moderate,comedy|drama,"comedy|drama inkwell, the"
477,What's Love Got to Do with It? (1993),Drama,1993,What's Love Got to Do with It?,1,1990,3.466666666666667,195,0.9153145291566299,Popular,drama,drama what's love got to do with it?
478,Jimmy Hollywood (1994),Comedy,1994,Jimmy Hollywood,1,1990,2.4583333333333335,24,0.8836272412331317,Moderate,comedy,comedy jimmy hollywood
479,Judgment Night (1993),Action,1993,Judgment Night,1,1990,2.7969924812030076,133,0.9828791850310404,Popular,action,action judgment night
480,Jurassic Park (1993),Action|Adventure|Sci-Fi,1993,Jurassic Park,3,1990,3.7638473053892216,2672,0.9697768349391789,Blockbuster,action|adventure|scifi,action|adventure|sci-fi jurassic park
481,Kalifornia (1993),Drama|Thriller,1993,Kalifornia,2,1990,3.380952380952381,294,0.9798887819688726,Blockbuster,drama|thriller,drama|thriller kalifornia
482,Killing Zoe (1994),Thriller,1994,Killing Zoe,1,1990,3.528409090909091,176,1.0525016580793307,Popular,thriller,thriller killing zoe
483,King of the Hill (1993),Drama,1993,King of the Hill,1,1990,3.7432432432432434,74,0.8449821398908633,Popular,drama,drama king of the hill
484,Lassie (1994),Adventure|Children's,1994,Lassie,2,1990,2.6551724137931036,29,1.078221487614989,Moderate,adventure|childrens,adventure|children's lassie
485,Last Action Hero (1993),Action|Comedy,1993,Last Action Hero,2,1990,2.508,500,1.0450455686145752,Blockbuster,action|comedy,action|comedy last action hero
486,Life with Mikey (1993),Comedy,1993,Life with Mikey,1,1990,2.8125,64,1.081958835000168,Popular,comedy,comedy life with mikey
487,Lightning Jack (1994),Comedy|Western,1994,Lightning Jack,2,1990,2.6129032258064515,62,1.1213989902792225,Popular,comedy|western,comedy|western lightning jack
488,M. Butterfly (1993),Drama,1993,M. Butterfly,1,1990,3.3846153846153846,39,0.9628735670236642,Moderate,drama,drama m. butterfly
489,Made in America (1993),Comedy,1993,Made in America,1,1990,2.4742268041237114,97,0.92525653543079,Popular,comedy,comedy made in america
490,Malice (1993),Thriller,1993,Malice,1,1990,3.324324324324324,185,0.94564373215028,Popular,thriller,thriller malice
491,"Man Without a Face, The (1993)",Drama,1993,"Man Without a Face, The",1,1990,3.3160377358490565,212,0.9484971192887804,Blockbuster,drama,"drama man without a face, the"
492,Manhattan Murder Mystery (1993),Comedy|Mystery,1993,Manhattan Murder Mystery,2,1990,3.719402985074627,335,0.8575551528099068,Blockbuster,comedy|mystery,comedy|mystery manhattan murder mystery
493,Menace II Society (1993),Action|Crime|Drama,1993,Menace II Society,3,1990,3.6073825503355703,298,0.9899558851329183,Blockbuster,action|crime|drama,action|crime|drama menace ii society
494,Executive Decision (1996),Action|Thriller,1996,Executive Decision,2,1990,3.3461538461538463,416,0.9185555005548821,Blockbuster,action|thriller,action|thriller executive decision
495,In the Realm of the Senses (Ai no corrida) (1976),Drama,1976,In the Realm of the Senses (Ai no corrida),1,1970,3.380952380952381,42,1.0809296123917653,Moderate,drama,drama in the realm of the senses (ai no corrida)
496,What Happened Was... (1994),Comedy|Drama|Romance,1994,What Happened Was...,3,1990,3.2162162162162162,37,1.3361456826578773,Moderate,comedy|drama|romance,comedy|drama|romance what happened was...
497,Much Ado About Nothing (1993),Comedy|Romance,1993,Much Ado About Nothing,2,1990,4.0,667,0.8802129144558009,Blockbuster,comedy|romance,comedy|romance much ado about nothing
498,Mr. Jones (1993),Drama|Romance,1993,Mr. Jones,2,1990,2.74468085106383,47,0.9883689925806616,Moderate,drama|romance,drama|romance mr. jones
499,Mr. Wonderful (1993),Comedy|Romance,1993,Mr. Wonderful,2,1990,2.7551020408163267,49,0.8786972422498065,Moderate,comedy|romance,comedy|romance mr. wonderful
500,Mrs. Doubtfire (1993),Comedy,1993,Mrs. Doubtfire,1,1990,3.420047732696897,838,0.9862514856464827,Blockbuster,comedy,comedy mrs. doubtfire
501,Naked (1993),Drama,1993,Naked,1,1990,3.606382978723404,94,1.165988298382632,Popular,drama,drama naked
502,"Next Karate Kid, The (1994)",Action|Children's,1994,"Next Karate Kid, The",2,1990,1.935483870967742,155,0.9375113461120429,Popular,action|childrens,"action|children's next karate kid, the"
503,"New Age, The (1994)",Drama,1994,"New Age, The",1,1990,3.6923076923076925,13,1.031553471276484,Moderate,drama,"drama new age, the"
504,No Escape (1994),Action|Sci-Fi,1994,No Escape,2,1990,2.955056179775281,178,1.0673385492649017,Popular,action|scifi,action|sci-fi no escape
505,North (1994),Comedy,1994,North,1,1990,2.4927536231884058,69,1.009122921530741,Popular,comedy,comedy north
506,Orlando (1993),Drama,1993,Orlando,1,1990,3.491228070175439,114,1.1843045383511264,Popular,drama,drama orlando
507,"Perfect World, A (1993)",Action|Drama,1993,"Perfect World, A",2,1990,3.522727272727273,308,0.9182211046576918,Blockbuster,action|drama,"action|drama perfect world, a"
508,Philadelphia (1993),Drama,1993,Philadelphia,1,1990,3.894830659536542,561,0.9031640897745625,Blockbuster,drama,drama philadelphia
509,"Piano, The (1993)",Drama|Romance,1993,"Piano, The",2,1990,3.674342105263158,608,1.12447662132124,Blockbuster,drama|romance,"drama|romance piano, the"
510,Poetic Justice (1993),Drama,1993,Poetic Justice,1,1990,2.4047619047619047,42,0.964226565054738,Moderate,drama,drama poetic justice
511,"Program, The (1993)",Action|Drama,1993,"Program, The",2,1990,3.1052631578947367,152,1.0927690978199494,Popular,action|drama,"action|drama program, the"
512,Robert A. Heinlein's The Puppet Masters (1994),Horror|Sci-Fi,1994,Robert A. Heinlein's The Puppet Masters,2,1990,2.8715083798882683,179,1.1067837114441768,Popular,horror|scifi,horror|sci-fi robert a. heinlein's the puppet masters
513,Radioland Murders (1994),Comedy|Mystery|Romance,1994,Radioland Murders,3,1990,3.1194029850746268,67,0.9617280542305007,Popular,comedy|mystery|romance,comedy|mystery|romance radioland murders
514,"Ref, The (1994)",Comedy,1994,"Ref, The",1,1990,3.531791907514451,346,0.9296255893004172,Blockbuster,comedy,"comedy ref, the"
515,"Remains of the Day, The (1993)",Drama,1993,"Remains of the Day, The",1,1990,3.917777777777778,450,0.9532008878982059,Blockbuster,drama,"drama remains of the day, the"
516,Renaissance Man (1994),Comedy|Drama|War,1994,Renaissance Man,3,1990,2.870967741935484,248,1.0017615410815202,Blockbuster,comedy|drama|war,comedy|drama|war renaissance man
517,Rising Sun (1993),Action|Drama|Mystery,1993,Rising Sun,3,1990,3.175392670157068,382,0.9436188383410524,Blockbuster,action|drama|mystery,action|drama|mystery rising sun
518,"Road to Wellville, The (1994)",Comedy,1994,"Road to Wellville, The",1,1990,2.4563758389261743,149,1.0621448307902555,Popular,comedy,"comedy road to wellville, the"
519,Robocop 3 (1993),Sci-Fi|Thriller,1993,Robocop 3,2,1990,1.9405940594059405,202,0.9391621350887365,Blockbuster,scifi|thriller,sci-fi|thriller robocop 3
520,Robin Hood: Men in Tights (1993),Comedy,1993,Robin Hood: Men in Tights,1,1990,2.93048128342246,374,1.1672388001342444,Blockbuster,comedy,comedy robin hood: men in tights
521,Romeo Is Bleeding (1993),Crime|Thriller,1993,Romeo Is Bleeding,2,1990,3.3675213675213675,117,0.9790767167142249,Popular,crime|thriller,crime|thriller romeo is bleeding
522,Romper Stomper (1992),Action|Drama,1992,Romper Stomper,2,1990,3.566265060240964,83,1.0144417073773955,Popular,action|drama,action|drama romper stomper
523,Ruby in Paradise (1993),Drama,1993,Ruby in Paradise,1,1990,3.658119658119658,117,0.9483415029661826,Popular,drama,drama ruby in paradise
524,Rudy (1993),Drama,1993,Rudy,1,1990,3.615546218487395,476,0.9718619763203257,Blockbuster,drama,drama rudy
525,"Saint of Fort Washington, The (1993)",Drama,1993,"Saint of Fort Washington, The",1,1990,3.1904761904761907,21,1.2090925365350502,Moderate,drama,"drama saint of fort washington, the"
526,"Savage Nights (Nuits fauves, Les) (1992)",Drama,1992,"Savage Nights (Nuits fauves, Les)",1,1990,2.5,8,1.1952286093343936,Niche,drama,"drama savage nights (nuits fauves, les)"
527,Schindler's List (1993),Drama|War,1993,Schindler's List,2,1990,4.510416666666667,2304,0.7638573637007727,Blockbuster,drama|war,drama|war schindler's list
528,"Scout, The (1994)",Drama,1994,"Scout, The",1,1990,2.514705882352941,68,1.0857647014112002,Popular,drama,"drama scout, the"
529,Searching for Bobby Fischer (1993),Drama,1993,Searching for Bobby Fischer,1,1990,3.977777777777778,720,0.8133486854156573,Blockbuster,drama,drama searching for bobby fischer
531,"Secret Garden, The (1993)",Children's|Drama,1993,"Secret Garden, The",2,1990,3.769230769230769,338,0.9621933401031583,Blockbuster,childrens|drama,"children's|drama secret garden, the"
532,Serial Mom (1994),Comedy|Crime|Horror,1994,Serial Mom,3,1990,3.0488431876606685,389,1.222714551655884,Blockbuster,comedy|crime|horror,comedy|crime|horror serial mom
533,"Shadow, The (1994)",Action,1994,"Shadow, The",1,1990,2.7339901477832513,203,0.9990972855738659,Blockbuster,action,"action shadow, the"
534,Shadowlands (1993),Drama|Romance,1993,Shadowlands,2,1990,3.835664335664336,286,0.942702765710369,Blockbuster,drama|romance,drama|romance shadowlands
535,Short Cuts (1993),Drama,1993,Short Cuts,1,1990,3.8172757475083055,301,0.988180425686451,Blockbuster,drama,drama short cuts
536,"Simple Twist of Fate, A (1994)",Drama,1994,"Simple Twist of Fate, A",1,1990,3.1636363636363636,55,1.06742397358966,Popular,drama,"drama simple twist of fate, a"
537,Sirens (1994),Comedy|Drama,1994,Sirens,2,1990,3.077294685990338,207,0.9723439925885695,Blockbuster,comedy|drama,comedy|drama sirens
538,Six Degrees of Separation (1993),Drama,1993,Six Degrees of Separation,1,1990,3.8222222222222224,315,0.8779761840502154,Blockbuster,drama,drama six degrees of separation
539,Sleepless in Seattle (1993),Comedy|Romance,1993,Sleepless in Seattle,2,1990,3.760649087221095,986,0.9598610223980157,Blockbuster,comedy|romance,comedy|romance sleepless in seattle
540,Sliver (1993),Thriller,1993,Sliver,1,1990,2.2189349112426036,169,0.9414382622830967,Popular,thriller,thriller sliver
541,Blade Runner (1982),Film-Noir|Sci-Fi,1982,Blade Runner,2,1980,4.273333333333333,1800,0.8750510189207735,Blockbuster,filmnoir|scifi,film-noir|sci-fi blade runner
542,Son in Law (1993),Comedy,1993,Son in Law,1,1990,2.674757281553398,206,1.1416905263133041,Blockbuster,comedy,comedy son in law
543,So I Married an Axe Murderer (1993),Comedy|Romance|Thriller,1993,So I Married an Axe Murderer,3,1990,3.3841642228739004,682,1.0277707607118487,Blockbuster,comedy|romance|thriller,comedy|romance|thriller so i married an axe murderer
544,Striking Distance (1993),Action,1993,Striking Distance,1,1990,2.643410852713178,129,0.9082817708144306,Popular,action,action striking distance
546,Super Mario Bros. (1993),Action|Adventure|Children's|Sci-Fi,1993,Super Mario Bros.,4,1990,1.8742857142857143,350,1.0441110220866834,Blockbuster,action|adventure|childrens|scifi,action|adventure|children's|sci-fi super mario bros.
547,Surviving the Game (1994),Action|Adventure|Thriller,1994,Surviving the Game,3,1990,2.879032258064516,124,1.032738422524049,Popular,action|adventure|thriller,action|adventure|thriller surviving the game
548,Terminal Velocity (1994),Action,1994,Terminal Velocity,1,1990,2.5474452554744524,137,0.9312452362271211,Popular,action,action terminal velocity
549,Thirty-Two Short Films About Glenn Gould (1993),Documentary,1993,Thirty-Two Short Films About Glenn Gould,1,1990,3.821656050955414,157,1.0771709427547116,Popular,documentary,documentary thirty-two short films about glenn gould
550,Threesome (1994),Comedy|Romance,1994,Threesome,2,1990,3.0168539325842696,178,1.096861053476768,Popular,comedy|romance,comedy|romance threesome
551,"Nightmare Before Christmas, The (1993)",Children's|Comedy|Musical,1993,"Nightmare Before Christmas, The",3,1990,3.717871485943775,996,1.0702565735449991,Blockbuster,childrens|comedy|musical,"children's|comedy|musical nightmare before christmas, the"
552,"Three Musketeers, The (1993)",Action|Adventure|Comedy,1993,"Three Musketeers, The",3,1990,3.2400756143667295,529,0.9947879294476131,Blockbuster,action|adventure|comedy,"action|adventure|comedy three musketeers, the"
553,Tombstone (1993),Western,1993,Tombstone,1,1990,3.8734177215189876,553,1.047027573680702,Blockbuster,western,western tombstone
554,Trial by Jury (1994),Thriller,1994,Trial by Jury,1,1990,2.6153846153846154,26,0.9413574486632834,Moderate,thriller,thriller trial by jury
555,True Romance (1993),Action|Crime|Romance,1993,True Romance,3,1990,3.9285714285714284,658,0.9648643701998023,Blockbuster,action|crime|romance,action|crime|romance true romance
556,"War Room, The (1993)",Documentary,1993,"War Room, The",1,1990,4.2272727272727275,132,0.7675768265092631,Popular,documentary,"documentary war room, the"
558,"Pagemaster, The (1994)",Action|Adventure|Animation|Children's|Fantasy,1994,"Pagemaster, The",5,1990,2.7037037037037037,135,1.1067909378966114,Popular,action|adventure|animation|childrens|fantasy,"action|adventure|animation|children's|fantasy pagemaster, the"
559,"Paris, France (1993)",Comedy,1993,"Paris, France",1,1990,3.0,5,2.0,Niche,comedy,"comedy paris, france"
560,"Beans of Egypt, Maine, The (1994)",Drama,1994,"Beans of Egypt, Maine, The",1,1990,3.625,8,0.5175491695067655,Niche,drama,"drama beans of egypt, maine, the"
561,Killer (Bulletproof Heart) (1994),Thriller,1994,Killer (Bulletproof Heart),1,1990,3.6153846153846154,13,0.9607689228305227,Moderate,thriller,thriller killer (bulletproof heart)
562,Welcome to the Dollhouse (1995),Comedy|Drama,1995,Welcome to the Dollhouse,2,1990,3.799163179916318,478,1.0387862467313727,Blockbuster,comedy|drama,comedy|drama welcome to the dollhouse
563,Germinal (1993),Drama,1993,Germinal,1,1990,3.235294117647059,17,0.9701425001453319,Moderate,drama,drama germinal
564,Chasers (1994),Comedy,1994,Chasers,1,1990,2.2666666666666666,45,0.9629500128629355,Moderate,comedy,comedy chasers
565,Cronos (1992),Horror,1992,Cronos,1,1990,3.1311475409836067,61,1.0874344399558924,Popular,horror,horror cronos
566,Naked in New York (1994),Comedy|Romance,1994,Naked in New York,2,1990,2.923076923076923,13,0.9540735874430286,Moderate,comedy|romance,comedy|romance naked in new york
567,Kika (1993),Drama,1993,Kika,1,1990,3.5714285714285716,14,1.2224996910042534,Moderate,drama,drama kika
568,Bhaji on the Beach (1993),Comedy|Drama,1993,Bhaji on the Beach,2,1990,3.857142857142857,35,0.9121034881575903,Moderate,comedy|drama,comedy|drama bhaji on the beach
569,Little Big League (1994),Children's|Comedy,1994,Little Big League,2,1990,2.93,100,0.9347932305266142,Popular,childrens|comedy,children's|comedy little big league
570,"Slingshot, The (Kådisbellan ) (1993)",Comedy|Drama,1993,"Slingshot, The (Kådisbellan )",2,1990,3.217391304347826,23,1.2776584313476258,Moderate,comedy|drama,"comedy|drama slingshot, the (kådisbellan )"
571,"Wedding Gift, The (1994)",Drama,1994,"Wedding Gift, The",1,1990,3.588235294117647,34,0.8916327229616303,Moderate,drama,"drama wedding gift, the"
573,"Ciao, Professore! (Io speriamo che me la cavo ) (1993)",Drama,1993,"Ciao, Professore! (Io speriamo che me la cavo )",1,1990,3.5238095238095237,21,1.077916862241593,Moderate,drama,"drama ciao, professore! (io speriamo che me la cavo )"
574,Spanking the Monkey (1994),Comedy|Drama,1994,Spanking the Monkey,2,1990,3.4457142857142857,175,1.0373326917149066,Popular,comedy|drama,comedy|drama spanking the monkey
575,"Little Rascals, The (1994)",Children's|Comedy,1994,"Little Rascals, The",2,1990,2.822429906542056,107,1.147705538069774,Popular,childrens|comedy,"children's|comedy little rascals, the"
577,Andre (1994),Adventure|Children's,1994,Andre,2,1990,2.963636363636364,55,1.0534535157112104,Popular,adventure|childrens,adventure|children's andre
580,Princess Caraboo (1994),Drama,1994,Princess Caraboo,1,1990,3.2419354838709675,62,1.0352078095166148,Popular,drama,drama princess caraboo
581,"Celluloid Closet, The (1995)",Documentary,1995,"Celluloid Closet, The",1,1990,4.049645390070922,141,0.8890302994575586,Popular,documentary,"documentary celluloid closet, the"
583,Dear Diary (Caro Diario) (1994),Comedy|Drama,1994,Dear Diary (Caro Diario),2,1990,3.6785714285714284,28,1.1880133254200738,Moderate,comedy|drama,comedy|drama dear diary (caro diario)
585,"Brady Bunch Movie, The (1995)",Comedy,1995,"Brady Bunch Movie, The",1,1990,2.9066985645933014,418,1.0986816211269994,Blockbuster,comedy,"comedy brady bunch movie, the"
586,Home Alone (1990),Children's|Comedy,1990,Home Alone,2,1990,3.1348148148148147,675,1.0831401841561898,Blockbuster,childrens|comedy,children's|comedy home alone
587,Ghost (1990),Comedy|Romance|Thriller,1990,Ghost,3,1990,3.49644128113879,1124,1.0512197745278877,Blockbuster,comedy|romance|thriller,comedy|romance|thriller ghost
588,Aladdin (1992),Animation|Children's|Comedy|Musical,1992,Aladdin,4,1990,3.788304959289415,1351,0.9558611468807213,Blockbuster,animation|childrens|comedy|musical,animation|children's|comedy|musical aladdin
589,Terminator 2: Judgment Day (1991),Action|Sci-Fi|Thriller,1991,Terminator 2: Judgment Day,3,1990,4.058512646281616,2649,0.9048231245063147,Blockbuster,action|scifi|thriller,action|sci-fi|thriller terminator 2: judgment day
590,Dances with Wolves (1990),Adventure|Drama|Western,1990,Dances with Wolves,3,1990,3.9152308752584424,1451,1.019997767968075,Blockbuster,adventure|drama|western,adventure|drama|western dances with wolves
592,Batman (1989),Action|Adventure|Crime|Drama,1989,Batman,4,1980,3.6009783368273935,1431,0.9827742345187289,Blockbuster,action|adventure|crime|drama,action|adventure|crime|drama batman
593,"Silence of the Lambs, The (1991)",Drama|Thriller,1991,"Silence of the Lambs, The",2,1990,4.3518231186966645,2578,0.8315416745983099,Blockbuster,drama|thriller,"drama|thriller silence of the lambs, the"
594,Snow White and the Seven Dwarfs (1937),Animation|Children's|Musical,1937,Snow White and the Seven Dwarfs,3,1930,3.8453473132372213,763,0.9527904748298538,Blockbuster,animation|childrens|musical,animation|children's|musical snow white and the seven dwarfs
595,Beauty and the Beast (1991),Animation|Children's|Musical,1991,Beauty and the Beast,3,1990,3.8858490566037736,1060,1.028942697362756,Blockbuster,animation|childrens|musical,animation|children's|musical beauty and the beast
596,Pinocchio (1940),Animation|Children's,1940,Pinocchio,2,1940,3.751004016064257,498,0.9484971677593032,Blockbuster,animation|childrens,animation|children's pinocchio
597,Pretty Woman (1990),Comedy|Romance,1990,Pretty Woman,2,1990,3.641491395793499,1046,1.0447221069677528,Blockbuster,comedy|romance,comedy|romance pretty woman
598,Window to Paris (1994),Comedy,1994,Window to Paris,1,1990,4.25,8,0.8864052604279182,Niche,comedy,comedy window to paris
599,"Wild Bunch, The (1969)",Western,1969,"Wild Bunch, The",1,1960,4.087121212121212,264,0.9331173725095543,Blockbuster,western,"western wild bunch, the"
600,Love and a .45 (1994),Thriller,1994,Love and a .45,1,1990,3.0,30,1.1141720290623114,Moderate,thriller,thriller love and a .45
602,"Great Day in Harlem, A (1994)",Documentary,1994,"Great Day in Harlem, A",1,1990,4.121951219512195,41,0.979671423264441,Moderate,documentary,"documentary great day in harlem, a"
603,"Bye Bye, Love (1995)",Comedy,1995,"Bye Bye, Love",1,1990,3.0,58,1.0429378208913578,Popular,comedy,"comedy bye bye, love"
605,One Fine Day (1996),Drama|Romance,1996,One Fine Day,2,1990,3.314159292035398,226,0.8961515007469734,Blockbuster,drama|romance,drama|romance one fine day
606,Candyman: Farewell to the Flesh (1995),Horror,1995,Candyman: Farewell to the Flesh,1,1990,2.225806451612903,93,1.043916457781699,Popular,horror,horror candyman: farewell to the flesh
608,Fargo (1996),Crime|Drama|Thriller,1996,Fargo,3,1990,4.254675686430561,2513,0.9495656819561792,Blockbuster,crime|drama|thriller,crime|drama|thriller fargo
609,Homeward Bound II: Lost in San Francisco (1996),Adventure|Children's,1996,Homeward Bound II: Lost in San Francisco,2,1990,2.7761194029850746,67,0.9972826036723578,Popular,adventure|childrens,adventure|children's homeward bound ii: lost in san francisco
610,Heavy Metal (1981),Action|Adventure|Animation|Horror|Sci-Fi,1981,Heavy Metal,5,1980,3.546925566343042,618,1.073580747628782,Blockbuster,action|adventure|animation|horror|scifi,action|adventure|animation|horror|sci-fi heavy metal
611,Hellraiser: Bloodline (1996),Action|Horror|Sci-Fi,1996,Hellraiser: Bloodline,3,1990,2.4722222222222223,216,1.2719392506579634,Blockbuster,action|horror|scifi,action|horror|sci-fi hellraiser: bloodline
612,"Pallbearer, The (1996)",Comedy,1996,"Pallbearer, The",1,1990,2.4050632911392404,79,0.9270713100358534,Popular,comedy,"comedy pallbearer, the"
613,Jane Eyre (1996),Drama|Romance,1996,Jane Eyre,2,1990,3.6341463414634148,82,0.9363996604008332,Popular,drama|romance,drama|romance jane eyre
614,Loaded (1994),Drama|Thriller,1994,Loaded,2,1990,2.6666666666666665,9,0.8660254037844386,Niche,drama|thriller,drama|thriller loaded
615,Bread and Chocolate (Pane e cioccolata) (1973),Drama,1973,Bread and Chocolate (Pane e cioccolata),1,1970,4.044776119402985,67,0.9444067533561548,Popular,drama,drama bread and chocolate (pane e cioccolata)
616,"Aristocats, The (1970)",Animation|Children's,1970,"Aristocats, The",2,1970,3.352517985611511,278,1.0327720879244984,Blockbuster,animation|childrens,"animation|children's aristocats, the"
617,"Flower of My Secret, The (La Flor de Mi Secreto) (1995)",Drama,1995,"Flower of My Secret, The (La Flor de Mi Secreto)",1,1990,3.6470588235294117,17,1.0571882797418486,Moderate,drama,"drama flower of my secret, the (la flor de mi secreto)"
618,Two Much (1996),Comedy|Romance,1996,Two Much,2,1990,2.111111111111111,9,1.3642254619787415,Niche,comedy|romance,comedy|romance two much
619,Ed (1996),Comedy,1996,Ed,1,1990,2.59375,32,1.0115263139785184,Moderate,comedy,comedy ed
621,My Favorite Season (1993),Drama,1993,My Favorite Season,1,1990,3.7142857142857144,42,0.9444501377615285,Moderate,drama,drama my favorite season
626,"Thin Line Between Love and Hate, A (1996)",Comedy,1996,"Thin Line Between Love and Hate, A",1,1990,2.263157894736842,19,1.1945294407402949,Moderate,comedy,"comedy thin line between love and hate, a"
627,"Last Supper, The (1995)",Drama|Thriller,1995,"Last Supper, The",2,1990,3.603305785123967,121,1.012252758644263,Popular,drama|thriller,"drama|thriller last supper, the"
628,Primal Fear (1996),Drama|Thriller,1996,Primal Fear,2,1990,3.8969072164948453,485,0.8317627413525809,Blockbuster,drama|thriller,drama|thriller primal fear
630,Carried Away (1996),Drama|Romance,1996,Carried Away,2,1990,2.857142857142857,7,1.2149857925879117,Niche,drama|romance,drama|romance carried away
631,All Dogs Go to Heaven 2 (1996),Animation|Children's|Musical,1996,All Dogs Go to Heaven 2,3,1990,2.08,75,1.17127788841585,Popular,animation|childrens|musical,animation|children's|musical all dogs go to heaven 2
632,Land and Freedom (Tierra y libertad) (1995),War,1995,Land and Freedom (Tierra y libertad),1,1990,4.0,13,1.0801234497346435,Moderate,war,war land and freedom (tierra y libertad)
633,Denise Calls Up (1995),Comedy,1995,Denise Calls Up,1,1990,3.6,20,0.9403246919632545,Moderate,comedy,comedy denise calls up
635,"Family Thing, A (1996)",Comedy|Drama,1996,"Family Thing, A",2,1990,3.6233766233766236,77,0.7615593600764335,Popular,comedy|drama,"comedy|drama family thing, a"
637,Sgt. Bilko (1996),Comedy,1996,Sgt. Bilko,1,1990,2.5428571428571427,140,1.1083166870193693,Popular,comedy,comedy sgt. bilko
638,Jack and Sarah (1995),Romance,1995,Jack and Sarah,1,1990,3.210526315789474,19,1.0316624861746777,Moderate,romance,romance jack and sarah
639,Girl 6 (1996),Comedy,1996,Girl 6,1,1990,2.6153846153846154,78,1.0718447410194951,Popular,comedy,comedy girl 6
640,Diabolique (1996),Drama|Thriller,1996,Diabolique,2,1990,2.676056338028169,71,0.9528100978132893,Popular,drama|thriller,drama|thriller diabolique
645,Nelly & Monsieur Arnaud (1995),Drama,1995,Nelly & Monsieur Arnaud,1,1990,3.6,20,0.8207826816681233,Moderate,drama,drama nelly & monsieur arnaud
647,Courage Under Fire (1996),Drama|War,1996,Courage Under Fire,2,1990,3.5532879818594103,441,0.8215806998849338,Blockbuster,drama|war,drama|war courage under fire
648,Mission: Impossible (1996),Action|Adventure|Mystery,1996,Mission: Impossible,3,1990,3.432874918140144,1527,0.9770866635259181,Blockbuster,action|adventure|mystery,action|adventure|mystery mission: impossible
649,Cold Fever (Á köldum klaka) (1994),Comedy|Drama,1994,Cold Fever (Á köldum klaka),2,1990,4.1875,16,0.8341662504161466,Moderate,comedy|drama,comedy|drama cold fever (á köldum klaka)
650,Moll Flanders (1996),Drama,1996,Moll Flanders,1,1990,3.4719101123595504,89,0.9425532013010947,Popular,drama,drama moll flanders
652,"301, 302 (1995)",Mystery,1995,"301, 302",1,1990,2.888888888888889,9,0.7817359599705717,Niche,mystery,"mystery 301, 302"
653,Dragonheart (1996),Action|Adventure|Fantasy,1996,Dragonheart,3,1990,3.2254901960784315,612,0.9783937142750143,Blockbuster,action|adventure|fantasy,action|adventure|fantasy dragonheart
656,Eddie (1996),Comedy,1996,Eddie,1,1990,2.5641025641025643,39,1.119089662812728,Moderate,comedy,comedy eddie
659,Purple Noon (1960),Crime|Thriller,1960,Purple Noon,2,1960,3.72,25,1.173314393786536,Moderate,crime|thriller,crime|thriller purple noon
661,James and the Giant Peach (1996),Animation|Children's|Musical,1996,James and the Giant Peach,3,1990,3.4647619047619047,525,1.0232022917506065,Blockbuster,animation|childrens|musical,animation|children's|musical james and the giant peach
662,Fear (1996),Thriller,1996,Fear,1,1990,2.984375,128,0.9879938713189368,Popular,thriller,thriller fear
663,Kids in the Hall: Brain Candy (1996),Comedy,1996,Kids in the Hall: Brain Candy,1,1990,3.4166666666666665,264,1.1033420827577833,Blockbuster,comedy,comedy kids in the hall: brain candy
664,Faithful (1996),Comedy,1996,Faithful,1,1990,3.0,8,0.7559289460184544,Niche,comedy,comedy faithful
665,Underground (1995),War,1995,Underground,1,1990,3.657142857142857,35,1.186761712116016,Moderate,war,war underground
667,Bloodsport 2 (1995),Action,1995,Bloodsport 2,1,1990,2.0425531914893615,47,1.0623486451482342,Moderate,action,action bloodsport 2
668,Pather Panchali (1955),Drama,1955,Pather Panchali,1,1950,4.404255319148936,47,0.9245345354869379,Moderate,drama,drama pather panchali
669,Aparajito (1956),Drama,1956,Aparajito,1,1950,4.173913043478261,23,1.192864158731316,Moderate,drama,drama aparajito
670,"World of Apu, The (Apur Sansar) (1959)",Drama,1959,"World of Apu, The (Apur Sansar)",1,1950,4.410714285714286,56,1.0229509134990646,Popular,drama,"drama world of apu, the (apur sansar)"
671,Mystery Science Theater 3000: The Movie (1996),Comedy|Sci-Fi,1996,Mystery Science Theater 3000: The Movie,2,1990,3.6798245614035086,456,1.130257566643927,Blockbuster,comedy|scifi,comedy|sci-fi mystery science theater 3000: the movie
673,Space Jam (1996),Adventure|Animation|Children's|Comedy|Fantasy,1996,Space Jam,5,1990,2.619893428063943,563,1.0164634048458885,Blockbuster,adventure|animation|childrens|comedy|fantasy,adventure|animation|children's|comedy|fantasy space jam
674,Barbarella (1968),Adventure|Sci-Fi,1968,Barbarella,2,1960,3.0155440414507773,386,1.173192708731838,Blockbuster,adventure|scifi,adventure|sci-fi barbarella
678,Some Folks Call It a Sling Blade (1993),Drama|Thriller,1993,Some Folks Call It a Sling Blade,2,1990,4.245098039215686,306,0.8504919445437726,Blockbuster,drama|thriller,drama|thriller some folks call it a sling blade
680,Alphaville (1965),Sci-Fi,1965,Alphaville,1,1960,3.359375,64,1.1733439866940605,Popular,scifi,sci-fi alphaville
681,Clean Slate (Coup de Torchon) (1981),Crime,1981,Clean Slate (Coup de Torchon),1,1980,3.933333333333333,15,1.0327955589886444,Moderate,crime,crime clean slate (coup de torchon)
685,It's My Party (1995),Drama,1995,It's My Party,1,1990,3.3,30,1.0553639672872464,Moderate,drama,drama it's my party
688,Operation Dumbo Drop (1995),Action|Adventure|Comedy|War,1995,Operation Dumbo Drop,4,1990,2.276995305164319,213,0.9777170101131756,Blockbuster,action|adventure|comedy|war,action|adventure|comedy|war operation dumbo drop
691,Mrs. Winterbourne (1996),Comedy|Romance,1996,Mrs. Winterbourne,2,1990,3.0991735537190084,121,1.1060813613660763,Popular,comedy|romance,comedy|romance mrs. winterbourne
692,Solo (1996),Action|Sci-Fi|Thriller,1996,Solo,3,1990,2.1132075471698113,106,1.080747137660584,Popular,action|scifi|thriller,action|sci-fi|thriller solo
694,"Substitute, The (1996)",Action,1996,"Substitute, The",1,1990,2.645390070921986,141,1.00096204989464,Popular,action,"action substitute, the"
695,True Crime (1995),Mystery|Thriller,1995,True Crime,2,1990,3.1777777777777776,135,0.9293447110947589,Popular,mystery|thriller,mystery|thriller true crime
697,Feeling Minnesota (1996),Drama|Romance,1996,Feeling Minnesota,2,1990,2.552941176470588,85,1.052275112869855,Popular,drama|romance,drama|romance feeling minnesota
698,Delta of Venus (1994),Drama,1994,Delta of Venus,1,1990,2.2,5,0.8366600265340756,Niche,drama,drama delta of venus
700,Angus (1995),Comedy,1995,Angus,1,1990,3.3241379310344827,145,1.0467062002929957,Popular,comedy,comedy angus
702,Faces (1968),Drama,1968,Faces,1,1960,3.6666666666666665,27,0.9607689228305228,Moderate,drama,drama faces
703,Boys (1996),Drama,1996,Boys,1,1990,1.6,10,0.8432740427115678,Niche,drama,drama boys
704,"Quest, The (1996)",Action|Adventure,1996,"Quest, The",2,1990,2.3095238095238093,42,1.1367067373497675,Moderate,action|adventure,"action|adventure quest, the"
705,Cosi (1996),Comedy,1996,Cosi,1,1990,3.8333333333333335,36,0.7745966692414834,Moderate,comedy,comedy cosi
707,Mulholland Falls (1996),Crime|Film-Noir|Thriller,1996,Mulholland Falls,3,1990,3.0872727272727274,275,0.9039763225725173,Blockbuster,crime|filmnoir|thriller,crime|film-noir|thriller mulholland falls
708,"Truth About Cats & Dogs, The (1996)",Comedy|Romance,1996,"Truth About Cats & Dogs, The",2,1990,3.434462444771723,679,0.9062496699560719,Blockbuster,comedy|romance,"comedy|romance truth about cats & dogs, the"
709,Oliver & Company (1988),Animation|Children's,1988,Oliver & Company,2,1980,3.0416666666666665,144,1.0503079801405175,Popular,animation|childrens,animation|children's oliver & company
710,Celtic Pride (1996),Comedy,1996,Celtic Pride,1,1990,2.3333333333333335,51,1.0519822558706333,Popular,comedy,comedy celtic pride
711,Flipper (1996),Adventure|Children's,1996,Flipper,2,1990,2.5,62,1.0826500577476472,Popular,adventure|childrens,adventure|children's flipper
714,Dead Man (1995),Western,1995,Dead Man,1,1990,3.888888888888889,153,1.097578408394179,Popular,western,western dead man
715,"Horseman on the Roof, The (Hussard sur le toit, Le) (1995)",Drama,1995,"Horseman on the Roof, The (Hussard sur le toit, Le)",1,1990,3.6153846153846154,52,1.0692465031341252,Popular,drama,"drama horseman on the roof, the (hussard sur le toit, le)"
716,Switchblade Sisters (1975),Crime,1975,Switchblade Sisters,1,1970,2.6785714285714284,28,1.1239339452243238,Moderate,crime,crime switchblade sisters
718,"Visitors, The (Les Visiteurs) (1993)",Comedy|Sci-Fi,1993,"Visitors, The (Les Visiteurs)",2,1990,3.484848484848485,33,1.3720698807188203,Moderate,comedy|scifi,"comedy|sci-fi visitors, the (les visiteurs)"
719,Multiplicity (1996),Comedy,1996,Multiplicity,1,1990,2.8619246861924688,239,1.0380239684178203,Blockbuster,comedy,comedy multiplicity
720,Wallace & Gromit: The Best of Aardman Animation (1996),Animation,1996,Wallace & Gromit: The Best of Aardman Animation,1,1990,4.426940639269406,438,0.8049647155401155,Blockbuster,animation,animation wallace & gromit: the best of aardman animation
722,"Haunted World of Edward D. Wood Jr., The (1995)",Documentary,1995,"Haunted World of Edward D. Wood Jr., The",1,1990,3.814814814814815,27,0.681459803941116,Moderate,documentary,"documentary haunted world of edward d. wood jr., the"
724,"Craft, The (1996)",Drama|Horror,1996,"Craft, The",2,1990,3.0865384615384617,416,1.0213204486144927,Blockbuster,drama|horror,"drama|horror craft, the"
725,"Great White Hype, The (1996)",Comedy,1996,"Great White Hype, The",1,1990,2.791208791208791,91,1.0383371697787183,Popular,comedy,"comedy great white hype, the"
726,Last Dance (1996),Drama,1996,Last Dance,1,1990,3.0,9,0.5,Niche,drama,drama last dance
728,Cold Comfort Farm (1995),Comedy,1995,Cold Comfort Farm,1,1990,3.7649769585253456,217,0.9001384278439885,Blockbuster,comedy,comedy cold comfort farm
731,Heaven's Prisoners (1996),Mystery|Thriller,1996,Heaven's Prisoners,2,1990,2.851063829787234,47,0.8335029121321892,Moderate,mystery|thriller,mystery|thriller heaven's prisoners
732,Original Gangstas (1996),Crime,1996,Original Gangstas,1,1990,2.8333333333333335,6,0.983192080250175,Niche,crime,crime original gangstas
733,"Rock, The (1996)",Action|Adventure|Thriller,1996,"Rock, The",3,1990,3.723134328358209,1340,0.9624320527584888,Blockbuster,action|adventure|thriller,"action|adventure|thriller rock, the"
735,Cemetery Man (Dellamorte Dellamore) (1994),Comedy|Horror,1994,Cemetery Man (Dellamorte Dellamore),2,1990,3.3564356435643563,101,1.300647211320899,Popular,comedy|horror,comedy|horror cemetery man (dellamorte dellamore)
736,Twister (1996),Action|Adventure|Romance|Thriller,1996,Twister,4,1990,3.1738738738738737,1110,1.1014550350227852,Blockbuster,action|adventure|romance|thriller,action|adventure|romance|thriller twister
737,Barb Wire (1996),Action|Sci-Fi,1996,Barb Wire,2,1990,2.03,300,1.0892143773684873,Blockbuster,action|scifi,action|sci-fi barb wire
741,Ghost in the Shell (Kokaku kidotai) (1995),Animation|Sci-Fi,1995,Ghost in the Shell (Kokaku kidotai),2,1990,4.089171974522293,314,0.9415899555813455,Blockbuster,animation|scifi,animation|sci-fi ghost in the shell (kokaku kidotai)
742,Thinner (1996),Horror|Thriller,1996,Thinner,2,1990,2.528735632183908,174,1.110528494295434,Popular,horror|thriller,horror|thriller thinner
743,Spy Hard (1996),Comedy,1996,Spy Hard,1,1990,2.5700934579439254,107,1.1983648413859633,Popular,comedy,comedy spy hard
745,"Close Shave, A (1995)",Animation|Comedy|Thriller,1995,"Close Shave, A",3,1990,4.52054794520548,657,0.6671433032739225,Blockbuster,animation|comedy|thriller,"animation|comedy|thriller close shave, a"
746,Force of Evil (1948),Film-Noir,1948,Force of Evil,1,1940,4.0,31,0.7745966692414834,Moderate,filmnoir,film-noir force of evil
747,"Stupids, The (1996)",Comedy,1996,"Stupids, The",1,1990,2.0,55,1.1547005383792515,Popular,comedy,"comedy stupids, the"
748,"Arrival, The (1996)",Action|Sci-Fi|Thriller,1996,"Arrival, The",3,1990,3.1510791366906474,417,0.9626211392155466,Blockbuster,action|scifi|thriller,"action|sci-fi|thriller arrival, the"
750,Dr. Strangelove or: How I Learned to Stop Worrying and Love the Bomb (1963),Sci-Fi|War,1963,Dr. Strangelove or: How I Learned to Stop Worrying and Love the Bomb,2,1960,4.4498902706656915,1367,0.8055069807291353,Blockbuster,scifi|war,sci-fi|war dr. strangelove or: how i learned to stop worrying and love the bomb
751,Careful (1992),Comedy,1992,Careful,1,1990,3.533333333333333,15,1.3557637102737476,Moderate,comedy,comedy careful
753,"Month by the Lake, A (1995)",Comedy|Drama,1995,"Month by the Lake, A",2,1990,3.15625,32,0.9540871333712221,Moderate,comedy|drama,"comedy|drama month by the lake, a"
754,Gold Diggers: The Secret of Bear Mountain (1995),Adventure|Children's,1995,Gold Diggers: The Secret of Bear Mountain,2,1990,2.923076923076923,13,1.3821202589704018,Moderate,adventure|childrens,adventure|children's gold diggers: the secret of bear mountain
755,Kim (1950),Children's|Drama,1950,Kim,2,1950,3.7777777777777777,9,0.44095855184409843,Niche,childrens|drama,children's|drama kim
759,Maya Lin: A Strong Clear Vision (1994),Documentary,1994,Maya Lin: A Strong Clear Vision,1,1990,4.101694915254237,59,1.0119103690414977,Popular,documentary,documentary maya lin: a strong clear vision
760,Stalingrad (1993),War,1993,Stalingrad,1,1990,3.515151515151515,33,0.9721500694726907,Moderate,war,war stalingrad
761,"Phantom, The (1996)",Adventure,1996,"Phantom, The",1,1990,2.7886178861788617,123,1.042160685199659,Popular,adventure,"adventure phantom, the"
762,Striptease (1996),Comedy|Crime,1996,Striptease,2,1990,2.184563758389262,298,0.9929871834148869,Blockbuster,comedy|crime,comedy|crime striptease
764,Heavy (1995),Drama|Romance,1995,Heavy,2,1990,3.27027027027027,74,0.9551202649268304,Popular,drama|romance,drama|romance heavy
765,Jack (1996),Comedy|Drama,1996,Jack,2,1990,2.6315789473684212,171,1.0566024175301936,Popular,comedy|drama,comedy|drama jack
766,I Shot Andy Warhol (1996),Drama,1996,I Shot Andy Warhol,1,1990,3.57,100,0.9455370981830399,Popular,drama,drama i shot andy warhol
767,"Grass Harp, The (1995)",Drama,1995,"Grass Harp, The",1,1990,3.2083333333333335,24,0.7790276362049132,Moderate,drama,"drama grass harp, the"
769,Marlene Dietrich: Shadow and Light (1996),Documentary,1996,Marlene Dietrich: Shadow and Light,1,1990,3.25,12,1.2154310870109943,Moderate,documentary,documentary marlene dietrich: shadow and light
771,"Vie est belle, La (Life is Rosey) (1987)",Comedy|Drama,1987,"Vie est belle, La (Life is Rosey)",2,1980,3.7777777777777777,18,1.0602749674192764,Moderate,comedy|drama,"comedy|drama vie est belle, la (life is rosey)"
775,Spirits of the Dead (Tre Passi nel Delirio) (1968),Horror,1968,Spirits of the Dead (Tre Passi nel Delirio),1,1960,3.2222222222222223,9,1.2018504251546631,Niche,horror,horror spirits of the dead (tre passi nel delirio)
778,Trainspotting (1996),Drama,1996,Trainspotting,1,1990,3.9600532623169107,751,1.021633722929118,Blockbuster,drama,drama trainspotting
779,'Til There Was You (1997),Drama|Romance,1997,'Til There Was You,2,1990,2.6923076923076925,52,1.0201588022952368,Popular,drama|romance,drama|romance 'til there was you
780,Independence Day (ID4) (1996),Action|Sci-Fi|War,1996,Independence Day (ID4),3,1990,3.5104046242774567,1730,1.107916911349412,Blockbuster,action|scifi|war,action|sci-fi|war independence day (id4)
781,Stealing Beauty (1996),Drama,1996,Stealing Beauty,1,1990,3.378640776699029,103,1.0582681454776592,Popular,drama,drama stealing beauty
782,"Fan, The (1996)",Thriller,1996,"Fan, The",1,1990,2.5517241379310347,145,1.020151367327681,Popular,thriller,"thriller fan, the"
783,"Hunchback of Notre Dame, The (1996)",Animation|Children's|Musical,1996,"Hunchback of Notre Dame, The",3,1990,3.223076923076923,390,1.0211041804247973,Blockbuster,animation|childrens|musical,"animation|children's|musical hunchback of notre dame, the"
784,"Cable Guy, The (1996)",Comedy,1996,"Cable Guy, The",1,1990,2.72987012987013,385,1.1179250840313462,Blockbuster,comedy,"comedy cable guy, the"
785,Kingpin (1996),Comedy,1996,Kingpin,1,1990,3.4784313725490197,765,1.1203111231381402,Blockbuster,comedy,comedy kingpin
786,Eraser (1996),Action|Thriller,1996,Eraser,2,1990,3.123913043478261,460,1.0161409296629336,Blockbuster,action|thriller,action|thriller eraser
788,"Nutty Professor, The (1996)",Comedy|Fantasy|Romance|Sci-Fi,1996,"Nutty Professor, The",4,1990,2.9957805907172994,948,1.06988296015482,Blockbuster,comedy|fantasy|romance|scifi,"comedy|fantasy|romance|sci-fi nutty professor, the"
793,My Life and Times With Antonin Artaud (En compagnie d'Antonin Artaud) (1993),Drama,1993,My Life and Times With Antonin Artaud (En compagnie d'Antonin Artaud),1,1990,2.6,10,1.429840705968481,Niche,drama,drama my life and times with antonin artaud (en compagnie d'antonin artaud)
798,Daylight (1996),Action|Adventure|Thriller,1996,Daylight,3,1990,2.7058823529411766,204,0.9784700563203854,Blockbuster,action|adventure|thriller,action|adventure|thriller daylight
799,"Frighteners, The (1996)",Comedy|Horror,1996,"Frighteners, The",2,1990,3.3491124260355027,338,1.0260765262727647,Blockbuster,comedy|horror,"comedy|horror frighteners, the"
800,Lone Star (1996),Drama|Mystery,1996,Lone Star,2,1990,4.082539682539682,630,0.9089800504560507,Blockbuster,drama|mystery,drama|mystery lone star
801,Harriet the Spy (1996),Children's|Comedy,1996,Harriet the Spy,2,1990,3.0991735537190084,121,1.1503981823531506,Popular,childrens|comedy,children's|comedy harriet the spy
802,Phenomenon (1996),Drama|Romance,1996,Phenomenon,2,1990,3.496487119437939,427,0.9914478560970938,Blockbuster,drama|romance,drama|romance phenomenon
803,Walking and Talking (1996),Romance,1996,Walking and Talking,1,1990,3.6842105263157894,57,0.9094326083734475,Popular,romance,romance walking and talking
804,She's the One (1996),Comedy|Romance,1996,She's the One,2,1990,2.9785407725321886,233,0.9713408433144259,Blockbuster,comedy|romance,comedy|romance she's the one
805,"Time to Kill, A (1996)",Drama,1996,"Time to Kill, A",1,1990,3.5901162790697674,344,0.9339817194832949,Blockbuster,drama,"drama time to kill, a"
806,American Buffalo (1996),Drama,1996,American Buffalo,1,1990,3.1666666666666665,60,0.8668404866978301,Popular,drama,drama american buffalo
807,"Rendezvous in Paris (Rendez-vous de Paris, Les) (1995)",Comedy|Romance,1995,"Rendezvous in Paris (Rendez-vous de Paris, Les)",2,1990,3.0,14,1.1766968108291043,Moderate,comedy|romance,"comedy|romance rendezvous in paris (rendez-vous de paris, les)"
808,Alaska (1996),Adventure|Children's,1996,Alaska,2,1990,3.395348837209302,43,1.0941301150908036,Moderate,adventure|childrens,adventure|children's alaska
809,Fled (1996),Action|Adventure,1996,Fled,2,1990,2.5714285714285716,105,0.9693092589882959,Popular,action|adventure,action|adventure fled
810,Kazaam (1996),Children's|Comedy|Fantasy,1996,Kazaam,3,1990,1.4666666666666666,120,0.7984578974533361,Popular,childrens|comedy|fantasy,children's|comedy|fantasy kazaam
811,"Bewegte Mann, Der (1994)",Comedy,1994,"Bewegte Mann, Der",1,1990,3.888888888888889,9,0.927960727138337,Niche,comedy,"comedy bewegte mann, der"
813,Larger Than Life (1996),Comedy,1996,Larger Than Life,1,1990,2.5106382978723403,47,1.0606056601430498,Moderate,comedy,comedy larger than life
815,Power 98 (1995),Action|Mystery|Thriller,1995,Power 98,3,1990,2.0,6,1.2649110640673518,Niche,action|mystery|thriller,action|mystery|thriller power 98
818,"Very Brady Sequel, A (1996)",Comedy,1996,"Very Brady Sequel, A",1,1990,2.560846560846561,189,1.1451801506291595,Popular,comedy,"comedy very brady sequel, a"
824,Kaspar Hauser (1993),Drama,1993,Kaspar Hauser,1,1990,3.9285714285714284,28,1.0862293403762302,Moderate,drama,drama kaspar hauser
828,"Adventures of Pinocchio, The (1996)",Adventure|Children's,1996,"Adventures of Pinocchio, The",2,1990,2.9074074074074074,54,1.2479193025209894,Popular,adventure|childrens,"adventure|children's adventures of pinocchio, the"
829,Joe's Apartment (1996),Comedy|Musical,1996,Joe's Apartment,2,1990,2.2900763358778624,131,1.13333103058958,Popular,comedy|musical,comedy|musical joe's apartment
830,"First Wives Club, The (1996)",Comedy,1996,"First Wives Club, The",1,1990,2.952542372881356,295,1.0869285084043494,Blockbuster,comedy,"comedy first wives club, the"
831,Stonewall (1995),Drama,1995,Stonewall,1,1990,3.85,20,0.9333020044867296,Moderate,drama,drama stonewall
832,Ransom (1996),Drama|Thriller,1996,Ransom,2,1990,3.478723404255319,564,0.9182815451608844,Blockbuster,drama|thriller,drama|thriller ransom
833,High School High (1996),Comedy,1996,High School High,1,1990,2.1794871794871793,78,0.9769232080255613,Popular,comedy,comedy high school high
835,Foxfire (1996),Drama,1996,Foxfire,1,1990,3.1262135922330097,103,0.9968539890574319,Popular,drama,drama foxfire
836,Chain Reaction (1996),Action|Adventure|Thriller,1996,Chain Reaction,3,1990,2.654008438818565,237,1.0076585798214626,Blockbuster,action|adventure|thriller,action|adventure|thriller chain reaction
837,Matilda (1996),Children's|Comedy,1996,Matilda,2,1990,3.477064220183486,218,1.069875140440818,Blockbuster,childrens|comedy,children's|comedy matilda
838,Emma (1996),Comedy|Drama|Romance,1996,Emma,3,1990,3.8802395209580838,501,0.9303917145562774,Blockbuster,comedy|drama|romance,comedy|drama|romance emma
839,"Crow: City of Angels, The (1996)",Action|Thriller,1996,"Crow: City of Angels, The",2,1990,2.214814814814815,135,1.1021362241099335,Popular,action|thriller,"action|thriller crow: city of angels, the"
840,House Arrest (1996),Comedy,1996,House Arrest,1,1990,2.56,50,1.1277573917708885,Moderate,comedy,comedy house arrest
841,Eyes Without a Face (1959),Horror,1959,Eyes Without a Face,1,1950,3.4,25,1.4433756729740645,Moderate,horror,horror eyes without a face
842,Tales from the Crypt Presents: Bordello of Blood (1996),Horror,1996,Tales from the Crypt Presents: Bordello of Blood,1,1990,2.589403973509934,151,1.1562671154988826,Popular,horror,horror tales from the crypt presents: bordello of blood
844,"Story of Xinghua, The (1993)",Drama,1993,"Story of Xinghua, The",1,1990,3.5714285714285716,7,0.9759000729485333,Niche,drama,"drama story of xinghua, the"
846,Flirt (1995),Drama,1995,Flirt,1,1990,3.736842105263158,38,1.0826446729693733,Moderate,drama,drama flirt
847,"Big Squeeze, The (1996)",Comedy|Drama,1996,"Big Squeeze, The",2,1990,1.8571428571428572,7,0.8997354108424375,Niche,comedy|drama,"comedy|drama big squeeze, the"
848,"Spitfire Grill, The (1996)",Drama,1996,"Spitfire Grill, The",1,1990,3.4358974358974357,156,1.0727082829830672,Popular,drama,"drama spitfire grill, the"
849,Escape from L.A. (1996),Action|Adventure|Sci-Fi|Thriller,1996,Escape from L.A.,4,1990,2.5107632093933465,511,1.1040840426489429,Blockbuster,action|adventure|scifi|thriller,action|adventure|sci-fi|thriller escape from l.a.
850,Cyclo (1995),Crime|Drama,1995,Cyclo,2,1990,3.6666666666666665,30,0.922266074754828,Moderate,crime|drama,crime|drama cyclo
851,Basquiat (1996),Drama,1996,Basquiat,1,1990,3.4960629921259843,127,0.9074122962389144,Popular,drama,drama basquiat
852,Tin Cup (1996),Comedy|Romance,1996,Tin Cup,2,1990,3.221138211382114,615,0.9394755651660274,Blockbuster,comedy|romance,comedy|romance tin cup
854,"Ballad of Narayama, The (Narayama Bushiko) (1958)",Drama,1958,"Ballad of Narayama, The (Narayama Bushiko)",1,1950,3.625,8,1.7677669529663689,Niche,drama,"drama ballad of narayama, the (narayama bushiko)"
858,"Godfather, The (1972)",Action|Crime|Drama,1972,"Godfather, The",3,1970,4.524966261808367,2223,0.7807207696118674,Blockbuster,action|crime|drama,"action|crime|drama godfather, the"
860,"Maybe, Maybe Not (Bewegte Mann, Der) (1994)",Comedy,1994,"Maybe, Maybe Not (Bewegte Mann, Der)",1,1990,3.6,10,0.8432740427115678,Niche,comedy,"comedy maybe, maybe not (bewegte mann, der)"
861,Supercop (1992),Action|Thriller,1992,Supercop,2,1990,3.5128205128205128,273,0.9855670363334443,Blockbuster,action|thriller,action|thriller supercop
862,Manny & Lo (1996),Drama,1996,Manny & Lo,1,1990,3.6451612903225805,31,0.8774351674729475,Moderate,drama,drama manny & lo
863,Celestial Clockwork (1994),Comedy,1994,Celestial Clockwork,1,1990,3.5,10,0.8498365855987973,Niche,comedy,comedy celestial clockwork
864,"Wife, The (1995)",Comedy|Drama,1995,"Wife, The",2,1990,3.5833333333333335,12,0.9962049198956219,Moderate,comedy|drama,"comedy|drama wife, the"
866,Bound (1996),Crime|Drama|Romance|Thriller,1996,Bound,4,1990,3.8234265734265733,572,0.9480056344058804,Blockbuster,crime|drama|romance|thriller,crime|drama|romance|thriller bound
867,Carpool (1996),Comedy|Crime,1996,Carpool,2,1990,2.2083333333333335,24,1.1025333147551268,Moderate,comedy|crime,comedy|crime carpool
869,Kansas City (1996),Crime,1996,Kansas City,1,1990,3.0952380952380953,42,0.8499504665488028,Moderate,crime,crime kansas city
870,Gone Fishin' (1997),Comedy,1997,Gone Fishin',1,1990,2.183673469387755,49,1.0930360886798123,Moderate,comedy,comedy gone fishin'
874,Killer: A Journal of Murder (1995),Crime|Drama,1995,Killer: A Journal of Murder,2,1990,3.125,8,1.5526475085202969,Niche,crime|drama,crime|drama killer: a journal of murder
875,Nothing to Lose (1994),Drama,1994,Nothing to Lose,1,1990,3.3863636363636362,44,1.1251027672112752,Moderate,drama,drama nothing to lose
876,Police Story 4: Project S (Chao ji ji hua) (1993),Action,1993,Police Story 4: Project S (Chao ji ji hua),1,1990,2.857142857142857,21,1.276154939092988,Moderate,action,action police story 4: project s (chao ji ji hua)
877,Girls Town (1996),Drama,1996,Girls Town,1,1990,3.2916666666666665,24,1.1601786469133206,Moderate,drama,drama girls town
879,"Relic, The (1997)",Horror,1997,"Relic, The",1,1990,2.827004219409283,237,1.089058007271633,Blockbuster,horror,"horror relic, the"
880,"Island of Dr. Moreau, The (1996)",Sci-Fi|Thriller,1996,"Island of Dr. Moreau, The",2,1990,2.200617283950617,324,1.0527273682670568,Blockbuster,scifi|thriller,"sci-fi|thriller island of dr. moreau, the"
881,First Kid (1996),Children's|Comedy,1996,First Kid,2,1990,2.6233766233766236,77,1.1125948929247034,Popular,childrens|comedy,children's|comedy first kid
882,"Trigger Effect, The (1996)",Drama|Thriller,1996,"Trigger Effect, The",2,1990,2.711864406779661,59,1.0347554676585242,Popular,drama|thriller,"drama|thriller trigger effect, the"
885,Bogus (1996),Children's|Drama|Fantasy,1996,Bogus,3,1990,2.5813953488372094,43,1.2952763657951054,Moderate,childrens|drama|fantasy,children's|drama|fantasy bogus
886,Bulletproof (1996),Action,1996,Bulletproof,1,1990,2.9423076923076925,104,1.0596475240758412,Popular,action,action bulletproof
888,Land Before Time III: The Time of the Great Giving (1995),Animation|Children's,1995,Land Before Time III: The Time of the Great Giving,2,1990,2.2083333333333335,48,1.2540713837182447,Moderate,animation|childrens,animation|children's land before time iii: the time of the great giving
891,Halloween: The Curse of Michael Myers (1995),Horror|Thriller,1995,Halloween: The Curse of Michael Myers,2,1990,2.360655737704918,183,1.2363468015889862,Popular,horror|thriller,horror|thriller halloween: the curse of michael myers
892,Twelfth Night (1996),Comedy|Drama|Romance,1996,Twelfth Night,3,1990,3.861842105263158,152,0.88437010999945,Popular,comedy|drama|romance,comedy|drama|romance twelfth night
893,Mother Night (1996),Drama,1996,Mother Night,1,1990,3.6956521739130435,69,1.0044657319439105,Popular,drama,drama mother night
896,Wild Reeds (1994),Drama,1994,Wild Reeds,1,1990,3.4313725490196076,51,1.1181216742516769,Popular,drama,drama wild reeds
897,For Whom the Bell Tolls (1943),Adventure|War,1943,For Whom the Bell Tolls,2,1940,3.7551020408163267,98,0.9201212883944251,Popular,adventure|war,adventure|war for whom the bell tolls
898,"Philadelphia Story, The (1940)",Comedy|Romance,1940,"Philadelphia Story, The",2,1940,4.3006872852233675,582,0.8342699871789656,Blockbuster,comedy|romance,"comedy|romance philadelphia story, the"
899,Singin' in the Rain (1952),Musical|Romance,1952,Singin' in the Rain,2,1950,4.2836218375499335,751,0.8888858558906683,Blockbuster,musical|romance,musical|romance singin' in the rain
900,"American in Paris, An (1951)",Musical|Romance,1951,"American in Paris, An",2,1950,3.8513119533527695,343,0.9903288331267533,Blockbuster,musical|romance,"musical|romance american in paris, an"
901,Funny Face (1957),Comedy|Musical,1957,Funny Face,2,1950,3.6436781609195403,174,1.0366354144664742,Popular,comedy|musical,comedy|musical funny face
902,Breakfast at Tiffany's (1961),Drama|Romance,1961,Breakfast at Tiffany's,2,1960,3.908284023668639,676,0.9601802372991928,Blockbuster,drama|romance,drama|romance breakfast at tiffany's
903,Vertigo (1958),Mystery|Thriller,1958,Vertigo,2,1950,4.27292817679558,905,0.7965542081750521,Blockbuster,mystery|thriller,mystery|thriller vertigo
904,Rear Window (1954),Mystery|Thriller,1954,Rear Window,2,1950,4.476190476190476,1050,0.6889463376441254,Blockbuster,mystery|thriller,mystery|thriller rear window
905,It Happened One Night (1934),Comedy,1934,It Happened One Night,1,1930,4.280748663101604,374,0.8046803278060136,Blockbuster,comedy,comedy it happened one night
906,Gaslight (1944),Mystery|Thriller,1944,Gaslight,2,1940,4.096256684491979,187,0.8239277152732514,Popular,mystery|thriller,mystery|thriller gaslight
907,"Gay Divorcee, The (1934)",Comedy|Musical|Romance,1934,"Gay Divorcee, The",3,1930,3.9238095238095236,105,0.9775876716068259,Popular,comedy|musical|romance,"comedy|musical|romance gay divorcee, the"
908,North by Northwest (1959),Drama|Thriller,1959,North by Northwest,2,1950,4.38403041825095,1315,0.7325154419820884,Blockbuster,drama|thriller,drama|thriller north by northwest
909,"Apartment, The (1960)",Comedy|Drama,1960,"Apartment, The",2,1960,4.127098321342926,417,0.8089995438467753,Blockbuster,comedy|drama,"comedy|drama apartment, the"
910,Some Like It Hot (1959),Comedy|Crime,1959,Some Like It Hot,2,1950,4.300480769230769,832,0.8215507391258632,Blockbuster,comedy|crime,comedy|crime some like it hot
911,Charade (1963),Comedy|Mystery|Romance|Thriller,1963,Charade,4,1960,4.183006535947713,306,0.8253198763617634,Blockbuster,comedy|mystery|romance|thriller,comedy|mystery|romance|thriller charade
912,Casablanca (1942),Drama|Romance|War,1942,Casablanca,3,1940,4.412822049131217,1669,0.8276420553546815,Blockbuster,drama|romance|war,drama|romance|war casablanca
913,"Maltese Falcon, The (1941)",Film-Noir|Mystery,1941,"Maltese Falcon, The",2,1940,4.395973154362416,1043,0.7747596291520622,Blockbuster,filmnoir|mystery,"film-noir|mystery maltese falcon, the"
914,My Fair Lady (1964),Musical|Romance,1964,My Fair Lady,2,1960,4.154088050314465,636,0.8738541393172329,Blockbuster,musical|romance,musical|romance my fair lady
915,Sabrina (1954),Comedy|Romance,1954,Sabrina,2,1950,3.9643835616438357,365,0.8778986310061342,Blockbuster,comedy|romance,comedy|romance sabrina
916,Roman Holiday (1953),Comedy|Romance,1953,Roman Holiday,2,1950,4.216470588235294,425,0.835651234410377,Blockbuster,comedy|romance,comedy|romance roman holiday
917,"Little Princess, The (1939)",Children's|Drama,1939,"Little Princess, The",2,1930,3.675324675324675,77,0.9657497556651659,Popular,childrens|drama,"children's|drama little princess, the"
918,Meet Me in St. Louis (1944),Musical,1944,Meet Me in St. Louis,1,1940,3.7936507936507935,189,1.0025297283022014,Popular,musical,musical meet me in st. louis
919,"Wizard of Oz, The (1939)",Adventure|Children's|Drama|Musical,1939,"Wizard of Oz, The",4,1930,4.247962747380675,1718,0.8959781585395834,Blockbuster,adventure|childrens|drama|musical,"adventure|children's|drama|musical wizard of oz, the"
920,Gone with the Wind (1939),Drama|Romance|War,1939,Gone with the Wind,3,1930,3.9974048442906573,1156,1.0539524515642684,Blockbuster,drama|romance|war,drama|romance|war gone with the wind
921,My Favorite Year (1982),Comedy,1982,My Favorite Year,1,1980,3.8940397350993377,302,0.8284983644788416,Blockbuster,comedy,comedy my favorite year
922,Sunset Blvd. (a.k.a. Sunset Boulevard) (1950),Film-Noir,1950,Sunset Blvd. (a.k.a. Sunset Boulevard),1,1950,4.491489361702127,470,0.7409236980457689,Blockbuster,filmnoir,film-noir sunset blvd. (a.k.a. sunset boulevard)
923,Citizen Kane (1941),Drama,1941,Citizen Kane,1,1940,4.388888888888889,1116,0.8654930538186145,Blockbuster,drama,drama citizen kane
924,2001: A Space Odyssey (1968),Drama|Mystery|Sci-Fi|Thriller,1968,2001: A Space Odyssey,4,1960,4.068764568764569,1716,1.0425036529459752,Blockbuster,drama|mystery|scifi|thriller,drama|mystery|sci-fi|thriller 2001: a space odyssey
925,Golden Earrings (1947),Adventure|Romance,1947,Golden Earrings,2,1940,3.25,12,1.0552897060221726,Moderate,adventure|romance,adventure|romance golden earrings
926,All About Eve (1950),Drama,1950,All About Eve,1,1950,4.255583126550868,403,0.8355814521024643,Blockbuster,drama,drama all about eve
927,"Women, The (1939)",Comedy,1939,"Women, The",1,1930,3.9761904761904763,84,1.0176300186452654,Popular,comedy,"comedy women, the"
928,Rebecca (1940),Romance|Thriller,1940,Rebecca,2,1940,4.204663212435233,386,0.8135725388002675,Blockbuster,romance|thriller,romance|thriller rebecca
929,Foreign Correspondent (1940),Thriller,1940,Foreign Correspondent,1,1940,3.78494623655914,93,0.8578215883928643,Popular,thriller,thriller foreign correspondent
930,Notorious (1946),Film-Noir|Romance|Thriller,1946,Notorious,3,1940,4.29438202247191,445,0.7510292563011274,Blockbuster,filmnoir|romance|thriller,film-noir|romance|thriller notorious
931,Spellbound (1945),Mystery|Romance|Thriller,1945,Spellbound,3,1940,3.912621359223301,206,0.8509024892287627,Blockbuster,mystery|romance|thriller,mystery|romance|thriller spellbound
932,"Affair to Remember, An (1957)",Romance,1957,"Affair to Remember, An",1,1950,3.9523809523809526,189,1.0068156790347236,Popular,romance,"romance affair to remember, an"
933,To Catch a Thief (1955),Comedy|Romance|Thriller,1955,To Catch a Thief,3,1950,4.10158013544018,443,0.8106040620961994,Blockbuster,comedy|romance|thriller,comedy|romance|thriller to catch a thief
934,Father of the Bride (1950),Comedy,1950,Father of the Bride,1,1950,3.6578947368421053,304,0.9516722343792421,Blockbuster,comedy,comedy father of the bride
935,"Band Wagon, The (1953)",Comedy|Musical,1953,"Band Wagon, The",2,1950,3.6338028169014085,71,1.098563173548825,Popular,comedy|musical,"comedy|musical band wagon, the"
936,Ninotchka (1939),Comedy|Romance,1939,Ninotchka,2,1930,4.075757575757576,132,0.8160715067570018,Popular,comedy|romance,comedy|romance ninotchka
937,Love in the Afternoon (1957),Comedy|Romance,1957,Love in the Afternoon,2,1950,3.75,44,1.1023231282476875,Moderate,comedy|romance,comedy|romance love in the afternoon
938,Gigi (1958),Musical,1958,Gigi,1,1950,3.620320855614973,187,1.0876698501612525,Popular,musical,musical gigi
939,"Reluctant Debutante, The (1958)",Comedy|Drama,1958,"Reluctant Debutante, The",2,1950,3.1818181818181817,11,1.3280197150781925,Moderate,comedy|drama,"comedy|drama reluctant debutante, the"
940,"Adventures of Robin Hood, The (1938)",Action|Adventure,1938,"Adventures of Robin Hood, The",2,1930,3.9735449735449735,378,0.9122442226973514,Blockbuster,action|adventure,"action|adventure adventures of robin hood, the"
941,"Mark of Zorro, The (1940)",Adventure,1940,"Mark of Zorro, The",1,1940,3.704761904761905,105,0.8651790557652205,Popular,adventure,"adventure mark of zorro, the"
942,Laura (1944),Crime|Film-Noir|Mystery,1944,Laura,3,1940,4.2020547945205475,292,0.7712148829040273,Blockbuster,crime|filmnoir|mystery,crime|film-noir|mystery laura
943,"Ghost and Mrs. Muir, The (1947)",Drama|Romance,1947,"Ghost and Mrs. Muir, The",2,1940,3.982456140350877,171,0.8573123818794635,Popular,drama|romance,"drama|romance ghost and mrs. muir, the"
944,Lost Horizon (1937),Drama,1937,Lost Horizon,1,1930,3.7938144329896906,97,0.9458037182944034,Popular,drama,drama lost horizon
945,Top Hat (1935),Comedy|Musical|Romance,1935,Top Hat,3,1930,4.147410358565737,251,0.8427237192177939,Blockbuster,comedy|musical|romance,comedy|musical|romance top hat
946,To Be or Not to Be (1942),Comedy|Drama|War,1942,To Be or Not to Be,3,1940,3.8509316770186337,161,1.013725678649207,Popular,comedy|drama|war,comedy|drama|war to be or not to be
947,My Man Godfrey (1936),Comedy,1936,My Man Godfrey,1,1930,4.1063829787234045,188,0.8333693624403173,Popular,comedy,comedy my man godfrey
948,Giant (1956),Drama,1956,Giant,1,1950,3.753846153846154,130,0.9070057943759806,Popular,drama,drama giant
949,East of Eden (1955),Drama,1955,East of Eden,1,1950,3.9767441860465116,215,0.8777725657845983,Blockbuster,drama,drama east of eden
950,"Thin Man, The (1934)",Mystery,1934,"Thin Man, The",1,1930,4.239726027397261,292,0.7715276453238348,Blockbuster,mystery,"mystery thin man, the"
951,His Girl Friday (1940),Comedy,1940,His Girl Friday,1,1940,4.249370277078086,397,0.8107739514978567,Blockbuster,comedy,comedy his girl friday
952,Around the World in 80 Days (1956),Adventure|Comedy,1956,Around the World in 80 Days,2,1950,3.6022304832713754,269,0.8945078312189776,Blockbuster,adventure|comedy,adventure|comedy around the world in 80 days
953,It's a Wonderful Life (1946),Drama,1946,It's a Wonderful Life,1,1940,4.299039780521262,729,0.9054242280588672,Blockbuster,drama,drama it's a wonderful life
954,Mr. Smith Goes to Washington (1939),Drama,1939,Mr. Smith Goes to Washington,1,1930,4.240208877284595,383,0.805577389254475,Blockbuster,drama,drama mr. smith goes to washington
955,Bringing Up Baby (1938),Comedy,1938,Bringing Up Baby,1,1930,4.169491525423729,413,0.955484415875741,Blockbuster,comedy,comedy bringing up baby
956,Penny Serenade (1941),Drama|Romance,1941,Penny Serenade,2,1940,3.55,40,0.9323254631461961,Moderate,drama|romance,drama|romance penny serenade
957,"Scarlet Letter, The (1926)",Drama,1926,"Scarlet Letter, The",1,1920,3.2432432432432434,37,1.2111841176992733,Moderate,drama,"drama scarlet letter, the"
958,Lady of Burlesque (1943),Comedy|Mystery,1943,Lady of Burlesque,2,1940,3.3846153846153846,13,0.869718492622904,Moderate,comedy|mystery,comedy|mystery lady of burlesque
959,Of Human Bondage (1934),Drama,1934,Of Human Bondage,1,1930,3.7413793103448274,58,1.0010581213753005,Popular,drama,drama of human bondage
960,Angel on My Shoulder (1946),Crime|Drama,1946,Angel on My Shoulder,2,1940,3.45,20,1.3168942730211068,Moderate,crime|drama,crime|drama angel on my shoulder
961,Little Lord Fauntleroy (1936),Drama,1936,Little Lord Fauntleroy,1,1930,3.4782608695652173,23,1.2011193725169755,Moderate,drama,drama little lord fauntleroy
962,They Made Me a Criminal (1939),Crime|Drama,1939,They Made Me a Criminal,2,1930,3.5454545454545454,11,1.0357254813546264,Moderate,crime|drama,crime|drama they made me a criminal
963,"Inspector General, The (1949)",Musical,1949,"Inspector General, The",1,1940,3.574074074074074,54,1.0389009405236018,Popular,musical,"musical inspector general, the"
964,Angel and the Badman (1947),Western,1947,Angel and the Badman,1,1940,3.392156862745098,51,0.9813955649492009,Popular,western,western angel and the badman
965,"39 Steps, The (1935)",Thriller,1935,"39 Steps, The",1,1930,4.075098814229249,253,0.85350147741116,Blockbuster,thriller,"thriller 39 steps, the"
966,"Walk in the Sun, A (1945)",Drama,1945,"Walk in the Sun, A",1,1940,4.0,6,0.6324555320336759,Niche,drama,"drama walk in the sun, a"
967,"Outlaw, The (1943)",Western,1943,"Outlaw, The",1,1940,3.260869565217391,23,1.09616651457157,Moderate,western,"western outlaw, the"
968,Night of the Living Dead (1968),Horror|Sci-Fi,1968,Night of the Living Dead,2,1960,3.6713286713286712,715,1.1557687716184897,Blockbuster,horror|scifi,horror|sci-fi night of the living dead
969,"African Queen, The (1951)",Action|Adventure|Romance|War,1951,"African Queen, The",4,1950,4.251655629139073,1057,0.8205802193862117,Blockbuster,action|adventure|romance|war,"action|adventure|romance|war african queen, the"
970,Beat the Devil (1954),Comedy|Drama,1954,Beat the Devil,2,1950,3.4054054054054053,37,1.1657010160666668,Moderate,comedy|drama,comedy|drama beat the devil
971,Cat on a Hot Tin Roof (1958),Drama,1958,Cat on a Hot Tin Roof,1,1950,4.047970479704797,271,0.8528305458096964,Blockbuster,drama,drama cat on a hot tin roof
972,"Last Time I Saw Paris, The (1954)",Drama,1954,"Last Time I Saw Paris, The",1,1950,3.1666666666666665,6,0.752772652709081,Niche,drama,"drama last time i saw paris, the"
973,Meet John Doe (1941),Drama,1941,Meet John Doe,1,1940,3.9146341463414633,82,0.945440252954174,Popular,drama,drama meet john doe
974,Algiers (1938),Drama|Romance,1938,Algiers,2,1930,3.75,16,0.7745966692414833,Moderate,drama|romance,drama|romance algiers
976,"Farewell to Arms, A (1932)",Romance|War,1932,"Farewell to Arms, A",2,1930,3.5714285714285716,56,1.0763092299342036,Popular,romance|war,"romance|war farewell to arms, a"
978,"Blue Angel, The (Blaue Engel, Der) (1930)",Drama,1930,"Blue Angel, The (Blaue Engel, Der)",1,1930,3.94,100,1.1175369742826806,Popular,drama,"drama blue angel, the (blaue engel, der)"
980,In the Line of Duty 2 (1987),Action,1987,In the Line of Duty 2,1,1980,2.8,5,1.3038404810405297,Niche,action,action in the line of duty 2
982,Picnic (1955),Drama,1955,Picnic,1,1950,3.6790123456790123,81,0.94640319755677,Popular,drama,drama picnic
984,"Pompatus of Love, The (1996)",Comedy|Drama,1996,"Pompatus of Love, The",2,1990,2.6666666666666665,33,1.1086778913041726,Moderate,comedy|drama,"comedy|drama pompatus of love, the"
986,Fly Away Home (1996),Adventure|Children's,1996,Fly Away Home,2,1990,3.603448275862069,232,1.0182687144375049,Blockbuster,adventure|childrens,adventure|children's fly away home
987,Bliss (1997),Drama|Romance,1997,Bliss,2,1990,2.9,40,0.9818872461248103,Moderate,drama|romance,drama|romance bliss
988,Grace of My Heart (1996),Comedy|Drama,1996,Grace of My Heart,2,1990,3.3768115942028984,69,1.0585985362922377,Popular,comedy|drama,comedy|drama grace of my heart
990,Maximum Risk (1996),Action|Adventure|Thriller,1996,Maximum Risk,3,1990,2.574074074074074,54,0.9437350893856844,Popular,action|adventure|thriller,action|adventure|thriller maximum risk
991,Michael Collins (1996),Drama|War,1996,Michael Collins,2,1990,3.523529411764706,170,0.8648490046851979,Popular,drama|war,drama|war michael collins
992,"Rich Man's Wife, The (1996)",Thriller,1996,"Rich Man's Wife, The",1,1990,2.6,20,1.0954451150103324,Moderate,thriller,"thriller rich man's wife, the"
993,Infinity (1996),Drama,1996,Infinity,1,1990,3.111111111111111,9,1.0540925533894598,Niche,drama,drama infinity
994,Big Night (1996),Drama,1996,Big Night,1,1990,4.095555555555555,450,0.8186184122804249,Blockbuster,drama,drama big night
996,Last Man Standing (1996),Action|Drama|Western,1996,Last Man Standing,3,1990,2.90625,256,1.1267687620524696,Blockbuster,action|drama|western,action|drama|western last man standing
997,Caught (1996),Drama|Thriller,1996,Caught,2,1990,3.357142857142857,28,0.9893613995077727,Moderate,drama|thriller,drama|thriller caught
998,Set It Off (1996),Action|Crime,1996,Set It Off,2,1990,3.010752688172043,93,1.0580398576357866,Popular,action|crime,action|crime set it off
999,2 Days in the Valley (1996),Crime,1996,2 Days in the Valley,1,1990,3.2832167832167833,286,0.9215917590690589,Blockbuster,crime,crime 2 days in the valley
1000,Curdled (1996),Crime,1996,Curdled,1,1990,3.05,20,1.234376040972246,Moderate,crime,crime curdled
1002,Ed's Next Move (1996),Comedy,1996,Ed's Next Move,1,1990,4.25,8,0.8864052604279182,Niche,comedy,comedy ed's next move
1003,Extreme Measures (1996),Drama|Thriller,1996,Extreme Measures,2,1990,2.9421487603305785,121,0.8688835812040356,Popular,drama|thriller,drama|thriller extreme measures
1004,"Glimmer Man, The (1996)",Action|Thriller,1996,"Glimmer Man, The",2,1990,2.6633663366336635,101,1.1685651691093,Popular,action|thriller,"action|thriller glimmer man, the"
1005,D3: The Mighty Ducks (1996),Children's|Comedy,1996,D3: The Mighty Ducks,2,1990,2.3732394366197185,142,1.1147569459960718,Popular,childrens|comedy,children's|comedy d3: the mighty ducks
1006,"Chamber, The (1996)",Drama,1996,"Chamber, The",1,1990,3.08974358974359,78,0.9559913252323023,Popular,drama,"drama chamber, the"
1007,"Apple Dumpling Gang, The (1975)",Children's|Comedy|Western,1975,"Apple Dumpling Gang, The",3,1970,2.978448275862069,232,0.9325574419811452,Blockbuster,childrens|comedy|western,"children's|comedy|western apple dumpling gang, the"
1008,"Davy Crockett, King of the Wild Frontier (1955)",Western,1955,"Davy Crockett, King of the Wild Frontier",1,1950,3.329896907216495,97,0.9434163260518489,Popular,western,"western davy crockett, king of the wild frontier"
1009,Escape to Witch Mountain (1975),Adventure|Children's|Fantasy,1975,Escape to Witch Mountain,3,1970,3.185567010309278,291,1.0372034373709595,Blockbuster,adventure|childrens|fantasy,adventure|children's|fantasy escape to witch mountain
1010,"Love Bug, The (1969)",Children's|Comedy,1969,"Love Bug, The",2,1960,3.268595041322314,242,0.9801797665464709,Blockbuster,childrens|comedy,"children's|comedy love bug, the"
1011,Herbie Rides Again (1974),Adventure|Children's|Comedy,1974,Herbie Rides Again,3,1970,2.725925925925926,135,1.0106125645696842,Popular,adventure|childrens|comedy,adventure|children's|comedy herbie rides again
1012,Old Yeller (1957),Children's|Drama,1957,Old Yeller,2,1950,3.7043189368770766,301,0.9568775354977243,Blockbuster,childrens|drama,children's|drama old yeller
1013,"Parent Trap, The (1961)",Children's|Drama,1961,"Parent Trap, The",2,1960,3.565891472868217,258,1.0313752010285366,Blockbuster,childrens|drama,"children's|drama parent trap, the"
1014,Pollyanna (1960),Children's|Comedy|Drama,1960,Pollyanna,3,1960,3.4044117647058822,136,1.1377604803627968,Popular,childrens|comedy|drama,children's|comedy|drama pollyanna
1015,Homeward Bound: The Incredible Journey (1993),Adventure|Children's,1993,Homeward Bound: The Incredible Journey,2,1990,3.3461538461538463,234,1.0542404430926071,Blockbuster,adventure|childrens,adventure|children's homeward bound: the incredible journey
1016,"Shaggy Dog, The (1959)",Children's|Comedy,1959,"Shaggy Dog, The",2,1950,3.217948717948718,156,0.9318373926739807,Popular,childrens|comedy,"children's|comedy shaggy dog, the"
1017,Swiss Family Robinson (1960),Adventure|Children's,1960,Swiss Family Robinson,2,1960,3.5869565217391304,276,0.8715984135290767,Blockbuster,adventure|childrens,adventure|children's swiss family robinson
1018,That Darn Cat! (1965),Children's|Comedy|Mystery,1965,That Darn Cat!,3,1960,3.252032520325203,123,1.0604166822138201,Popular,childrens|comedy|mystery,children's|comedy|mystery that darn cat!
1019,"20,000 Leagues Under the Sea (1954)",Adventure|Children's|Fantasy|Sci-Fi,1954,"20,000 Leagues Under the Sea",4,1950,3.7026086956521738,575,0.8696850394645781,Blockbuster,adventure|childrens|fantasy|scifi,"adventure|children's|fantasy|sci-fi 20,000 leagues under the sea"
1020,Cool Runnings (1993),Comedy,1993,Cool Runnings,1,1990,3.239795918367347,392,0.9667875770373406,Blockbuster,comedy,comedy cool runnings
1021,Angels in the Outfield (1994),Children's|Comedy,1994,Angels in the Outfield,2,1990,2.769230769230769,247,1.1222910543868396,Blockbuster,childrens|comedy,children's|comedy angels in the outfield
1022,Cinderella (1950),Animation|Children's|Musical,1950,Cinderella,3,1950,3.755632582322357,577,0.9705240871090064,Blockbuster,animation|childrens|musical,animation|children's|musical cinderella
1023,Winnie the Pooh and the Blustery Day (1968),Animation|Children's,1968,Winnie the Pooh and the Blustery Day,2,1960,3.986425339366516,221,1.0552019970734163,Blockbuster,animation|childrens,animation|children's winnie the pooh and the blustery day
1024,"Three Caballeros, The (1945)",Animation|Children's|Musical,1945,"Three Caballeros, The",3,1940,3.246031746031746,126,0.9772328929094266,Popular,animation|childrens|musical,"animation|children's|musical three caballeros, the"
1025,"Sword in the Stone, The (1963)",Animation|Children's,1963,"Sword in the Stone, The",2,1960,3.6109215017064846,293,0.90592617255397,Blockbuster,animation|childrens,"animation|children's sword in the stone, the"
1026,So Dear to My Heart (1949),Children's|Drama,1949,So Dear to My Heart,2,1940,3.625,8,1.1877349391654208,Niche,childrens|drama,children's|drama so dear to my heart
1027,Robin Hood: Prince of Thieves (1991),Drama,1991,Robin Hood: Prince of Thieves,1,1990,3.1627906976744184,344,1.0257383331417815,Blockbuster,drama,drama robin hood: prince of thieves
1028,Mary Poppins (1964),Children's|Comedy|Musical,1964,Mary Poppins,3,1960,3.894164193867458,1011,1.0096933995686472,Blockbuster,childrens|comedy|musical,children's|comedy|musical mary poppins
1029,Dumbo (1941),Animation|Children's|Musical,1941,Dumbo,3,1940,3.688380281690141,568,0.9630229721566914,Blockbuster,animation|childrens|musical,animation|children's|musical dumbo
1030,Pete's Dragon (1977),Adventure|Animation|Children's|Musical,1977,Pete's Dragon,4,1970,3.0773993808049536,323,1.0500887502863159,Blockbuster,adventure|animation|childrens|musical,adventure|animation|children's|musical pete's dragon
1031,Bedknobs and Broomsticks (1971),Adventure|Children's|Musical,1971,Bedknobs and Broomsticks,3,1970,3.479623824451411,319,0.9510298206061588,Blockbuster,adventure|childrens|musical,adventure|children's|musical bedknobs and broomsticks
1032,Alice in Wonderland (1951),Animation|Children's|Musical,1951,Alice in Wonderland,3,1950,3.697142857142857,525,0.9737447530316691,Blockbuster,animation|childrens|musical,animation|children's|musical alice in wonderland
1033,"Fox and the Hound, The (1981)",Animation|Children's,1981,"Fox and the Hound, The",2,1980,3.4494773519163764,287,0.9589793190030118,Blockbuster,animation|childrens,"animation|children's fox and the hound, the"
1034,Freeway (1996),Crime,1996,Freeway,1,1990,3.6449704142011834,169,1.1092098883892185,Popular,crime,crime freeway
1035,"Sound of Music, The (1965)",Musical,1965,"Sound of Music, The",1,1960,3.931972789115646,882,1.132493139972627,Blockbuster,musical,"musical sound of music, the"
1036,Die Hard (1988),Action|Thriller,1988,Die Hard,2,1980,4.121848739495798,1666,0.8609878766005151,Blockbuster,action|thriller,action|thriller die hard
1037,"Lawnmower Man, The (1992)",Action|Sci-Fi|Thriller,1992,"Lawnmower Man, The",3,1990,2.6601626016260163,615,1.0631325354112235,Blockbuster,action|scifi|thriller,"action|sci-fi|thriller lawnmower man, the"
1038,Unhook the Stars (1996),Drama,1996,Unhook the Stars,1,1990,3.272727272727273,11,0.9045340337332909,Moderate,drama,drama unhook the stars
1040,"Secret Agent, The (1996)",Drama,1996,"Secret Agent, The",1,1990,3.0,5,0.9999999999999999,Niche,drama,"drama secret agent, the"
1041,Secrets & Lies (1996),Drama,1996,Secrets & Lies,1,1990,4.037974683544304,474,0.8931456816556006,Blockbuster,drama,drama secrets & lies
1042,That Thing You Do! (1996),Comedy,1996,That Thing You Do!,1,1990,3.481060606060606,528,0.962100214969529,Blockbuster,comedy,comedy that thing you do!
1043,To Gillian on Her 37th Birthday (1996),Drama|Romance,1996,To Gillian on Her 37th Birthday,2,1990,2.8425925925925926,108,1.0154142567650968,Popular,drama|romance,drama|romance to gillian on her 37th birthday
1044,Surviving Picasso (1996),Drama,1996,Surviving Picasso,1,1990,3.2857142857142856,35,0.9873144969898833,Moderate,drama,drama surviving picasso
1046,Beautiful Thing (1996),Drama|Romance,1996,Beautiful Thing,2,1990,4.066666666666666,90,1.129780728452217,Popular,drama|romance,drama|romance beautiful thing
1047,"Long Kiss Goodnight, The (1996)",Action|Thriller,1996,"Long Kiss Goodnight, The",2,1990,3.4838709677419355,434,1.0444918726327306,Blockbuster,action|thriller,"action|thriller long kiss goodnight, the"
1049,"Ghost and the Darkness, The (1996)",Action|Adventure,1996,"Ghost and the Darkness, The",2,1990,3.328159645232816,451,1.0471467821397589,Blockbuster,action|adventure,"action|adventure ghost and the darkness, the"
1050,Looking for Richard (1996),Documentary|Drama,1996,Looking for Richard,2,1990,3.8219178082191783,146,1.0483808962122252,Popular,documentary|drama,documentary|drama looking for richard
1051,Trees Lounge (1996),Drama,1996,Trees Lounge,1,1990,3.4183673469387754,98,0.9624225167661321,Popular,drama,drama trees lounge
1053,Normal Life (1996),Crime|Drama,1996,Normal Life,2,1990,2.914285714285714,35,1.0674716850199484,Moderate,crime|drama,crime|drama normal life
1054,Get on the Bus (1996),Drama,1996,Get on the Bus,1,1990,3.308641975308642,81,1.1251885987318075,Popular,drama,drama get on the bus
1055,Shadow Conspiracy (1997),Thriller,1997,Shadow Conspiracy,1,1990,2.736842105263158,19,1.097578408394179,Moderate,thriller,thriller shadow conspiracy
1056,Jude (1996),Drama,1996,Jude,1,1990,3.54,50,0.8134080483135291,Moderate,drama,drama jude
1057,Everyone Says I Love You (1996),Comedy|Musical|Romance,1996,Everyone Says I Love You,3,1990,3.5583941605839415,274,0.9522783426449106,Blockbuster,comedy|musical|romance,comedy|musical|romance everyone says i love you
1058,Bitter Sugar (Azucar Amargo) (1996),Drama,1996,Bitter Sugar (Azucar Amargo),1,1990,3.272727272727273,11,1.1037127426019047,Moderate,drama,drama bitter sugar (azucar amargo)
1059,William Shakespeare's Romeo and Juliet (1996),Drama|Romance,1996,William Shakespeare's Romeo and Juliet,2,1990,3.4008350730688934,479,1.1670508426777817,Blockbuster,drama|romance,drama|romance william shakespeare's romeo and juliet
1060,Swingers (1996),Comedy|Drama,1996,Swingers,2,1990,3.94147582697201,786,0.9625522654620532,Blockbuster,comedy|drama,comedy|drama swingers
1061,Sleepers (1996),Crime|Drama,1996,Sleepers,2,1990,3.550802139037433,374,0.9470353902844265,Blockbuster,crime|drama,crime|drama sleepers
1063,Johns (1996),Drama,1996,Johns,1,1990,3.1538461538461537,26,1.2551432648843777,Moderate,drama,drama johns
1064,Aladdin and the King of Thieves (1996),Animation|Children's|Comedy,1996,Aladdin and the King of Thieves,3,1990,2.8947368421052633,209,1.064470368771204,Blockbuster,animation|childrens|comedy,animation|children's|comedy aladdin and the king of thieves
1066,Shall We Dance? (1937),Comedy|Musical|Romance,1937,Shall We Dance?,3,1930,4.1657142857142855,175,0.9039958731033285,Popular,comedy|musical|romance,comedy|musical|romance shall we dance?
1067,"Damsel in Distress, A (1937)",Comedy|Musical|Romance,1937,"Damsel in Distress, A",3,1930,3.782608695652174,23,1.2415723806063763,Moderate,comedy|musical|romance,"comedy|musical|romance damsel in distress, a"
1068,Crossfire (1947),Crime|Film-Noir,1947,Crossfire,2,1940,3.6857142857142855,35,0.9321521136730905,Moderate,crime|filmnoir,crime|film-noir crossfire
1069,"Murder, My Sweet (1944)",Film-Noir|Thriller,1944,"Murder, My Sweet",2,1940,3.9272727272727272,110,0.9453807631440195,Popular,filmnoir|thriller,"film-noir|thriller murder, my sweet"
1071,For the Moment (1994),Romance|War,1994,For the Moment,2,1990,3.4,5,1.140175425099138,Niche,romance|war,romance|war for the moment
1073,Willy Wonka and the Chocolate Factory (1971),Adventure|Children's|Comedy|Fantasy,1971,Willy Wonka and the Chocolate Factory,4,1970,3.8613861386138613,1313,1.0161696812332646,Blockbuster,adventure|childrens|comedy|fantasy,adventure|children's|comedy|fantasy willy wonka and the chocolate factory
1076,"Innocents, The (1961)",Thriller,1961,"Innocents, The",1,1960,4.0,23,0.9045340337332908,Moderate,thriller,"thriller innocents, the"
1077,Sleeper (1973),Comedy|Sci-Fi,1973,Sleeper,2,1970,3.9798387096774195,744,0.9021415978161699,Blockbuster,comedy|scifi,comedy|sci-fi sleeper
1078,Bananas (1971),Comedy|War,1971,Bananas,2,1970,3.836021505376344,372,0.8917067916258623,Blockbuster,comedy|war,comedy|war bananas
1079,"Fish Called Wanda, A (1988)",Comedy,1988,"Fish Called Wanda, A",1,1980,3.971342383107089,1326,0.9246767963887033,Blockbuster,comedy,"comedy fish called wanda, a"
1080,Monty Python's Life of Brian (1979),Comedy,1979,Monty Python's Life of Brian,1,1970,4.018358531317495,926,0.9338602852661679,Blockbuster,comedy,comedy monty python's life of brian
1081,Victor/Victoria (1982),Comedy|Musical,1982,Victor/Victoria,2,1980,3.6175115207373274,434,1.0040413860732018,Blockbuster,comedy|musical,comedy|musical victor/victoria
1082,"Candidate, The (1972)",Drama,1972,"Candidate, The",1,1970,3.7012987012987013,154,0.7680709230755449,Popular,drama,"drama candidate, the"
1083,"Great Race, The (1965)",Comedy|Musical,1965,"Great Race, The",2,1960,3.5304878048780486,164,0.9295673542611292,Popular,comedy|musical,"comedy|musical great race, the"
1084,Bonnie and Clyde (1967),Crime|Drama,1967,Bonnie and Clyde,2,1960,4.096209912536443,686,0.8209395950044822,Blockbuster,crime|drama,crime|drama bonnie and clyde
1085,"Old Man and the Sea, The (1958)",Adventure|Drama,1958,"Old Man and the Sea, The",2,1950,3.7786259541984735,131,0.9710428679111948,Popular,adventure|drama,"adventure|drama old man and the sea, the"
1086,Dial M for Murder (1954),Mystery|Thriller,1954,Dial M for Murder,2,1950,4.079155672823219,379,0.7760047758936777,Blockbuster,mystery|thriller,mystery|thriller dial m for murder
1087,Madame Butterfly (1995),Musical,1995,Madame Butterfly,1,1990,3.4444444444444446,18,1.0416176459053668,Moderate,musical,musical madame butterfly
1088,Dirty Dancing (1987),Musical|Romance,1987,Dirty Dancing,2,1980,3.3114992721979624,687,1.168924124554064,Blockbuster,musical|romance,musical|romance dirty dancing
1089,Reservoir Dogs (1992),Crime|Thriller,1992,Reservoir Dogs,2,1990,4.13582208101668,1259,0.9911269397050116,Blockbuster,crime|thriller,crime|thriller reservoir dogs
1090,Platoon (1986),Drama|War,1986,Platoon,2,1980,4.090113735783027,1143,0.8656301093291451,Blockbuster,drama|war,drama|war platoon
1091,Weekend at Bernie's (1989),Comedy,1989,Weekend at Bernie's,1,1980,2.7935656836461127,373,1.0614260006935263,Blockbuster,comedy,comedy weekend at bernie's
1092,Basic Instinct (1992),Mystery|Thriller,1992,Basic Instinct,2,1990,3.5419440745672435,751,0.9608529278033011,Blockbuster,mystery|thriller,mystery|thriller basic instinct
1093,"Doors, The (1991)",Drama|Musical,1991,"Doors, The",2,1990,3.4073529411764705,680,0.932290349077997,Blockbuster,drama|musical,"drama|musical doors, the"
1094,"Crying Game, The (1992)",Drama|Romance|War,1992,"Crying Game, The",3,1990,3.7314890154597236,1229,1.005437729839324,Blockbuster,drama|romance|war,"drama|romance|war crying game, the"
1095,Glengarry Glen Ross (1992),Drama,1992,Glengarry Glen Ross,1,1990,3.8844133099824867,571,1.0348076170543785,Blockbuster,drama,drama glengarry glen ross
1096,Sophie's Choice (1982),Drama,1982,Sophie's Choice,1,1980,3.9767441860465116,344,0.9894692653538066,Blockbuster,drama,drama sophie's choice
1097,E.T. the Extra-Terrestrial (1982),Children's|Drama|Fantasy|Sci-Fi,1982,E.T. the Extra-Terrestrial,4,1980,3.9651828999559275,2269,0.9475321722319997,Blockbuster,childrens|drama|fantasy|scifi,children's|drama|fantasy|sci-fi e.t. the extra-terrestrial
1098,"Search for One-eye Jimmy, The (1996)",Comedy,1996,"Search for One-eye Jimmy, The",1,1990,2.4,5,0.5477225575051661,Niche,comedy,"comedy search for one-eye jimmy, the"
1099,"Christmas Carol, A (1938)",Drama,1938,"Christmas Carol, A",1,1930,3.9896907216494846,194,0.9047353302711945,Popular,drama,"drama christmas carol, a"
1100,Days of Thunder (1990),Action|Romance,1990,Days of Thunder,2,1990,2.807142857142857,420,1.037918988552816,Blockbuster,action|romance,action|romance days of thunder
1101,Top Gun (1986),Action|Romance,1986,Top Gun,2,1980,3.6861386138613863,1010,1.0295466207969937,Blockbuster,action|romance,action|romance top gun
1103,Rebel Without a Cause (1955),Drama,1955,Rebel Without a Cause,1,1950,3.9228855721393034,402,0.8513000952720904,Blockbuster,drama,drama rebel without a cause
1104,"Streetcar Named Desire, A (1951)",Drama,1951,"Streetcar Named Desire, A",1,1950,4.225672877846791,483,0.8477473889713114,Blockbuster,drama,"drama streetcar named desire, a"
1105,Children of the Corn IV: The Gathering (1996),Horror,1996,Children of the Corn IV: The Gathering,1,1990,1.7857142857142858,42,1.116084494697035,Moderate,horror,horror children of the corn iv: the gathering
1111,Microcosmos (Microcosmos: Le peuple de l'herbe) (1996),Documentary,1996,Microcosmos (Microcosmos: Le peuple de l'herbe),1,1990,4.095744680851064,94,0.8559613715554331,Popular,documentary,documentary microcosmos (microcosmos: le peuple de l'herbe)
1112,Palookaville (1996),Action|Drama,1996,Palookaville,2,1990,3.4285714285714284,35,0.9787661586289704,Moderate,action|drama,action|drama palookaville
1113,"Associate, The (1996)",Comedy,1996,"Associate, The",1,1990,3.0,50,1.1065666703449761,Moderate,comedy,"comedy associate, the"
1114,"Funeral, The (1996)",Drama,1996,"Funeral, The",1,1990,2.870967741935484,31,1.1177935254739124,Moderate,drama,"drama funeral, the"
1116,"Single Girl, A (La Fille Seule) (1995)",Drama,1995,"Single Girl, A (La Fille Seule)",1,1990,3.411764705882353,17,0.8702602720890289,Moderate,drama,"drama single girl, a (la fille seule)"
1117,"Eighth Day, The (Le Huitième jour ) (1996)",Drama,1996,"Eighth Day, The (Le Huitième jour )",1,1990,4.25,12,0.9653072991634227,Moderate,drama,"drama eighth day, the (le huitième jour )"
1119,Drunks (1997),Drama,1997,Drunks,1,1990,3.2058823529411766,34,0.9464258687999234,Moderate,drama,drama drunks
1120,"People vs. Larry Flynt, The (1996)",Drama,1996,"People vs. Larry Flynt, The",1,1990,3.5833333333333335,456,0.8475346708630969,Blockbuster,drama,"drama people vs. larry flynt, the"
1121,Glory Daze (1996),Drama,1996,Glory Daze,1,1990,3.076923076923077,13,0.8623164985025763,Moderate,drama,drama glory daze
1123,"Perfect Candidate, A (1996)",Documentary,1996,"Perfect Candidate, A",1,1990,3.727272727272727,33,1.0975178606954215,Moderate,documentary,"documentary perfect candidate, a"
1124,On Golden Pond (1981),Drama,1981,On Golden Pond,1,1980,3.740740740740741,405,0.9670023316160802,Blockbuster,drama,drama on golden pond
1125,"Return of the Pink Panther, The (1974)",Comedy,1974,"Return of the Pink Panther, The",1,1970,3.779220779220779,385,0.9132043033008002,Blockbuster,comedy,"comedy return of the pink panther, the"
1126,Drop Dead Fred (1991),Comedy|Fantasy,1991,Drop Dead Fred,2,1990,2.3722397476340693,317,1.1584523036394423,Blockbuster,comedy|fantasy,comedy|fantasy drop dead fred
1127,"Abyss, The (1989)",Action|Adventure|Sci-Fi|Thriller,1989,"Abyss, The",4,1980,3.6839650145772596,1715,0.9481016585268307,Blockbuster,action|adventure|scifi|thriller,"action|adventure|sci-fi|thriller abyss, the"
1128,"Fog, The (1980)",Horror,1980,"Fog, The",1,1980,2.9235294117647057,170,1.0658937476964345,Popular,horror,"horror fog, the"
1129,Escape from New York (1981),Action|Adventure|Sci-Fi|Thriller,1981,Escape from New York,4,1980,3.4649321266968327,884,0.9647894494057824,Blockbuster,action|adventure|scifi|thriller,action|adventure|sci-fi|thriller escape from new york
1130,"Howling, The (1980)",Horror,1980,"Howling, The",1,1980,3.25974025974026,231,0.9965496658920204,Blockbuster,horror,"horror howling, the"
1131,Jean de Florette (1986),Drama,1986,Jean de Florette,1,1980,4.324074074074074,216,0.8277591347639636,Blockbuster,drama,drama jean de florette
1132,Manon of the Spring (Manon des sources) (1986),Drama,1986,Manon of the Spring (Manon des sources),1,1980,4.259090909090909,220,0.8391989499174488,Blockbuster,drama,drama manon of the spring (manon des sources)
1135,Private Benjamin (1980),Comedy,1980,Private Benjamin,1,1980,3.189189189189189,407,0.9156983827433032,Blockbuster,comedy,comedy private benjamin
1136,Monty Python and the Holy Grail (1974),Comedy,1974,Monty Python and the Holy Grail,1,1970,4.335209505941213,1599,0.8738760723048082,Blockbuster,comedy,comedy monty python and the holy grail
1138,Dadetown (1995),Documentary,1995,Dadetown,1,1990,3.857142857142857,7,1.4638501094227998,Niche,documentary,documentary dadetown
1144,"Line King: Al Hirschfeld, The (1996)",Documentary,1996,"Line King: Al Hirschfeld, The",1,1990,3.75,16,0.6831300510639732,Moderate,documentary,"documentary line king: al hirschfeld, the"
1147,When We Were Kings (1996),Documentary,1996,When We Were Kings,1,1990,4.32129963898917,277,0.7949212250871608,Blockbuster,documentary,documentary when we were kings
1148,"Wrong Trousers, The (1993)",Animation|Comedy,1993,"Wrong Trousers, The",2,1990,4.507936507936508,882,0.7086657095592801,Blockbuster,animation|comedy,"animation|comedy wrong trousers, the"
1150,"Return of Martin Guerre, The (Retour de Martin Guerre, Le) (1982)",Drama,1982,"Return of Martin Guerre, The (Retour de Martin Guerre, Le)",1,1980,3.930379746835443,158,0.8604330757262632,Popular,drama,"drama return of martin guerre, the (retour de martin guerre, le)"
1151,Faust (1994),Animation|Comedy|Thriller,1994,Faust,3,1990,3.4838709677419355,31,1.3132902127084094,Moderate,animation|comedy|thriller,animation|comedy|thriller faust
1152,He Walked by Night (1948),Crime|Film-Noir|Thriller,1948,He Walked by Night,3,1940,3.4827586206896552,29,1.0219270890672476,Moderate,crime|filmnoir|thriller,crime|film-noir|thriller he walked by night
1153,Raw Deal (1948),Film-Noir,1948,Raw Deal,1,1940,3.4285714285714284,14,1.1578684470436789,Moderate,filmnoir,film-noir raw deal
1154,T-Men (1947),Film-Noir,1947,T-Men,1,1940,3.7333333333333334,15,0.883715101688537,Moderate,filmnoir,film-noir t-men
1160,Six of a Kind (1934),Comedy,1934,Six of a Kind,1,1930,2.1666666666666665,6,1.3291601358251257,Niche,comedy,comedy six of a kind
1161,"Tin Drum, The (Blechtrommel, Die) (1979)",Drama,1979,"Tin Drum, The (Blechtrommel, Die)",1,1970,3.9468085106382977,94,0.9545253988926073,Popular,drama,"drama tin drum, the (blechtrommel, die)"
1162,"Ruling Class, The (1972)",Comedy,1972,"Ruling Class, The",1,1970,3.90625,96,0.9070266635667622,Popular,comedy,"comedy ruling class, the"
1163,Mina Tannenbaum (1994),Drama,1994,Mina Tannenbaum,1,1990,2.9473684210526314,19,1.393384536958932,Moderate,drama,drama mina tannenbaum
1164,Two or Three Things I Know About Her (1966),Drama,1966,Two or Three Things I Know About Her,1,1960,3.6,5,1.6733200530681511,Niche,drama,drama two or three things i know about her
1167,Dear God (1996),Comedy,1996,Dear God,1,1990,2.893617021276596,94,0.9996567701975436,Popular,comedy,comedy dear god
1168,Bad Moon (1996),Horror,1996,Bad Moon,1,1990,2.0555555555555554,18,1.055641551364534,Moderate,horror,horror bad moon
1169,American Dream (1990),Documentary,1990,American Dream,1,1990,3.7222222222222223,36,1.0586004537288471,Moderate,documentary,documentary american dream
1170,Best of the Best 3: No Turning Back (1995),Action,1995,Best of the Best 3: No Turning Back,1,1990,1.6470588235294117,17,0.7018882096342189,Moderate,action,action best of the best 3: no turning back
1171,Bob Roberts (1992),Comedy,1992,Bob Roberts,1,1990,3.7349397590361444,415,0.9540700678828011,Blockbuster,comedy,comedy bob roberts
1172,Cinema Paradiso (1988),Comedy|Drama|Romance,1988,Cinema Paradiso,3,1980,4.287804878048781,615,0.840794699874904,Blockbuster,comedy|drama|romance,comedy|drama|romance cinema paradiso
1173,"Cook the Thief His Wife & Her Lover, The (1989)",Drama,1989,"Cook the Thief His Wife & Her Lover, The",1,1980,3.3484848484848486,198,1.2236139894593954,Popular,drama,"drama cook the thief his wife & her lover, the"
1174,Grosse Fatigue (1994),Comedy,1994,Grosse Fatigue,1,1990,3.8,5,1.0954451150103321,Niche,comedy,comedy grosse fatigue
1175,Delicatessen (1991),Comedy|Sci-Fi,1991,Delicatessen,2,1990,4.002717391304348,368,0.9890370218254751,Blockbuster,comedy|scifi,comedy|sci-fi delicatessen
1176,"Double Life of Veronique, The (La Double Vie de Véronique) (1991)",Drama,1991,"Double Life of Veronique, The (La Double Vie de Véronique)",1,1990,3.937984496124031,129,0.9980601339637566,Popular,drama,"drama double life of veronique, the (la double vie de véronique)"
1177,Enchanted April (1991),Drama,1991,Enchanted April,1,1990,3.993197278911565,147,0.9326394907565155,Popular,drama,drama enchanted april
1178,Paths of Glory (1957),Drama|War,1957,Paths of Glory,2,1950,4.473913043478261,230,0.8075610979383295,Blockbuster,drama|war,drama|war paths of glory
1179,"Grifters, The (1990)",Crime|Drama|Film-Noir,1990,"Grifters, The",3,1990,3.7887005649717516,885,0.9207800927701265,Blockbuster,crime|drama|filmnoir,"crime|drama|film-noir grifters, the"
1180,Hear My Song (1991),Comedy,1991,Hear My Song,1,1990,3.84,50,1.0567566862232531,Moderate,comedy,comedy hear my song
1181,"Shooter, The (1995)",Action,1995,"Shooter, The",1,1990,2.9,10,0.9944289260117533,Niche,action,"action shooter, the"
1183,"English Patient, The (1996)",Drama|Romance|War,1996,"English Patient, The",3,1990,3.609706774519717,989,1.1858420943094594,Blockbuster,drama|romance|war,"drama|romance|war english patient, the"
1184,Mediterraneo (1991),Comedy|War,1991,Mediterraneo,2,1990,3.802197802197802,91,0.8058091891561239,Popular,comedy|war,comedy|war mediterraneo
1185,My Left Foot (1989),Drama,1989,My Left Foot,1,1980,3.958057395143488,453,0.9074459569804152,Blockbuster,drama,drama my left foot
1186,"Sex, Lies, and Videotape (1989)",Drama,1989,"Sex, Lies, and Videotape",1,1980,3.613879003558719,562,0.9564601102780063,Blockbuster,drama,"drama sex, lies, and videotape"
1187,Passion Fish (1992),Drama,1992,Passion Fish,1,1990,3.6598639455782314,147,0.8874821907490053,Popular,drama,drama passion fish
1188,Strictly Ballroom (1992),Comedy|Romance,1992,Strictly Ballroom,2,1990,3.951183431952663,676,0.998805993288385,Blockbuster,comedy|romance,comedy|romance strictly ballroom
1189,"Thin Blue Line, The (1988)",Documentary,1988,"Thin Blue Line, The",1,1980,4.25278810408922,269,0.8393547826761004,Blockbuster,documentary,"documentary thin blue line, the"
1190,Tie Me Up! Tie Me Down! (1990),Drama,1990,Tie Me Up! Tie Me Down!,1,1990,3.507575757575758,132,0.96895483253835,Popular,drama,drama tie me up! tie me down!
1191,Madonna: Truth or Dare (1991),Documentary,1991,Madonna: Truth or Dare,1,1990,3.062200956937799,209,1.0335510750837484,Blockbuster,documentary,documentary madonna: truth or dare
1192,Paris Is Burning (1990),Documentary,1990,Paris Is Burning,1,1990,4.0285714285714285,105,0.9947665251507208,Popular,documentary,documentary paris is burning
1193,One Flew Over the Cuckoo's Nest (1975),Drama,1975,One Flew Over the Cuckoo's Nest,1,1970,4.390724637681159,1725,0.7895237757414775,Blockbuster,drama,drama one flew over the cuckoo's nest
1194,Up in Smoke (1978),Comedy,1978,Up in Smoke,1,1970,3.4764150943396226,212,1.0773015161680157,Blockbuster,comedy,comedy up in smoke
1196,Star Wars: Episode V - The Empire Strikes Back (1980),Action|Adventure|Drama|Sci-Fi|War,1980,Star Wars: Episode V - The Empire Strikes Back,5,1980,4.292976588628763,2990,0.8444320039457234,Blockbuster,action|adventure|drama|scifi|war,action|adventure|drama|sci-fi|war star wars: episode v - the empire strikes back
1197,"Princess Bride, The (1987)",Action|Adventure|Comedy|Romance,1987,"Princess Bride, The",4,1980,4.3037100949094045,2318,0.8500395007663399,Blockbuster,action|adventure|comedy|romance,"action|adventure|comedy|romance princess bride, the"
1198,Raiders of the Lost Ark (1981),Action|Adventure,1981,Raiders of the Lost Ark,2,1980,4.477724741447892,2514,0.7256465441877032,Blockbuster,action|adventure,action|adventure raiders of the lost ark
1199,Brazil (1985),Sci-Fi,1985,Brazil,1,1980,4.097480832420591,913,1.055646994340774,Blockbuster,scifi,sci-fi brazil
1200,Aliens (1986),Action|Sci-Fi|Thriller|War,1986,Aliens,4,1980,4.125824175824176,1820,0.9243473140407269,Blockbuster,action|scifi|thriller|war,action|sci-fi|thriller|war aliens
1201,"Good, The Bad and The Ugly, The (1966)",Action|Western,1966,"Good, The Bad and The Ugly, The",2,1960,4.133819951338199,822,0.892027078395324,Blockbuster,action|western,"action|western good, the bad and the ugly, the"
1202,Withnail and I (1987),Comedy,1987,Withnail and I,1,1980,3.611111111111111,72,1.0948735286865174,Popular,comedy,comedy withnail and i
1203,12 Angry Men (1957),Drama,1957,12 Angry Men,1,1950,4.295454545454546,616,0.8127312906342745,Blockbuster,drama,drama 12 angry men
1204,Lawrence of Arabia (1962),Adventure|War,1962,Lawrence of Arabia,2,1960,4.401925391095066,831,0.8226880122568586,Blockbuster,adventure|war,adventure|war lawrence of arabia
1205,"Transformers: The Movie, The (1986)",Action|Animation|Children's|Sci-Fi|Thriller|War,1986,"Transformers: The Movie, The",6,1980,3.380952380952381,231,1.2929174802616157,Blockbuster,action|animation|childrens|scifi|thriller|war,"action|animation|children's|sci-fi|thriller|war transformers: the movie, the"
1206,"Clockwork Orange, A (1971)",Sci-Fi,1971,"Clockwork Orange, A",1,1970,4.0781122864117165,1229,1.1083416392682768,Blockbuster,scifi,"sci-fi clockwork orange, a"
1207,To Kill a Mockingbird (1962),Drama,1962,To Kill a Mockingbird,1,1960,4.425646551724138,928,0.7888582357735456,Blockbuster,drama,drama to kill a mockingbird
1208,Apocalypse Now (1979),Drama|War,1979,Apocalypse Now,2,1970,4.243197278911564,1176,0.9153283695082504,Blockbuster,drama|war,drama|war apocalypse now
1209,Once Upon a Time in the West (1969),Western,1969,Once Upon a Time in the West,1,1960,4.023121387283237,173,0.993898579505097,Popular,western,western once upon a time in the west
1210,Star Wars: Episode VI - Return of the Jedi (1983),Action|Adventure|Romance|Sci-Fi|War,1983,Star Wars: Episode VI - Return of the Jedi,5,1980,4.022892819979188,2883,0.9273560638806967,Blockbuster,action|adventure|romance|scifi|war,action|adventure|romance|sci-fi|war star wars: episode vi - return of the jedi
1211,Wings of Desire (Der Himmel über Berlin) (1987),Comedy|Drama|Romance,1987,Wings of Desire (Der Himmel über Berlin),3,1980,4.1115702479338845,242,1.0306256475244575,Blockbuster,comedy|drama|romance,comedy|drama|romance wings of desire (der himmel über berlin)
1212,"Third Man, The (1949)",Mystery|Thriller,1949,"Third Man, The",2,1940,4.452083333333333,480,0.7575616260464736,Blockbuster,mystery|thriller,"mystery|thriller third man, the"
1213,GoodFellas (1990),Crime|Drama,1990,GoodFellas,2,1990,4.275196137598069,1657,0.8724550848921421,Blockbuster,crime|drama,crime|drama goodfellas
1214,Alien (1979),Action|Horror|Sci-Fi|Thriller,1979,Alien,4,1970,4.159584980237154,2024,0.9133096294144267,Blockbuster,action|horror|scifi|thriller,action|horror|sci-fi|thriller alien
1215,Army of Darkness (1993),Action|Adventure|Comedy|Horror|Sci-Fi,1993,Army of Darkness,5,1990,3.804232804232804,945,1.0500116367308503,Blockbuster,action|adventure|comedy|horror|scifi,action|adventure|comedy|horror|sci-fi army of darkness
1216,"Big Blue, The (Le Grand Bleu) (1988)",Adventure|Romance,1988,"Big Blue, The (Le Grand Bleu)",2,1980,3.6551724137931036,87,1.0978582342388137,Popular,adventure|romance,"adventure|romance big blue, the (le grand bleu)"
1217,Ran (1985),Drama|War,1985,Ran,2,1980,4.26890756302521,357,0.8483044456105605,Blockbuster,drama|war,drama|war ran
1218,"Killer, The (Die xue shuang xiong) (1989)",Action|Thriller,1989,"Killer, The (Die xue shuang xiong)",2,1980,4.19672131147541,244,0.9264236670670588,Blockbuster,action|thriller,"action|thriller killer, the (die xue shuang xiong)"
1219,Psycho (1960),Horror|Thriller,1960,Psycho,2,1960,4.218527315914489,1263,0.8900250449687531,Blockbuster,horror|thriller,horror|thriller psycho
1220,"Blues Brothers, The (1980)",Action|Comedy|Musical,1980,"Blues Brothers, The",3,1980,3.9395973154362416,1341,0.9542158547339397,Blockbuster,action|comedy|musical,"action|comedy|musical blues brothers, the"
1221,"Godfather: Part II, The (1974)",Action|Crime|Drama,1974,"Godfather: Part II, The",3,1970,4.357565011820331,1692,0.868896527525714,Blockbuster,action|crime|drama,"action|crime|drama godfather: part ii, the"
1222,Full Metal Jacket (1987),Action|Drama|War,1987,Full Metal Jacket,3,1980,4.110845295055821,1254,0.8622584462227066,Blockbuster,action|drama|war,action|drama|war full metal jacket
1223,"Grand Day Out, A (1992)",Animation|Comedy,1992,"Grand Day Out, A",2,1990,4.361522198731501,473,0.7663192126190324,Blockbuster,animation|comedy,"animation|comedy grand day out, a"
1224,Henry V (1989),Drama|War,1989,Henry V,2,1980,4.286384976525822,426,0.7807402714375328,Blockbuster,drama|war,drama|war henry v
1225,Amadeus (1984),Drama,1984,Amadeus,1,1980,4.251808972503618,1382,0.8234306283395829,Blockbuster,drama,drama amadeus
1226,"Quiet Man, The (1952)",Comedy|Romance,1952,"Quiet Man, The",2,1950,4.053097345132743,226,0.9076534626494773,Blockbuster,comedy|romance,"comedy|romance quiet man, the"
1227,Once Upon a Time in America (1984),Crime|Drama|Thriller,1984,Once Upon a Time in America,3,1980,3.863070539419087,241,0.9139687444528894,Blockbuster,crime|drama|thriller,crime|drama|thriller once upon a time in america
1228,Raging Bull (1980),Drama,1980,Raging Bull,1,1980,4.1875923190546525,677,0.8661755150657955,Blockbuster,drama,drama raging bull
1230,Annie Hall (1977),Comedy|Romance,1977,Annie Hall,2,1970,4.14167916041979,1334,0.9684531245104687,Blockbuster,comedy|romance,comedy|romance annie hall
1231,"Right Stuff, The (1983)",Drama,1983,"Right Stuff, The",1,1980,4.08,750,0.8245239756258407,Blockbuster,drama,"drama right stuff, the"
1232,Stalker (1979),Mystery|Sci-Fi,1979,Stalker,2,1970,3.6346153846153846,52,1.2684535304749476,Popular,mystery|scifi,mystery|sci-fi stalker
1233,"Boat, The (Das Boot) (1981)",Action|Drama|War,1981,"Boat, The (Das Boot)",3,1980,4.302697302697303,1001,0.8241860938421114,Blockbuster,action|drama|war,"action|drama|war boat, the (das boot)"
1234,"Sting, The (1973)",Comedy|Crime,1973,"Sting, The",2,1970,4.320305052430887,1049,0.7594050895670418,Blockbuster,comedy|crime,"comedy|crime sting, the"
1235,Harold and Maude (1971),Comedy,1971,Harold and Maude,1,1970,4.164992826398852,697,0.9128912521033693,Blockbuster,comedy,comedy harold and maude
1236,Trust (1990),Comedy|Drama,1990,Trust,2,1990,4.188888888888889,90,0.8332209662069486,Popular,comedy|drama,comedy|drama trust
1237,"Seventh Seal, The (Sjunde inseglet, Det) (1957)",Drama,1957,"Seventh Seal, The (Sjunde inseglet, Det)",1,1950,4.230769230769231,299,0.9780766688030079,Blockbuster,drama,"drama seventh seal, the (sjunde inseglet, det)"
1238,Local Hero (1983),Comedy,1983,Local Hero,1,1980,4.0,351,0.9971387638065794,Blockbuster,comedy,comedy local hero
1240,"Terminator, The (1984)",Action|Sci-Fi|Thriller,1984,"Terminator, The",3,1980,4.152049571020019,2098,0.852636570322501,Blockbuster,action|scifi|thriller,"action|sci-fi|thriller terminator, the"
1241,Braindead (1992),Comedy|Horror,1992,Braindead,2,1990,3.357142857142857,70,1.4649104863162308,Popular,comedy|horror,comedy|horror braindead
1242,Glory (1989),Action|Drama|War,1989,Glory,3,1980,4.193345323741007,1112,0.7762396116210384,Blockbuster,action|drama|war,action|drama|war glory
1243,Rosencrantz and Guildenstern Are Dead (1990),Comedy|Drama,1990,Rosencrantz and Guildenstern Are Dead,2,1990,3.9846153846153847,325,1.072845352787228,Blockbuster,comedy|drama,comedy|drama rosencrantz and guildenstern are dead
1244,Manhattan (1979),Comedy|Drama|Romance,1979,Manhattan,3,1970,4.082172701949861,718,0.8663488935058908,Blockbuster,comedy|drama|romance,comedy|drama|romance manhattan
1245,Miller's Crossing (1990),Drama,1990,Miller's Crossing,1,1990,4.005586592178771,358,0.8981600033626833,Blockbuster,drama,drama miller's crossing
1246,Dead Poets Society (1989),Drama,1989,Dead Poets Society,1,1980,4.005847953216374,855,0.9124244925507322,Blockbuster,drama,drama dead poets society
1247,"Graduate, The (1967)",Drama|Romance,1967,"Graduate, The",2,1960,4.245836637589215,1261,0.8337097446779098,Blockbuster,drama|romance,"drama|romance graduate, the"
1248,Touch of Evil (1958),Crime|Film-Noir|Thriller,1958,Touch of Evil,3,1950,4.215953307392996,514,0.884156829957107,Blockbuster,crime|filmnoir|thriller,crime|film-noir|thriller touch of evil
1249,Nikita (La Femme Nikita) (1990),Thriller,1990,Nikita (La Femme Nikita),1,1990,4.005457025920873,733,0.8931877674019599,Blockbuster,thriller,thriller nikita (la femme nikita)
1250,"Bridge on the River Kwai, The (1957)",Drama|War,1957,"Bridge on the River Kwai, The",2,1950,4.386993603411514,938,0.7538738956523299,Blockbuster,drama|war,"drama|war bridge on the river kwai, the"
1251,8 1/2 (1963),Drama,1963,8 1/2,1,1960,4.105263157894737,228,0.9467628226420384,Blockbuster,drama,drama 8 1/2
1252,Chinatown (1974),Film-Noir|Mystery|Thriller,1974,Chinatown,3,1970,4.339240506329114,1185,0.8187134128691825,Blockbuster,filmnoir|mystery|thriller,film-noir|mystery|thriller chinatown
1253,"Day the Earth Stood Still, The (1951)",Drama|Sci-Fi,1951,"Day the Earth Stood Still, The",2,1950,4.141323792486583,559,0.8570134652141418,Blockbuster,drama|scifi,"drama|sci-fi day the earth stood still, the"
1254,"Treasure of the Sierra Madre, The (1948)",Adventure,1948,"Treasure of the Sierra Madre, The",1,1940,4.289183222958058,453,0.8025360767019595,Blockbuster,adventure,"adventure treasure of the sierra madre, the"
1255,Bad Taste (1987),Comedy|Horror,1987,Bad Taste,2,1980,3.4074074074074074,54,1.189871065133617,Popular,comedy|horror,comedy|horror bad taste
1256,Duck Soup (1933),Comedy|War,1933,Duck Soup,2,1930,4.21043771043771,594,0.9152035004356074,Blockbuster,comedy|war,comedy|war duck soup
1257,Better Off Dead... (1985),Comedy,1985,Better Off Dead...,1,1980,3.9216101694915255,472,0.898334831669242,Blockbuster,comedy,comedy better off dead...
1258,"Shining, The (1980)",Horror,1980,"Shining, The",1,1980,4.104875804967802,1087,0.9441318999027957,Blockbuster,horror,"horror shining, the"
1259,Stand by Me (1986),Adventure|Comedy|Drama,1986,Stand by Me,3,1980,4.0969187675070025,1785,0.7966553729159113,Blockbuster,adventure|comedy|drama,adventure|comedy|drama stand by me
1260,M (1931),Crime|Film-Noir|Thriller,1931,M,3,1930,4.3019480519480515,308,0.8288739490122983,Blockbuster,crime|filmnoir|thriller,crime|film-noir|thriller m
1261,Evil Dead II (Dead By Dawn) (1987),Action|Adventure|Comedy|Horror,1987,Evil Dead II (Dead By Dawn),4,1980,3.826642335766423,548,1.12030537582239,Blockbuster,action|adventure|comedy|horror,action|adventure|comedy|horror evil dead ii (dead by dawn)
1262,"Great Escape, The (1963)",Adventure|War,1963,"Great Escape, The",2,1960,4.376436781609195,696,0.6925851512132916,Blockbuster,adventure|war,"adventure|war great escape, the"
1263,"Deer Hunter, The (1978)",Drama|War,1978,"Deer Hunter, The",2,1970,4.11,700,0.9437165137736537,Blockbuster,drama|war,"drama|war deer hunter, the"
1264,Diva (1981),Action|Drama|Mystery|Romance|Thriller,1981,Diva,5,1980,4.054474708171206,257,0.8910083694314479,Blockbuster,action|drama|mystery|romance|thriller,action|drama|mystery|romance|thriller diva
1265,Groundhog Day (1993),Comedy|Romance,1993,Groundhog Day,2,1990,3.953028972783143,2278,0.9291961051807577,Blockbuster,comedy|romance,comedy|romance groundhog day
1266,Unforgiven (1992),Western,1992,Unforgiven,1,1990,4.0902708124373115,997,0.9215599371455159,Blockbuster,western,western unforgiven
1267,"Manchurian Candidate, The (1962)",Film-Noir|Thriller,1962,"Manchurian Candidate, The",2,1960,4.333333333333333,765,0.7826656023016335,Blockbuster,filmnoir|thriller,"film-noir|thriller manchurian candidate, the"
1268,Pump Up the Volume (1990),Drama,1990,Pump Up the Volume,1,1990,3.4858044164037856,317,0.9399470087975821,Blockbuster,drama,drama pump up the volume
1269,Arsenic and Old Lace (1944),Comedy|Mystery|Thriller,1944,Arsenic and Old Lace,3,1940,4.168154761904762,672,0.8369258486640792,Blockbuster,comedy|mystery|thriller,comedy|mystery|thriller arsenic and old lace
1270,Back to the Future (1985),Comedy|Sci-Fi,1985,Back to the Future,2,1980,3.9903213317847466,2583,0.8651882735905324,Blockbuster,comedy|scifi,comedy|sci-fi back to the future
1271,Fried Green Tomatoes (1991),Drama,1991,Fried Green Tomatoes,1,1990,3.806070826306914,593,0.9732035989324949,Blockbuster,drama,drama fried green tomatoes
1272,Patton (1970),Drama|War,1970,Patton,2,1970,4.266666666666667,645,0.8077010290825145,Blockbuster,drama|war,drama|war patton
1273,Down by Law (1986),Comedy|Drama,1986,Down by Law,2,1980,3.9657534246575343,146,0.9203776103740496,Popular,comedy|drama,comedy|drama down by law
1274,Akira (1988),Adventure|Animation|Sci-Fi|Thriller,1988,Akira,4,1980,3.933628318584071,452,0.9922190069622786,Blockbuster,adventure|animation|scifi|thriller,adventure|animation|sci-fi|thriller akira
1275,Highlander (1986),Action|Adventure,1986,Highlander,2,1980,3.8461538461538463,741,0.994893406256615,Blockbuster,action|adventure,action|adventure highlander
1276,Cool Hand Luke (1967),Comedy|Drama,1967,Cool Hand Luke,2,1960,4.253763440860215,930,0.7833794390246224,Blockbuster,comedy|drama,comedy|drama cool hand luke
1277,Cyrano de Bergerac (1990),Action|Drama|Romance,1990,Cyrano de Bergerac,3,1990,3.884297520661157,363,0.935990768045692,Blockbuster,action|drama|romance,action|drama|romance cyrano de bergerac
1278,Young Frankenstein (1974),Comedy|Horror,1974,Young Frankenstein,2,1970,4.250628667225482,1193,0.8728098325378888,Blockbuster,comedy|horror,comedy|horror young frankenstein
1279,Night on Earth (1991),Comedy|Drama,1991,Night on Earth,2,1990,3.747422680412371,194,0.9990246832911098,Popular,comedy|drama,comedy|drama night on earth
1280,Raise the Red Lantern (1991),Drama,1991,Raise the Red Lantern,1,1990,4.1732851985559565,277,0.788693449175836,Blockbuster,drama,drama raise the red lantern
1281,"Great Dictator, The (1940)",Comedy,1940,"Great Dictator, The",1,1940,4.032407407407407,216,0.9806811779483099,Blockbuster,comedy,"comedy great dictator, the"
1282,Fantasia (1940),Animation|Children's|Musical,1940,Fantasia,3,1940,3.904559915164369,943,1.0901072194314045,Blockbuster,animation|childrens|musical,animation|children's|musical fantasia
1283,High Noon (1952),Western,1952,High Noon,1,1950,4.1786600496277915,403,0.879756406282456,Blockbuster,western,western high noon
1284,"Big Sleep, The (1946)",Film-Noir|Mystery,1946,"Big Sleep, The",2,1940,4.312384473197782,541,0.7772303915418196,Blockbuster,filmnoir|mystery,"film-noir|mystery big sleep, the"
1285,Heathers (1989),Comedy,1989,Heathers,1,1980,3.8156911581569117,803,0.9675033371985348,Blockbuster,comedy,comedy heathers
1286,Somewhere in Time (1980),Drama|Romance,1980,Somewhere in Time,2,1980,3.585964912280702,285,1.0263154726831036,Blockbuster,drama|romance,drama|romance somewhere in time
1287,Ben-Hur (1959),Action|Adventure|Drama,1959,Ben-Hur,3,1950,4.110795454545454,704,0.893598185025504,Blockbuster,action|adventure|drama,action|adventure|drama ben-hur
1288,This Is Spinal Tap (1984),Comedy|Drama|Musical,1984,This Is Spinal Tap,3,1980,4.179785330948121,1118,0.9634609857977475,Blockbuster,comedy|drama|musical,comedy|drama|musical this is spinal tap
1289,Koyaanisqatsi (1983),Documentary|War,1983,Koyaanisqatsi,2,1980,3.9725274725274726,182,1.0793456104301822,Popular,documentary|war,documentary|war koyaanisqatsi
1290,Some Kind of Wonderful (1987),Drama|Romance,1987,Some Kind of Wonderful,2,1980,3.591304347826087,230,0.8451831374257737,Blockbuster,drama|romance,drama|romance some kind of wonderful
1291,Indiana Jones and the Last Crusade (1989),Action|Adventure,1989,Indiana Jones and the Last Crusade,2,1980,4.133292383292384,1628,0.8177786155555548,Blockbuster,action|adventure,action|adventure indiana jones and the last crusade
1292,Being There (1979),Comedy,1979,Being There,1,1970,4.013536379018612,591,0.9793561608403856,Blockbuster,comedy,comedy being there
1293,Gandhi (1982),Drama,1982,Gandhi,1,1980,4.141579731743666,671,0.8424820521444948,Blockbuster,drama,drama gandhi
1294,M*A*S*H (1970),Comedy|War,1970,M*A*S*H,2,1970,4.124658780709736,1099,0.9033038665181478,Blockbuster,comedy|war,comedy|war m*a*s*h
1295,"Unbearable Lightness of Being, The (1988)",Drama,1988,"Unbearable Lightness of Being, The",1,1980,3.5676691729323307,266,1.0697944695695414,Blockbuster,drama,"drama unbearable lightness of being, the"
1296,"Room with a View, A (1986)",Drama|Romance,1986,"Room with a View, A",2,1980,3.9964285714285714,560,0.9990987505319938,Blockbuster,drama|romance,"drama|romance room with a view, a"
1297,Real Genius (1985),Comedy,1985,Real Genius,1,1980,3.7081447963800906,442,0.9444319204981658,Blockbuster,comedy,comedy real genius
1298,Pink Floyd - The Wall (1982),Drama|Musical|War,1982,Pink Floyd - The Wall,3,1980,3.640826873385013,387,1.1256258309937202,Blockbuster,drama|musical|war,drama|musical|war pink floyd - the wall
1299,"Killing Fields, The (1984)",Drama|War,1984,"Killing Fields, The",2,1980,4.248633879781421,732,0.8041858973072595,Blockbuster,drama|war,"drama|war killing fields, the"
1300,My Life as a Dog (Mitt liv som hund) (1985),Drama,1985,My Life as a Dog (Mitt liv som hund),1,1980,4.1454545454545455,330,0.8838610066535465,Blockbuster,drama,drama my life as a dog (mitt liv som hund)
1301,Forbidden Planet (1956),Sci-Fi,1956,Forbidden Planet,1,1950,3.9758713136729225,373,0.9793332736176522,Blockbuster,scifi,sci-fi forbidden planet
1302,Field of Dreams (1989),Drama,1989,Field of Dreams,1,1980,3.9114583333333335,768,0.9648173126360644,Blockbuster,drama,drama field of dreams
1303,"Man Who Would Be King, The (1975)",Adventure,1975,"Man Who Would Be King, The",1,1970,4.129032258064516,310,0.8260302181434691,Blockbuster,adventure,"adventure man who would be king, the"
1304,Butch Cassidy and the Sundance Kid (1969),Action|Comedy|Western,1969,Butch Cassidy and the Sundance Kid,3,1960,4.215644820295983,1419,0.8046114818997788,Blockbuster,action|comedy|western,action|comedy|western butch cassidy and the sundance kid
1305,"Paris, Texas (1984)",Drama,1984,"Paris, Texas",1,1980,3.793388429752066,121,0.956707508174963,Popular,drama,"drama paris, texas"
1306,Until the End of the World (Bis ans Ende der Welt) (1991),Drama|Sci-Fi,1991,Until the End of the World (Bis ans Ende der Welt),2,1990,3.6029411764705883,136,1.1436096962053541,Popular,drama|scifi,drama|sci-fi until the end of the world (bis ans ende der welt)
1307,When Harry Met Sally... (1989),Comedy|Romance,1989,When Harry Met Sally...,2,1980,4.073341836734694,1568,0.8811163977760313,Blockbuster,comedy|romance,comedy|romance when harry met sally...
1310,Hype! (1996),Documentary,1996,Hype!,1,1990,3.558139534883721,43,1.1609176497884137,Moderate,documentary,documentary hype!
1311,Santa with Muscles (1996),Comedy,1996,Santa with Muscles,1,1990,1.0,7,0.0,Niche,comedy,comedy santa with muscles
1312,Female Perversions (1996),Drama,1996,Female Perversions,1,1990,3.2413793103448274,29,1.1543449723851775,Moderate,drama,drama female perversions
1313,Mad Dog Time (1996),Crime,1996,Mad Dog Time,1,1990,2.1538461538461537,13,1.3445044840729643,Moderate,crime,crime mad dog time
1317,I'm Not Rappaport (1996),Comedy,1996,I'm Not Rappaport,1,1990,3.175,40,0.9306049865682221,Moderate,comedy,comedy i'm not rappaport
1320,Alien³ (1992),Action|Horror|Sci-Fi|Thriller,1992,Alien³,4,1990,3.037837837837838,925,1.0769503980324073,Blockbuster,action|horror|scifi|thriller,action|horror|sci-fi|thriller alien³
1321,"American Werewolf in London, An (1981)",Horror,1981,"American Werewolf in London, An",1,1980,3.7522768670309654,549,0.9744076002269004,Blockbuster,horror,"horror american werewolf in london, an"
1322,Amityville 1992: It's About Time (1992),Horror,1992,Amityville 1992: It's About Time,1,1990,1.71875,32,0.8884337432408972,Moderate,horror,horror amityville 1992: it's about time
1323,Amityville 3-D (1983),Horror,1983,Amityville 3-D,1,1980,1.372093023255814,43,0.7245115206272393,Moderate,horror,horror amityville 3-d
1324,Amityville: Dollhouse (1996),Horror,1996,Amityville: Dollhouse,1,1990,1.6818181818181819,22,0.8387271329003274,Moderate,horror,horror amityville: dollhouse
1325,Amityville: A New Generation (1993),Horror,1993,Amityville: A New Generation,1,1990,1.6521739130434783,23,0.8316847989130756,Moderate,horror,horror amityville: a new generation
1326,Amityville II: The Possession (1982),Horror,1982,Amityville II: The Possession,1,1980,2.107142857142857,56,1.0562122966451468,Popular,horror,horror amityville ii: the possession
1327,"Amityville Horror, The (1979)",Horror,1979,"Amityville Horror, The",1,1970,2.9380281690140846,355,1.074402500773124,Blockbuster,horror,"horror amityville horror, the"
1328,"Amityville Curse, The (1990)",Horror,1990,"Amityville Curse, The",1,1990,1.84,25,1.2476644848141936,Moderate,horror,"horror amityville curse, the"
1329,Blood For Dracula (Andy Warhol's Dracula) (1974),Horror,1974,Blood For Dracula (Andy Warhol's Dracula),1,1970,2.6666666666666665,36,1.3522468075656269,Moderate,horror,horror blood for dracula (andy warhol's dracula)
1330,April Fool's Day (1986),Comedy|Horror,1986,April Fool's Day,2,1980,3.0,116,1.0954451150103321,Popular,comedy|horror,comedy|horror april fool's day
1331,Audrey Rose (1977),Horror,1977,Audrey Rose,1,1970,3.18,50,1.1192198449029085,Moderate,horror,horror audrey rose
1332,"Believers, The (1987)",Horror|Thriller,1987,"Believers, The",2,1980,2.911764705882353,102,1.0254478970835528,Popular,horror|thriller,"horror|thriller believers, the"
1333,"Birds, The (1963)",Horror,1963,"Birds, The",1,1960,3.882673942701228,733,0.9202562299638627,Blockbuster,horror,"horror birds, the"
1334,"Blob, The (1958)",Horror|Sci-Fi,1958,"Blob, The",2,1950,3.136094674556213,338,1.0972580405845023,Blockbuster,horror|scifi,"horror|sci-fi blob, the"
1335,Blood Beach (1981),Action|Horror,1981,Blood Beach,2,1980,1.7142857142857142,21,0.9023778112773575,Moderate,action|horror,action|horror blood beach
1336,Body Parts (1991),Horror,1991,Body Parts,1,1990,2.2363636363636363,55,1.0176886732641939,Popular,horror,horror body parts
1337,"Body Snatcher, The (1945)",Horror,1945,"Body Snatcher, The",1,1940,3.5625,64,1.0059347702036956,Popular,horror,"horror body snatcher, the"
1339,Bram Stoker's Dracula (1992),Horror|Romance,1992,Bram Stoker's Dracula,2,1990,3.34375,672,1.0847773058460837,Blockbuster,horror|romance,horror|romance bram stoker's dracula
1340,Bride of Frankenstein (1935),Horror,1935,Bride of Frankenstein,1,1930,3.912037037037037,216,1.055062444319091,Blockbuster,horror,horror bride of frankenstein
1341,Burnt Offerings (1976),Horror,1976,Burnt Offerings,1,1970,2.849056603773585,53,1.0264993989112545,Popular,horror,horror burnt offerings
1342,Candyman (1992),Horror,1992,Candyman,1,1990,2.904580152671756,262,1.0767741375791693,Blockbuster,horror,horror candyman
1343,Cape Fear (1991),Thriller,1991,Cape Fear,1,1990,3.671033478893741,687,0.820344063341385,Blockbuster,thriller,thriller cape fear
1344,Cape Fear (1962),Film-Noir|Thriller,1962,Cape Fear,2,1960,3.9224376731301938,361,0.8297058629545997,Blockbuster,filmnoir|thriller,film-noir|thriller cape fear
1345,Carrie (1976),Horror,1976,Carrie,1,1970,3.6049382716049383,567,0.9889014614324094,Blockbuster,horror,horror carrie
1346,Cat People (1982),Horror,1982,Cat People,1,1980,3.1839080459770117,174,1.0032172020561458,Popular,horror,horror cat people
1347,"Nightmare on Elm Street, A (1984)",Horror,1984,"Nightmare on Elm Street, A",1,1980,3.4855875831485585,451,1.189450217808833,Blockbuster,horror,"horror nightmare on elm street, a"
1348,"Nosferatu (Nosferatu, eine Symphonie des Grauens) (1922)",Horror,1922,"Nosferatu (Nosferatu, eine Symphonie des Grauens)",1,1920,3.991596638655462,238,1.0984899364175322,Blockbuster,horror,"horror nosferatu (nosferatu, eine symphonie des grauens)"
1349,Nosferatu a Venezia (1986),Horror,1986,Nosferatu a Venezia,1,1980,3.0714285714285716,14,1.7304639535412156,Moderate,horror,horror nosferatu a venezia
1350,"Omen, The (1976)",Horror,1976,"Omen, The",1,1970,3.6234718826405867,409,1.0595211065903403,Blockbuster,horror,"horror omen, the"
1351,Blood & Wine (1997),Drama,1997,Blood & Wine,1,1990,3.4,35,0.9761870601839528,Moderate,drama,drama blood & wine
1352,Albino Alligator (1996),Crime|Thriller,1996,Albino Alligator,2,1990,2.851063829787234,94,0.9385122842615895,Popular,crime|thriller,crime|thriller albino alligator
1353,"Mirror Has Two Faces, The (1996)",Comedy|Romance,1996,"Mirror Has Two Faces, The",2,1990,3.0851063829787235,188,1.157718339376216,Popular,comedy|romance,"comedy|romance mirror has two faces, the"
1354,Breaking the Waves (1996),Drama,1996,Breaking the Waves,1,1990,3.8239700374531833,267,1.196370752125979,Blockbuster,drama,drama breaking the waves
1355,Nightwatch (1997),Horror|Thriller,1997,Nightwatch,2,1990,2.961038961038961,77,1.2715671892916696,Popular,horror|thriller,horror|thriller nightwatch
1356,Star Trek: First Contact (1996),Action|Adventure|Sci-Fi,1996,Star Trek: First Contact,3,1990,3.7091603053435116,1310,0.9503286699097667,Blockbuster,action|adventure|scifi,action|adventure|sci-fi star trek: first contact
1357,Shine (1996),Drama|Romance,1996,Shine,2,1990,3.8065693430656933,548,0.9244755916178601,Blockbuster,drama|romance,drama|romance shine
1358,Sling Blade (1996),Drama|Thriller,1996,Sling Blade,2,1990,4.208156329651657,1177,0.8611028066192042,Blockbuster,drama|thriller,drama|thriller sling blade
1359,Jingle All the Way (1996),Adventure|Children's|Comedy,1996,Jingle All the Way,3,1990,2.4774774774774775,222,1.0707704068549535,Blockbuster,adventure|childrens|comedy,adventure|children's|comedy jingle all the way
1361,Paradise Lost: The Child Murders at Robin Hood Hills (1996),Documentary,1996,Paradise Lost: The Child Murders at Robin Hood Hills,1,1990,4.213836477987422,159,0.983179934303938,Popular,documentary,documentary paradise lost: the child murders at robin hood hills
1362,"Garden of Finzi-Contini, The (Giardino dei Finzi-Contini, Il) (1970)",Drama,1970,"Garden of Finzi-Contini, The (Giardino dei Finzi-Contini, Il)",1,1970,4.03,100,0.989388138643722,Popular,drama,"drama garden of finzi-contini, the (giardino dei finzi-contini, il)"
1363,"Preacher's Wife, The (1996)",Drama,1996,"Preacher's Wife, The",1,1990,2.9732142857142856,112,0.8643053913541264,Popular,drama,"drama preacher's wife, the"
1365,Ridicule (1996),Drama,1996,Ridicule,1,1990,3.8448275862068964,58,0.9876735759141191,Popular,drama,drama ridicule
1366,"Crucible, The (1996)",Drama,1996,"Crucible, The",1,1990,3.185185185185185,108,1.0777975825438415,Popular,drama,"drama crucible, the"
1367,101 Dalmatians (1996),Children's|Comedy,1996,101 Dalmatians,2,1990,3.0467032967032965,364,1.0987170629656717,Blockbuster,childrens|comedy,children's|comedy 101 dalmatians
1369,I Can't Sleep (J'ai pas sommeil) (1994),Drama|Thriller,1994,I Can't Sleep (J'ai pas sommeil),2,1990,3.8,5,1.0954451150103321,Niche,drama|thriller,drama|thriller i can't sleep (j'ai pas sommeil)
1370,Die Hard 2 (1990),Action|Thriller,1990,Die Hard 2,2,1990,3.541850220264317,1135,0.9464321354804353,Blockbuster,action|thriller,action|thriller die hard 2
1371,Star Trek: The Motion Picture (1979),Action|Adventure|Sci-Fi,1979,Star Trek: The Motion Picture,3,1970,3.1363636363636362,792,1.0966405010125682,Blockbuster,action|adventure|scifi,action|adventure|sci-fi star trek: the motion picture
1372,Star Trek VI: The Undiscovered Country (1991),Action|Adventure|Sci-Fi,1991,Star Trek VI: The Undiscovered Country,3,1990,3.4095904095904097,1001,1.044063183944311,Blockbuster,action|adventure|scifi,action|adventure|sci-fi star trek vi: the undiscovered country
1373,Star Trek V: The Final Frontier (1989),Action|Adventure|Sci-Fi,1989,Star Trek V: The Final Frontier,3,1980,2.7487765089722673,613,1.1527968138782276,Blockbuster,action|adventure|scifi,action|adventure|sci-fi star trek v: the final frontier
1374,Star Trek: The Wrath of Khan (1982),Action|Adventure|Sci-Fi,1982,Star Trek: The Wrath of Khan,3,1980,3.880524861878453,1448,0.9624357206136127,Blockbuster,action|adventure|scifi,action|adventure|sci-fi star trek: the wrath of khan
1375,Star Trek III: The Search for Spock (1984),Action|Adventure|Sci-Fi,1984,Star Trek III: The Search for Spock,3,1980,3.353829557713053,927,0.9071017532716298,Blockbuster,action|adventure|scifi,action|adventure|sci-fi star trek iii: the search for spock
1376,Star Trek IV: The Voyage Home (1986),Action|Adventure|Sci-Fi,1986,Star Trek IV: The Voyage Home,3,1980,3.6563055062166963,1126,1.0101662045451782,Blockbuster,action|adventure|scifi,action|adventure|sci-fi star trek iv: the voyage home
1377,Batman Returns (1992),Action|Adventure|Comedy|Crime,1992,Batman Returns,4,1990,2.9767216294859358,1031,0.9681537424585858,Blockbuster,action|adventure|comedy|crime,action|adventure|comedy|crime batman returns
1378,Young Guns (1988),Action|Comedy|Western,1988,Young Guns,3,1980,3.4181494661921707,562,1.0174369912166406,Blockbuster,action|comedy|western,action|comedy|western young guns
1379,Young Guns II (1990),Action|Comedy|Western,1990,Young Guns II,3,1990,2.907859078590786,369,1.0719588031913188,Blockbuster,action|comedy|western,action|comedy|western young guns ii
1380,Grease (1978),Comedy|Musical|Romance,1978,Grease,3,1970,3.5777233782129745,817,1.1132637087192412,Blockbuster,comedy|musical|romance,comedy|musical|romance grease
1381,Grease 2 (1982),Comedy|Musical|Romance,1982,Grease 2,3,1980,1.9636963696369636,303,1.065100592311235,Blockbuster,comedy|musical|romance,comedy|musical|romance grease 2
1382,Marked for Death (1990),Action|Drama,1990,Marked for Death,2,1990,2.779527559055118,127,1.0758045038870574,Popular,action|drama,action|drama marked for death
1383,Adrenalin: Fear the Rush (1996),Action|Sci-Fi,1996,Adrenalin: Fear the Rush,2,1990,1.5454545454545454,11,0.8201995322647245,Moderate,action|scifi,action|sci-fi adrenalin: fear the rush
1384,"Substance of Fire, The (1996)",Drama,1996,"Substance of Fire, The",1,1990,3.8333333333333335,6,0.752772652709081,Niche,drama,"drama substance of fire, the"
1385,Under Siege (1992),Action,1992,Under Siege,1,1990,3.2689804772234274,461,1.0327742512116858,Blockbuster,action,action under siege
1387,Jaws (1975),Action|Horror,1975,Jaws,2,1970,4.089569829110195,1697,0.9455660510112609,Blockbuster,action|horror,action|horror jaws
1388,Jaws 2 (1978),Action|Horror,1978,Jaws 2,2,1970,2.5891891891891894,370,0.9536078357951222,Blockbuster,action|horror,action|horror jaws 2
1389,Jaws 3-D (1983),Action|Horror,1983,Jaws 3-D,2,1980,1.8523809523809525,210,0.9743696515272173,Blockbuster,action|horror,action|horror jaws 3-d
1390,My Fellow Americans (1996),Comedy,1996,My Fellow Americans,1,1990,3.1983471074380163,121,0.9185117918925865,Popular,comedy,comedy my fellow americans
1391,Mars Attacks! (1996),Action|Comedy|Sci-Fi|War,1996,Mars Attacks!,4,1990,2.9003724394785846,1074,1.1856315343131258,Blockbuster,action|comedy|scifi|war,action|comedy|sci-fi|war mars attacks!
1392,Citizen Ruth (1996),Comedy|Drama,1996,Citizen Ruth,2,1990,3.73972602739726,219,0.8409376144421699,Blockbuster,comedy|drama,comedy|drama citizen ruth
1393,Jerry Maguire (1996),Drama|Romance,1996,Jerry Maguire,2,1990,3.7590539541759056,1353,0.9107557451985889,Blockbuster,drama|romance,drama|romance jerry maguire
1394,Raising Arizona (1987),Comedy,1987,Raising Arizona,1,1980,4.02092050209205,1434,0.9874906290464011,Blockbuster,comedy,comedy raising arizona
1395,Tin Men (1987),Comedy|Drama,1987,Tin Men,2,1980,3.3254237288135595,295,0.9596614376670726,Blockbuster,comedy|drama,comedy|drama tin men
1396,Sneakers (1992),Crime|Drama|Sci-Fi,1992,Sneakers,3,1990,3.7277726856095326,1091,0.8631861651000966,Blockbuster,crime|drama|scifi,crime|drama|sci-fi sneakers
1397,Bastard Out of Carolina (1996),Drama,1996,Bastard Out of Carolina,1,1990,3.6507936507936507,63,1.04971163718869,Popular,drama,drama bastard out of carolina
1398,In Love and War (1996),Romance|War,1996,In Love and War,2,1990,3.1904761904761907,63,1.0295182534085454,Popular,romance|war,romance|war in love and war
1399,Marvin's Room (1996),Drama,1996,Marvin's Room,1,1990,3.201923076923077,104,0.9591643581107736,Popular,drama,drama marvin's room
1401,Ghosts of Mississippi (1996),Drama,1996,Ghosts of Mississippi,1,1990,3.506172839506173,162,0.934147989793569,Popular,drama,drama ghosts of mississippi
1404,Night Falls on Manhattan (1997),Crime|Drama,1997,Night Falls on Manhattan,2,1990,3.1447368421052633,76,0.9757588140303394,Popular,crime|drama,crime|drama night falls on manhattan
1405,Beavis and Butt-head Do America (1996),Animation|Comedy,1996,Beavis and Butt-head Do America,2,1990,3.04,475,1.1908937182222714,Blockbuster,animation|comedy,animation|comedy beavis and butt-head do america
1406,"Cérémonie, La (1995)",Drama,1995,"Cérémonie, La",1,1990,3.4583333333333335,24,1.141287094417552,Moderate,drama,"drama cérémonie, la"
1407,Scream (1996),Horror|Thriller,1996,Scream,2,1990,3.5756207674943568,886,1.0352179325555595,Blockbuster,horror|thriller,horror|thriller scream
1408,"Last of the Mohicans, The (1992)",Action|Romance|War,1992,"Last of the Mohicans, The",3,1990,3.8133333333333335,975,0.965539005699071,Blockbuster,action|romance|war,"action|romance|war last of the mohicans, the"
1409,Michael (1996),Comedy|Romance,1996,Michael,2,1990,3.0535714285714284,392,1.0263472837217764,Blockbuster,comedy|romance,comedy|romance michael
1410,"Evening Star, The (1996)",Comedy|Drama,1996,"Evening Star, The",2,1990,2.8666666666666667,90,1.113754657993513,Popular,comedy|drama,"comedy|drama evening star, the"
1411,Hamlet (1996),Drama,1996,Hamlet,1,1990,3.9581151832460733,382,0.9268945172000871,Blockbuster,drama,drama hamlet
1412,Some Mother's Son (1996),Drama,1996,Some Mother's Son,1,1990,3.9,20,0.7880689256524124,Moderate,drama,drama some mother's son
1413,"Whole Wide World, The (1996)",Drama,1996,"Whole Wide World, The",1,1990,3.38,50,1.0279760181432016,Moderate,drama,"drama whole wide world, the"
1414,Mother (1996),Comedy,1996,Mother,1,1990,3.5952380952380953,168,0.9171558173345472,Popular,comedy,comedy mother
1415,"Thieves (Voleurs, Les) (1996)",Crime|Drama|Romance,1996,"Thieves (Voleurs, Les)",3,1990,3.5555555555555554,36,1.0808579778370366,Moderate,crime|drama|romance,"crime|drama|romance thieves (voleurs, les)"
1416,Evita (1996),Drama|Musical,1996,Evita,2,1990,3.25531914893617,282,1.2536310553940437,Blockbuster,drama|musical,drama|musical evita
1417,"Portrait of a Lady, The (1996)",Drama,1996,"Portrait of a Lady, The",1,1990,2.7674418604651163,43,1.1513389576266568,Moderate,drama,"drama portrait of a lady, the"
1419,Walkabout (1971),Drama,1971,Walkabout,1,1970,3.963235294117647,136,0.9222202535611712,Popular,drama,drama walkabout
1420,Message to Love: The Isle of Wight Festival (1996),Documentary,1996,Message to Love: The Isle of Wight Festival,1,1990,4.0,7,1.7320508075688774,Niche,documentary,documentary message to love: the isle of wight festival
1421,Grateful Dead (1995),Documentary,1995,Grateful Dead,1,1990,3.0454545454545454,22,1.7037010895686493,Moderate,documentary,documentary grateful dead
1422,Murder at 1600 (1997),Mystery|Thriller,1997,Murder at 1600,2,1990,3.0249110320284696,281,0.9000508374050734,Blockbuster,mystery|thriller,mystery|thriller murder at 1600
1423,Hearts and Minds (1996),Drama,1996,Hearts and Minds,1,1990,4.357142857142857,14,0.928782731664065,Moderate,drama,drama hearts and minds
1425,Fierce Creatures (1997),Comedy,1997,Fierce Creatures,1,1990,3.2916666666666665,168,0.9748586058486665,Popular,comedy,comedy fierce creatures
1426,Zeus and Roxanne (1997),Children's,1997,Zeus and Roxanne,1,1990,2.5217391304347827,23,1.1228844843604313,Moderate,childrens,children's zeus and roxanne
1427,Turbulence (1997),Thriller,1997,Turbulence,1,1990,2.2941176470588234,51,1.1008018467836764,Popular,thriller,thriller turbulence
1428,Angel Baby (1995),Drama,1995,Angel Baby,1,1990,3.25,52,1.1694644324747674,Popular,drama,drama angel baby
1429,Jackie Chan's First Strike (1996),Action,1996,Jackie Chan's First Strike,1,1990,3.3063973063973062,297,0.9985087616139116,Blockbuster,action,action jackie chan's first strike
1431,Beverly Hills Ninja (1997),Action|Comedy,1997,Beverly Hills Ninja,2,1990,2.5474137931034484,232,1.0516498031918777,Blockbuster,action|comedy,action|comedy beverly hills ninja
1432,Metro (1997),Action,1997,Metro,1,1990,2.77,100,1.0135944639616663,Popular,action,action metro
1433,"Machine, The (1994)",Comedy|Horror,1994,"Machine, The",2,1990,1.8,5,1.3038404810405297,Niche,comedy|horror,"comedy|horror machine, the"
1436,Falling in Love Again (1980),Comedy,1980,Falling in Love Again,1,1980,2.888888888888889,9,1.1666666666666667,Niche,comedy,comedy falling in love again
1437,"Cement Garden, The (1993)",Drama,1993,"Cement Garden, The",1,1990,3.0952380952380953,21,0.9436504599035547,Moderate,drama,"drama cement garden, the"
1438,Dante's Peak (1997),Action|Thriller,1997,Dante's Peak,2,1990,2.8161993769470404,321,1.0755169734246932,Blockbuster,action|thriller,action|thriller dante's peak
1439,Meet Wally Sparks (1997),Comedy,1997,Meet Wally Sparks,1,1990,2.347826086956522,46,1.1395396985790716,Moderate,comedy,comedy meet wally sparks
1440,Amos & Andrew (1993),Comedy,1993,Amos & Andrew,1,1990,2.765432098765432,81,0.840708108356753,Popular,comedy,comedy amos & andrew
1441,Benny & Joon (1993),Comedy|Romance,1993,Benny & Joon,2,1990,3.444906444906445,481,0.8741543780396436,Blockbuster,comedy|romance,comedy|romance benny & joon
1442,Prefontaine (1997),Drama,1997,Prefontaine,1,1990,3.0985915492957745,71,0.8477689978065082,Popular,drama,drama prefontaine
1444,Guantanamera (1994),Comedy,1994,Guantanamera,1,1990,3.375,8,0.7440238091428449,Niche,comedy,comedy guantanamera
1445,McHale's Navy (1997),Comedy|War,1997,McHale's Navy,2,1990,2.173076923076923,156,1.1139204902329407,Popular,comedy|war,comedy|war mchale's navy
1446,Kolya (1996),Comedy,1996,Kolya,1,1990,4.052910052910053,189,0.8298644450665635,Popular,comedy,comedy kolya
1447,Gridlock'd (1997),Crime,1997,Gridlock'd,1,1990,3.36734693877551,49,0.8340133280065235,Moderate,crime,crime gridlock'd
1449,Waiting for Guffman (1996),Comedy,1996,Waiting for Guffman,1,1990,4.147186147186147,462,0.8762859679323307,Blockbuster,comedy,comedy waiting for guffman
1450,Prisoner of the Mountains (Kavkazsky Plennik) (1996),War,1996,Prisoner of the Mountains (Kavkazsky Plennik),1,1990,3.7857142857142856,14,1.1217137594956026,Moderate,war,war prisoner of the mountains (kavkazsky plennik)
1453,"Beautician and the Beast, The (1997)",Comedy|Romance,1997,"Beautician and the Beast, The",2,1990,2.4324324324324325,148,1.1075631286021312,Popular,comedy|romance,"comedy|romance beautician and the beast, the"
1454,SubUrbia (1997),Comedy,1997,SubUrbia,1,1990,3.158536585365854,82,1.105201084380843,Popular,comedy,comedy suburbia
1455,Hotel de Love (1996),Comedy|Romance,1996,Hotel de Love,2,1990,2.772727272727273,22,0.972567450559315,Moderate,comedy|romance,comedy|romance hotel de love
1456,"Pest, The (1997)",Comedy,1997,"Pest, The",1,1990,2.359375,64,1.2262627116956784,Popular,comedy,"comedy pest, the"
1457,Fools Rush In (1997),Comedy|Romance,1997,Fools Rush In,2,1990,3.1090225563909772,266,0.9024878525595738,Blockbuster,comedy|romance,comedy|romance fools rush in
1458,Touch (1997),Romance,1997,Touch,1,1990,2.8333333333333335,24,1.1671841502435294,Moderate,romance,romance touch
1459,Absolute Power (1997),Mystery|Thriller,1997,Absolute Power,2,1990,3.357894736842105,380,0.891659263501807,Blockbuster,mystery|thriller,mystery|thriller absolute power
1460,That Darn Cat! (1997),Children's|Comedy|Mystery,1997,That Darn Cat!,3,1990,2.6808510638297873,94,1.2375206391887816,Popular,childrens|comedy|mystery,children's|comedy|mystery that darn cat!
1461,Vegas Vacation (1997),Comedy,1997,Vegas Vacation,1,1990,2.574074074074074,216,1.0627187923890369,Blockbuster,comedy,comedy vegas vacation
1463,That Old Feeling (1997),Comedy|Romance,1997,That Old Feeling,2,1990,3.0294117647058822,34,1.0294244969928161,Moderate,comedy|romance,comedy|romance that old feeling
1464,Lost Highway (1997),Mystery,1997,Lost Highway,1,1990,3.3517241379310345,145,1.222082890003094,Popular,mystery,mystery lost highway
1465,Rosewood (1997),Drama,1997,Rosewood,1,1990,3.492063492063492,126,0.9359147973702028,Popular,drama,drama rosewood
1466,Donnie Brasco (1997),Crime|Drama,1997,Donnie Brasco,2,1990,3.7955493741307373,719,0.7801022699160403,Blockbuster,crime|drama,crime|drama donnie brasco
1468,Booty Call (1997),Comedy|Romance,1997,Booty Call,2,1990,2.5625,144,1.2776658678739403,Popular,comedy|romance,comedy|romance booty call
1471,Boys Life 2 (1997),Drama,1997,Boys Life 2,1,1990,3.4,5,1.3416407864998738,Niche,drama,drama boys life 2
1472,City of Industry (1997),Crime|Thriller,1997,City of Industry,2,1990,3.25,48,0.8121419014464815,Moderate,crime|thriller,crime|thriller city of industry
1473,Best Men (1997),Action|Comedy|Crime|Drama,1997,Best Men,4,1990,2.825,40,1.0098870208452997,Moderate,action|comedy|crime|drama,action|comedy|crime|drama best men
1474,Jungle2Jungle (a.k.a. Jungle 2 Jungle) (1997),Children's|Comedy,1997,Jungle2Jungle (a.k.a. Jungle 2 Jungle),2,1990,2.335616438356164,146,1.128180697560726,Popular,childrens|comedy,children's|comedy jungle2jungle (a.k.a. jungle 2 jungle)
1475,Kama Sutra: A Tale of Love (1996),Romance,1996,Kama Sutra: A Tale of Love,1,1990,3.1481481481481484,81,1.130388330520878,Popular,romance,romance kama sutra: a tale of love
1476,Private Parts (1997),Comedy|Drama,1997,Private Parts,2,1990,3.4869739478957915,499,0.9742315792472833,Blockbuster,comedy|drama,comedy|drama private parts
1477,Love Jones (1997),Romance,1997,Love Jones,1,1990,3.4444444444444446,27,1.0860419786947373,Moderate,romance,romance love jones
1479,"Saint, The (1997)",Action|Romance|Thriller,1997,"Saint, The",3,1990,3.197158081705151,563,1.1041135096653305,Blockbuster,action|romance|thriller,"action|romance|thriller saint, the"
1480,Smilla's Sense of Snow (1997),Action|Drama|Thriller,1997,Smilla's Sense of Snow,3,1990,3.279245283018868,265,1.0025268247310477,Blockbuster,action|drama|thriller,action|drama|thriller smilla's sense of snow
1482,"Van, The (1996)",Comedy|Drama,1996,"Van, The",2,1990,3.3333333333333335,63,0.8424235391742322,Popular,comedy|drama,"comedy|drama van, the"
1483,Crash (1996),Drama|Thriller,1996,Crash,2,1990,2.7588652482269502,141,1.3196358221648998,Popular,drama|thriller,drama|thriller crash
1484,"Daytrippers, The (1996)",Mystery,1996,"Daytrippers, The",1,1990,3.7016129032258065,124,1.0199620486298306,Popular,mystery,"mystery daytrippers, the"
1485,Liar Liar (1997),Comedy,1997,Liar Liar,1,1990,3.5,666,0.9114971572468963,Blockbuster,comedy,comedy liar liar
1486,"Quiet Room, The (1996)",Drama,1996,"Quiet Room, The",1,1990,3.142857142857143,7,1.0690449676496976,Niche,drama,"drama quiet room, the"
1487,Selena (1997),Drama|Musical,1997,Selena,2,1990,3.067901234567901,162,1.0639580574199234,Popular,drama|musical,drama|musical selena
1488,"Devil's Own, The (1997)",Action|Drama|Thriller|War,1997,"Devil's Own, The",4,1990,2.857638888888889,288,0.9575724141692136,Blockbuster,action|drama|thriller|war,"action|drama|thriller|war devil's own, the"
1489,Cats Don't Dance (1997),Animation|Children's|Musical,1997,Cats Don't Dance,3,1990,2.5675675675675675,37,1.2142794054394872,Moderate,animation|childrens|musical,animation|children's|musical cats don't dance
1490,B*A*P*S (1997),Comedy,1997,B*A*P*S,1,1990,1.8076923076923077,26,0.895286804068094,Moderate,comedy,comedy b*a*p*s
1493,Love and Other Catastrophes (1996),Romance,1996,Love and Other Catastrophes,1,1990,3.2941176470588234,17,1.5315313367000098,Moderate,romance,romance love and other catastrophes
1494,"Sixth Man, The (1997)",Comedy,1997,"Sixth Man, The",1,1990,2.473684210526316,19,0.9048278567177281,Moderate,comedy,"comedy sixth man, the"
1495,Turbo: A Power Rangers Movie (1997),Action|Adventure|Children's,1997,Turbo: A Power Rangers Movie,3,1990,1.3181818181818181,44,0.6387752551864214,Moderate,action|adventure|childrens,action|adventure|children's turbo: a power rangers movie
1496,Anna Karenina (1997),Drama|Romance,1997,Anna Karenina,2,1990,3.16,25,1.0677078252031311,Moderate,drama|romance,drama|romance anna karenina
1497,Double Team (1997),Action,1997,Double Team,1,1990,2.0833333333333335,48,1.2519488354261221,Moderate,action,action double team
1498,Inventing the Abbotts (1997),Drama|Romance,1997,Inventing the Abbotts,2,1990,3.1374045801526718,131,0.9904416946193243,Popular,drama|romance,drama|romance inventing the abbotts
1499,Anaconda (1997),Action|Adventure|Thriller,1997,Anaconda,3,1990,2.200501253132832,399,1.0393754161282112,Blockbuster,action|adventure|thriller,action|adventure|thriller anaconda
1500,Grosse Pointe Blank (1997),Comedy|Crime,1997,Grosse Pointe Blank,2,1990,3.813380281690141,1136,0.8797459683992932,Blockbuster,comedy|crime,comedy|crime grosse pointe blank
1501,Keys to Tulsa (1997),Crime,1997,Keys to Tulsa,1,1990,2.611111111111111,18,1.0921586228732252,Moderate,crime,crime keys to tulsa
1502,Kissed (1996),Romance,1996,Kissed,1,1990,3.076923076923077,13,1.255755978254962,Moderate,romance,romance kissed
1503,8 Heads in a Duffel Bag (1997),Comedy,1997,8 Heads in a Duffel Bag,1,1990,2.317241379310345,145,1.0521370334536997,Popular,comedy,comedy 8 heads in a duffel bag
1504,Hollow Reed (1996),Drama,1996,Hollow Reed,1,1990,3.5,16,0.8944271909999157,Moderate,drama,drama hollow reed
1507,Paradise Road (1997),Drama|War,1997,Paradise Road,2,1990,3.3333333333333335,42,0.9542374472273957,Moderate,drama|war,drama|war paradise road
1508,Traveller (1997),Drama,1997,Traveller,1,1990,3.3055555555555554,36,0.9803627446568496,Moderate,drama,drama traveller
1509,All Over Me (1997),Drama,1997,All Over Me,1,1990,3.6666666666666665,21,0.7302967433402215,Moderate,drama,drama all over me
1511,A Chef in Love (1996),Comedy,1996,A Chef in Love,1,1990,3.5833333333333335,24,0.9286112429750729,Moderate,comedy,comedy a chef in love
1513,Romy and Michele's High School Reunion (1997),Comedy,1997,Romy and Michele's High School Reunion,1,1990,3.0463576158940397,755,1.0205952672472398,Blockbuster,comedy,comedy romy and michele's high school reunion
1514,Temptress Moon (Feng Yue) (1996),Romance,1996,Temptress Moon (Feng Yue),1,1990,2.7142857142857144,7,0.7559289460184544,Niche,romance,romance temptress moon (feng yue)
1515,Volcano (1997),Drama|Thriller,1997,Volcano,2,1990,2.5580110497237567,181,1.0182798239566693,Popular,drama|thriller,drama|thriller volcano
1516,Children of the Revolution (1996),Comedy,1996,Children of the Revolution,1,1990,3.6538461538461537,52,0.9678076170967074,Popular,comedy,comedy children of the revolution
1517,Austin Powers: International Man of Mystery (1997),Comedy,1997,Austin Powers: International Man of Mystery,1,1990,3.7103734439834026,1205,1.0867368372550072,Blockbuster,comedy,comedy austin powers: international man of mystery
1518,Breakdown (1997),Action|Thriller,1997,Breakdown,2,1990,3.42090395480226,354,0.9192392943448412,Blockbuster,action|thriller,action|thriller breakdown
1519,Broken English (1996),Drama,1996,Broken English,1,1990,3.3333333333333335,6,1.0327955589886444,Niche,drama,drama broken english
1520,Commandments (1997),Romance,1997,Commandments,1,1990,2.466666666666667,15,0.990430401872025,Moderate,romance,romance commandments
1522,Ripe (1996),Drama,1996,Ripe,1,1990,2.4285714285714284,7,0.9759000729485333,Niche,drama,drama ripe
1523,"Truth or Consequences, N.M. (1997)",Action|Crime|Romance,1997,"Truth or Consequences, N.M.",3,1990,2.6315789473684212,57,1.0795432060990362,Popular,action|crime|romance,"action|crime|romance truth or consequences, n.m."
1525,Warriors of Virtue (1997),Action|Adventure|Children's|Fantasy,1997,Warriors of Virtue,4,1990,2.090909090909091,44,1.0743993847983013,Moderate,action|adventure|childrens|fantasy,action|adventure|children's|fantasy warriors of virtue
1526,Fathers' Day (1997),Comedy,1997,Fathers' Day,1,1990,2.465909090909091,88,0.9936449056564901,Popular,comedy,comedy fathers' day
1527,"Fifth Element, The (1997)",Action|Sci-Fi,1997,"Fifth Element, The",2,1990,3.6405228758169934,1377,1.0900777466970175,Blockbuster,action|scifi,"action|sci-fi fifth element, the"
1529,Nowhere (1997),Drama,1997,Nowhere,1,1990,3.225806451612903,31,1.2030427373776003,Moderate,drama,drama nowhere
1531,Losing Chase (1996),Drama,1996,Losing Chase,1,1990,3.6363636363636362,11,0.8090398349558905,Moderate,drama,drama losing chase
1532,Sprung (1997),Comedy,1997,Sprung,1,1990,2.6666666666666665,6,0.816496580927726,Niche,comedy,comedy sprung
1533,"Promise, The (La Promesse) (1996)",Drama,1996,"Promise, The (La Promesse)",1,1990,3.875,24,0.6796738348201514,Moderate,drama,"drama promise, the (la promesse)"
1534,"Bonheur, Le (1965)",Drama,1965,"Bonheur, Le",1,1960,3.6666666666666665,6,1.3662601021279464,Niche,drama,"drama bonheur, le"
1535,Love! Valour! Compassion! (1997),Drama|Romance,1997,Love! Valour! Compassion!,2,1990,3.4854368932038833,103,1.110238250971234,Popular,drama|romance,drama|romance love! valour! compassion!
1537,Shall We Dance? (Shall We Dansu?) (1996),Comedy,1996,Shall We Dance? (Shall We Dansu?),1,1990,4.137142857142857,350,0.7965130721395818,Blockbuster,comedy,comedy shall we dance? (shall we dansu?)
1538,"Second Jungle Book: Mowgli & Baloo, The (1997)",Adventure|Children's,1997,"Second Jungle Book: Mowgli & Baloo, The",2,1990,1.6666666666666667,6,1.0327955589886444,Niche,adventure|childrens,"adventure|children's second jungle book: mowgli & baloo, the"
1539,Twin Town (1997),Comedy|Crime,1997,Twin Town,2,1990,2.8181818181818183,11,1.1677484162422844,Moderate,comedy|crime,comedy|crime twin town
1541,Addicted to Love (1997),Comedy|Romance,1997,Addicted to Love,2,1990,3.1,240,0.9319974500297329,Blockbuster,comedy|romance,comedy|romance addicted to love
1542,Brassed Off (1996),Comedy|Drama|Romance,1996,Brassed Off,3,1990,3.542016806722689,238,0.8740994930595577,Blockbuster,comedy|drama|romance,comedy|drama|romance brassed off
1543,"Designated Mourner, The (1997)",Drama,1997,"Designated Mourner, The",1,1990,3.2857142857142856,7,1.3801311186847085,Niche,drama,"drama designated mourner, the"
1544,"Lost World: Jurassic Park, The (1997)",Action|Adventure|Sci-Fi|Thriller,1997,"Lost World: Jurassic Park, The",4,1990,3.036653386454183,1255,1.0835562073120124,Blockbuster,action|adventure|scifi|thriller,"action|adventure|sci-fi|thriller lost world: jurassic park, the"
1545,Ponette (1996),Drama,1996,Ponette,1,1990,4.068493150684931,73,0.9906334550748559,Popular,drama,drama ponette
1546,Schizopolis (1996),Comedy,1996,Schizopolis,1,1990,3.816326530612245,49,1.2694071678634593,Moderate,comedy,comedy schizopolis
1547,Shiloh (1997),Children's|Drama,1997,Shiloh,2,1990,3.324324324324324,37,0.973369121889249,Moderate,childrens|drama,children's|drama shiloh
1549,Rough Magic (1995),Drama|Romance,1995,Rough Magic,2,1990,2.6842105263157894,19,1.1572300058975775,Moderate,drama|romance,drama|romance rough magic
1550,Trial and Error (1997),Comedy|Romance,1997,Trial and Error,2,1990,2.704225352112676,71,1.0056180217328066,Popular,comedy|romance,comedy|romance trial and error
1551,Buddy (1997),Adventure|Children's|Drama,1997,Buddy,3,1990,2.8333333333333335,36,1.1084094137869038,Moderate,adventure|childrens|drama,adventure|children's|drama buddy
1552,Con Air (1997),Action|Adventure|Thriller,1997,Con Air,3,1990,3.2662473794549265,954,1.0276212436380097,Blockbuster,action|adventure|thriller,action|adventure|thriller con air
1554,"Pillow Book, The (1995)",Drama|Romance,1995,"Pillow Book, The",2,1990,3.4782608695652173,138,1.1412465415836364,Popular,drama|romance,"drama|romance pillow book, the"
1556,Speed 2: Cruise Control (1997),Action|Romance|Thriller,1997,Speed 2: Cruise Control,3,1990,1.8719346049046321,367,0.8885749111701149,Blockbuster,action|romance|thriller,action|romance|thriller speed 2: cruise control
1562,Batman & Robin (1997),Action|Adventure|Crime,1997,Batman & Robin,3,1990,2.257425742574257,606,1.1103134723461714,Blockbuster,action|adventure|crime,action|adventure|crime batman & robin
1563,Dream With the Fishes (1997),Drama,1997,Dream With the Fishes,1,1990,3.6,40,1.0573309405993556,Moderate,drama,drama dream with the fishes
1564,Roseanna's Grave (For Roseanna) (1997),Comedy|Romance,1997,Roseanna's Grave (For Roseanna),2,1990,3.8333333333333335,36,1.0,Moderate,comedy|romance,comedy|romance roseanna's grave (for roseanna)
1565,Head Above Water (1996),Comedy|Thriller,1996,Head Above Water,2,1990,3.0,17,1.224744871391589,Moderate,comedy|thriller,comedy|thriller head above water
1566,Hercules (1997),Adventure|Animation|Children's|Comedy|Musical,1997,Hercules,5,1990,3.279317697228145,469,1.0765660245721402,Blockbuster,adventure|animation|childrens|comedy|musical,adventure|animation|children's|comedy|musical hercules
1567,"Last Time I Committed Suicide, The (1997)",Drama,1997,"Last Time I Committed Suicide, The",1,1990,3.4444444444444446,9,1.2360330811826103,Niche,drama,"drama last time i committed suicide, the"
1569,My Best Friend's Wedding (1997),Comedy|Romance,1997,My Best Friend's Wedding,2,1990,3.428048780487805,820,0.9713571174558873,Blockbuster,comedy|romance,comedy|romance my best friend's wedding
1570,Tetsuo II: Body Hammer (1992),Sci-Fi,1992,Tetsuo II: Body Hammer,1,1990,3.3043478260869565,23,1.3292096971404972,Moderate,scifi,sci-fi tetsuo ii: body hammer
1571,When the Cats Away (Chacun cherche son chat) (1996),Comedy|Romance,1996,When the Cats Away (Chacun cherche son chat),2,1990,3.9555555555555557,45,0.9034166348709859,Moderate,comedy|romance,comedy|romance when the cats away (chacun cherche son chat)
1572,Contempt (Le Mépris) (1963),Drama,1963,Contempt (Le Mépris),1,1960,3.730769230769231,26,1.0023050357128735,Moderate,drama,drama contempt (le mépris)
1573,Face/Off (1997),Action|Sci-Fi|Thriller,1997,Face/Off,3,1990,3.4011259676284307,1421,1.1362646359248247,Blockbuster,action|scifi|thriller,action|sci-fi|thriller face/off
1574,Fall (1997),Romance,1997,Fall,1,1990,2.8666666666666667,15,1.245945806357946,Moderate,romance,romance fall
1575,Gabbeh (1996),Drama,1996,Gabbeh,1,1990,3.142857142857143,14,1.3506205330054122,Moderate,drama,drama gabbeh
1580,Men in Black (1997),Action|Adventure|Comedy|Sci-Fi,1997,Men in Black,4,1990,3.739952718676123,2538,0.9317186501374176,Blockbuster,action|adventure|comedy|scifi,action|adventure|comedy|sci-fi men in black
1581,Out to Sea (1997),Comedy,1997,Out to Sea,1,1990,2.847457627118644,59,1.1266912088368024,Popular,comedy,comedy out to sea
1582,Wild America (1997),Adventure|Children's,1997,Wild America,2,1990,3.1666666666666665,60,1.0761933331866909,Popular,adventure|childrens,adventure|children's wild america
1583,"Simple Wish, A (1997)",Children's|Fantasy,1997,"Simple Wish, A",2,1990,2.7777777777777777,27,1.0127393670836666,Moderate,childrens|fantasy,"children's|fantasy simple wish, a"
1584,Contact (1997),Drama|Sci-Fi,1997,Contact,2,1990,3.768451519536903,1382,1.0082586153235815,Blockbuster,drama|scifi,drama|sci-fi contact
1585,Love Serenade (1996),Comedy,1996,Love Serenade,1,1990,3.2142857142857144,28,1.4995590180707288,Moderate,comedy,comedy love serenade
1586,G.I. Jane (1997),Action|Drama|War,1997,G.I. Jane,3,1990,3.0520646319569122,557,1.0956832611502463,Blockbuster,action|drama|war,action|drama|war g.i. jane
1587,Conan the Barbarian (1982),Action|Adventure,1982,Conan the Barbarian,2,1980,3.4213286713286712,572,1.063203853780239,Blockbuster,action|adventure,action|adventure conan the barbarian
1588,George of the Jungle (1997),Children's|Comedy,1997,George of the Jungle,2,1990,3.083044982698962,289,1.1086887281316598,Blockbuster,childrens|comedy,children's|comedy george of the jungle
1589,Cop Land (1997),Crime|Drama|Mystery,1997,Cop Land,3,1990,3.3597560975609757,492,0.9152734010332186,Blockbuster,crime|drama|mystery,crime|drama|mystery cop land
1590,Event Horizon (1997),Action|Mystery|Sci-Fi|Thriller,1997,Event Horizon,4,1990,2.5180722891566263,498,1.0898630683908115,Blockbuster,action|mystery|scifi|thriller,action|mystery|sci-fi|thriller event horizon
1591,Spawn (1997),Action|Adventure|Sci-Fi|Thriller,1997,Spawn,4,1990,2.6210526315789475,475,1.1021550367675936,Blockbuster,action|adventure|scifi|thriller,action|adventure|sci-fi|thriller spawn
1592,Air Bud (1997),Children's|Comedy,1997,Air Bud,2,1990,2.4910714285714284,112,1.1854640305909612,Popular,childrens|comedy,children's|comedy air bud
1593,Picture Perfect (1997),Comedy|Romance,1997,Picture Perfect,2,1990,2.8641975308641974,162,0.8451996187421148,Popular,comedy|romance,comedy|romance picture perfect
1594,In the Company of Men (1997),Drama,1997,In the Company of Men,1,1990,3.778501628664495,307,1.049335474044808,Blockbuster,drama,drama in the company of men
1595,Free Willy 3: The Rescue (1997),Adventure|Children's|Drama,1997,Free Willy 3: The Rescue,3,1990,1.7384615384615385,65,0.9232571939356042,Popular,adventure|childrens|drama,adventure|children's|drama free willy 3: the rescue
1596,Career Girls (1997),Drama,1997,Career Girls,1,1990,3.46875,32,0.9498514315067824,Moderate,drama,drama career girls
1597,Conspiracy Theory (1997),Action|Mystery|Romance|Thriller,1997,Conspiracy Theory,4,1990,3.405672009864365,811,0.95551285999875,Blockbuster,action|mystery|romance|thriller,action|mystery|romance|thriller conspiracy theory
1598,Desperate Measures (1998),Crime|Drama|Thriller,1998,Desperate Measures,3,1990,2.7117117117117115,111,0.9379609159078429,Popular,crime|drama|thriller,crime|drama|thriller desperate measures
1599,Steel (1997),Action,1997,Steel,1,1990,1.6417910447761195,67,0.9954668850908744,Popular,action,action steel
1600,She's So Lovely (1997),Drama|Romance,1997,She's So Lovely,2,1990,2.869047619047619,84,1.0502984303929188,Popular,drama|romance,drama|romance she's so lovely
1601,Hoodlum (1997),Crime|Drama|Film-Noir,1997,Hoodlum,3,1990,2.72,75,1.085033316215358,Popular,crime|drama|filmnoir,crime|drama|film-noir hoodlum
1602,Leave It to Beaver (1997),Comedy,1997,Leave It to Beaver,1,1990,2.116279069767442,43,1.1171669595471734,Moderate,comedy,comedy leave it to beaver
1603,Mimic (1997),Sci-Fi|Thriller,1997,Mimic,2,1990,2.925287356321839,348,0.9573881847028158,Blockbuster,scifi|thriller,sci-fi|thriller mimic
1604,Money Talks (1997),Action|Comedy,1997,Money Talks,2,1990,2.753846153846154,65,1.1184639191594596,Popular,action|comedy,action|comedy money talks
1605,Excess Baggage (1997),Adventure|Romance,1997,Excess Baggage,2,1990,2.659090909090909,88,1.0270632571410967,Popular,adventure|romance,adventure|romance excess baggage
1606,Kull the Conqueror (1997),Action|Adventure,1997,Kull the Conqueror,2,1990,2.3394495412844036,109,1.115714216413917,Popular,action|adventure,action|adventure kull the conqueror
1608,Air Force One (1997),Action|Thriller,1997,Air Force One,2,1990,3.5882899628252787,1076,0.9413560004399391,Blockbuster,action|thriller,action|thriller air force one
1609,187 (1997),Drama,1997,187,1,1990,2.7454545454545456,55,1.057918673240963,Popular,drama,drama 187
1610,"Hunt for Red October, The (1990)",Action|Thriller,1990,"Hunt for Red October, The",2,1990,4.052058111380146,1652,0.8249306644216551,Blockbuster,action|thriller,"action|thriller hunt for red october, the"
1611,My Own Private Idaho (1991),Drama,1991,My Own Private Idaho,1,1990,3.3516949152542375,236,1.1066709173431748,Blockbuster,drama,drama my own private idaho
1612,"Kiss Me, Guido (1997)",Comedy,1997,"Kiss Me, Guido",1,1990,3.327272727272727,55,0.9240519757416535,Popular,comedy,"comedy kiss me, guido"
1613,Star Maps (1997),Drama,1997,Star Maps,1,1990,2.9,30,1.0938700673013824,Moderate,drama,drama star maps
1614,In & Out (1997),Comedy,1997,In & Out,1,1990,3.2803738317757007,428,1.0085758041231045,Blockbuster,comedy,comedy in & out
1615,"Edge, The (1997)",Adventure|Thriller,1997,"Edge, The",2,1990,3.6211453744493394,227,0.9440510106086238,Blockbuster,adventure|thriller,"adventure|thriller edge, the"
1616,"Peacemaker, The (1997)",Action|Thriller|War,1997,"Peacemaker, The",3,1990,3.0936708860759494,395,0.9418824670649949,Blockbuster,action|thriller|war,"action|thriller|war peacemaker, the"
1617,L.A. Confidential (1997),Crime|Film-Noir|Mystery|Thriller,1997,L.A. Confidential,4,1990,4.219405594405594,2288,0.8441932088425476,Blockbuster,crime|filmnoir|mystery|thriller,crime|film-noir|mystery|thriller l.a. confidential
1619,Seven Years in Tibet (1997),Drama|War,1997,Seven Years in Tibet,2,1990,3.4281767955801103,362,0.9627876721379061,Blockbuster,drama|war,drama|war seven years in tibet
1620,Kiss the Girls (1997),Crime|Drama|Thriller,1997,Kiss the Girls,3,1990,3.3367088607594937,395,0.95616848747704,Blockbuster,crime|drama|thriller,crime|drama|thriller kiss the girls
1621,Soul Food (1997),Drama,1997,Soul Food,1,1990,3.2823529411764705,85,0.8537280249682839,Popular,drama,drama soul food
1622,Kicked in the Head (1997),Comedy|Drama,1997,Kicked in the Head,2,1990,2.4,5,0.5477225575051661,Niche,comedy|drama,comedy|drama kicked in the head
1623,Wishmaster (1997),Horror,1997,Wishmaster,1,1990,2.2109375,128,1.069640779718965,Popular,horror,horror wishmaster
1624,"Thousand Acres, A (1997)",Drama,1997,"Thousand Acres, A",1,1990,2.72,50,1.0887176504718659,Moderate,drama,"drama thousand acres, a"
1625,"Game, The (1997)",Mystery|Thriller,1997,"Game, The",2,1990,3.9138321995464853,882,0.8973736728369873,Blockbuster,mystery|thriller,"mystery|thriller game, the"
1626,Fire Down Below (1997),Action|Drama|Thriller,1997,Fire Down Below,3,1990,2.5185185185185186,81,1.1522924011629068,Popular,action|drama|thriller,action|drama|thriller fire down below
1627,U Turn (1997),Action|Crime|Mystery,1997,U Turn,3,1990,3.076,250,1.1469463561017574,Blockbuster,action|crime|mystery,action|crime|mystery u turn
1629,"MatchMaker, The (1997)",Comedy|Romance,1997,"MatchMaker, The",2,1990,3.018348623853211,109,0.9126847999187444,Popular,comedy|romance,"comedy|romance matchmaker, the"
1631,"Assignment, The (1997)",Thriller,1997,"Assignment, The",1,1990,3.5918367346938775,49,0.9110060223670947,Moderate,thriller,"thriller assignment, the"
1632,"Smile Like Yours, A (1997)",Comedy|Romance,1997,"Smile Like Yours, A",2,1990,2.45,20,0.9986833437344549,Moderate,comedy|romance,"comedy|romance smile like yours, a"
1633,Ulee's Gold (1997),Drama,1997,Ulee's Gold,1,1990,3.661654135338346,266,0.8892415088480214,Blockbuster,drama,drama ulee's gold
1635,"Ice Storm, The (1997)",Drama,1997,"Ice Storm, The",1,1990,3.8007889546351086,507,1.0262172800945788,Blockbuster,drama,"drama ice storm, the"
1636,Stag (1997),Action|Thriller,1997,Stag,2,1990,2.4,5,1.140175425099138,Niche,action|thriller,action|thriller stag
1639,Chasing Amy (1997),Drama|Romance,1997,Chasing Amy,2,1990,3.7784679089026914,966,1.013173403009055,Blockbuster,drama|romance,drama|romance chasing amy
1640,How to Be a Player (1997),Comedy,1997,How to Be a Player,1,1990,2.5357142857142856,84,1.1454091558265507,Popular,comedy,comedy how to be a player
1641,"Full Monty, The (1997)",Comedy,1997,"Full Monty, The",1,1990,3.872393661384487,1199,0.9510016818200495,Blockbuster,comedy,"comedy full monty, the"
1642,Indian Summer (a.k.a. Alive & Kicking) (1996),Comedy|Drama,1996,Indian Summer (a.k.a. Alive & Kicking),2,1990,3.054054054054054,74,1.0322457482156886,Popular,comedy|drama,comedy|drama indian summer (a.k.a. alive & kicking)
1643,"Mrs. Brown (Her Majesty, Mrs. Brown) (1997)",Drama|Romance,1997,"Mrs. Brown (Her Majesty, Mrs. Brown)",2,1990,3.8754716981132074,265,0.8323264357194745,Blockbuster,drama|romance,"drama|romance mrs. brown (her majesty, mrs. brown)"
1644,I Know What You Did Last Summer (1997),Horror|Mystery|Thriller,1997,I Know What You Did Last Summer,3,1990,2.6315789473684212,475,1.1460133759183186,Blockbuster,horror|mystery|thriller,horror|mystery|thriller i know what you did last summer
1645,"Devil's Advocate, The (1997)",Crime|Horror|Mystery|Thriller,1997,"Devil's Advocate, The",4,1990,3.4358353510895885,826,1.0520394471275407,Blockbuster,crime|horror|mystery|thriller,"crime|horror|mystery|thriller devil's advocate, the"
1646,Rocket Man (1997),Comedy,1997,Rocket Man,1,1990,2.8181818181818183,88,1.1401296008752946,Popular,comedy,comedy rocket man
1647,Playing God (1997),Crime|Thriller,1997,Playing God,2,1990,2.8777777777777778,90,0.9460476955192342,Popular,crime|thriller,crime|thriller playing god
1648,"House of Yes, The (1997)",Comedy|Drama|Thriller,1997,"House of Yes, The",3,1990,3.4742268041237114,194,1.0733974294536062,Popular,comedy|drama|thriller,"comedy|drama|thriller house of yes, the"
1649,"Fast, Cheap & Out of Control (1997)",Documentary,1997,"Fast, Cheap & Out of Control",1,1990,3.8518518518518516,189,1.0863070660569092,Popular,documentary,"documentary fast, cheap & out of control"
1650,Washington Square (1997),Drama,1997,Washington Square,1,1990,3.34,50,0.9816687167205417,Moderate,drama,drama washington square
1651,Telling Lies in America (1997),Drama,1997,Telling Lies in America,1,1990,2.8823529411764706,17,1.1663164740528442,Moderate,drama,drama telling lies in america
1653,Gattaca (1997),Drama|Sci-Fi|Thriller,1997,Gattaca,3,1990,3.711234911792015,1077,0.9968323704067868,Blockbuster,drama|scifi|thriller,drama|sci-fi|thriller gattaca
1654,FairyTale: A True Story (1997),Children's|Drama|Fantasy,1997,FairyTale: A True Story,3,1990,3.310344827586207,87,1.296779058368439,Popular,childrens|drama|fantasy,children's|drama|fantasy fairytale: a true story
1655,Phantoms (1998),Horror,1998,Phantoms,1,1990,2.4285714285714284,77,1.1857550495755795,Popular,horror,horror phantoms
1656,Swept from the Sea (1997),Romance,1997,Swept from the Sea,1,1990,3.2142857142857144,14,0.9749612559222292,Moderate,romance,romance swept from the sea
1657,Wonderland (1997),Documentary,1997,Wonderland,1,1990,3.5,20,1.0,Moderate,documentary,documentary wonderland
1658,"Life Less Ordinary, A (1997)",Romance|Thriller,1997,"Life Less Ordinary, A",2,1990,3.1724137931034484,116,1.057280038334343,Popular,romance|thriller,"romance|thriller life less ordinary, a"
1659,Hurricane Streets (1998),Drama,1998,Hurricane Streets,1,1990,2.857142857142857,7,1.5735915849388862,Niche,drama,drama hurricane streets
1660,Eve's Bayou (1997),Drama,1997,Eve's Bayou,1,1990,3.569832402234637,179,0.8801081872084748,Popular,drama,drama eve's bayou
1661,Switchback (1997),Thriller,1997,Switchback,1,1990,3.1931818181818183,88,0.8557843017722833,Popular,thriller,thriller switchback
1662,Gang Related (1997),Crime,1997,Gang Related,1,1990,2.65,20,1.3088765773505315,Moderate,crime,crime gang related
1663,Stripes (1981),Comedy,1981,Stripes,1,1980,3.8391891891891894,740,0.8994536858759753,Blockbuster,comedy,comedy stripes
1664,Nénette et Boni (1996),Drama,1996,Nénette et Boni,1,1990,4.2,5,0.8366600265340756,Niche,drama,drama nénette et boni
1665,Bean (1997),Comedy,1997,Bean,1,1990,2.685,200,1.1411776514464367,Popular,comedy,comedy bean
1666,Hugo Pool (1997),Romance,1997,Hugo Pool,1,1990,2.6,20,1.187655806953123,Moderate,romance,romance hugo pool
1667,Mad City (1997),Action|Drama,1997,Mad City,2,1990,2.7787610619469025,113,1.0241243060217722,Popular,action|drama,action|drama mad city
1668,One Night Stand (1997),Drama,1997,One Night Stand,1,1990,2.5384615384615383,39,0.9959431881428263,Moderate,drama,drama one night stand
1669,"Tango Lesson, The (1997)",Romance,1997,"Tango Lesson, The",1,1990,3.4594594594594597,37,1.2603922360077393,Moderate,romance,"romance tango lesson, the"
1670,Welcome To Sarajevo (1997),Drama|War,1997,Welcome To Sarajevo,2,1990,3.5,82,1.1027462911821786,Popular,drama|war,drama|war welcome to sarajevo
1671,Deceiver (1997),Crime,1997,Deceiver,1,1990,3.1818181818181817,22,1.0527227119356304,Moderate,crime,crime deceiver
1672,"Rainmaker, The (1997)",Drama,1997,"Rainmaker, The",1,1990,3.5700934579439254,321,0.811389427918751,Blockbuster,drama,"drama rainmaker, the"
1673,Boogie Nights (1997),Drama,1997,Boogie Nights,1,1990,3.769503546099291,1128,1.0498112907643642,Blockbuster,drama,drama boogie nights
1674,Witness (1985),Drama|Romance|Thriller,1985,Witness,3,1980,3.9961759082217974,1046,0.795913428266309,Blockbuster,drama|romance|thriller,drama|romance|thriller witness
1675,Incognito (1997),Crime|Thriller,1997,Incognito,2,1990,3.090909090909091,11,0.8312094145936335,Moderate,crime|thriller,crime|thriller incognito
1676,Starship Troopers (1997),Action|Adventure|Sci-Fi|War,1997,Starship Troopers,4,1990,3.1332760103181427,1163,1.2032451167638627,Blockbuster,action|adventure|scifi|war,action|adventure|sci-fi|war starship troopers
1677,Critical Care (1997),Comedy,1997,Critical Care,1,1990,2.7567567567567566,37,1.0383053876765151,Moderate,comedy,comedy critical care
1678,"Joy Luck Club, The (1993)",Drama,1993,"Joy Luck Club, The",1,1990,3.829113924050633,474,0.9503067579154375,Blockbuster,drama,"drama joy luck club, the"
1679,Chairman of the Board (1998),Comedy,1998,Chairman of the Board,1,1990,1.9583333333333333,24,0.9990937922923462,Moderate,comedy,comedy chairman of the board
1680,Sliding Doors (1998),Drama|Romance,1998,Sliding Doors,2,1990,3.790948275862069,464,0.9326359943551304,Blockbuster,drama|romance,drama|romance sliding doors
1681,Mortal Kombat: Annihilation (1997),Action|Adventure,1997,Mortal Kombat: Annihilation,2,1990,2.1791044776119404,134,1.0957933663717403,Popular,action|adventure,action|adventure mortal kombat: annihilation
1682,"Truman Show, The (1998)",Drama,1998,"Truman Show, The",1,1990,3.861691542288557,1005,0.8835454228962001,Blockbuster,drama,"drama truman show, the"
1683,"Wings of the Dove, The (1997)",Drama|Romance|Thriller,1997,"Wings of the Dove, The",3,1990,3.761467889908257,218,0.8682742305960635,Blockbuster,drama|romance|thriller,"drama|romance|thriller wings of the dove, the"
1684,Mrs. Dalloway (1997),Romance,1997,Mrs. Dalloway,1,1990,3.7241379310344827,58,0.9513260080664854,Popular,romance,romance mrs. dalloway
1685,"I Love You, I Love You Not (1996)",Romance,1996,"I Love You, I Love You Not",1,1990,3.5,6,0.8366600265340756,Niche,romance,"romance i love you, i love you not"
1686,Red Corner (1997),Crime|Thriller,1997,Red Corner,2,1990,3.1559633027522938,109,0.9247052776386078,Popular,crime|thriller,crime|thriller red corner
1687,"Jackal, The (1997)",Action|Thriller,1997,"Jackal, The",2,1990,3.077151335311573,337,0.9910222975752693,Blockbuster,action|thriller,"action|thriller jackal, the"
1688,Anastasia (1997),Animation|Children's|Musical,1997,Anastasia,3,1990,3.5032894736842106,304,0.9883758563523208,Blockbuster,animation|childrens|musical,animation|children's|musical anastasia
1689,"Man Who Knew Too Little, The (1997)",Comedy|Mystery,1997,"Man Who Knew Too Little, The",2,1990,3.1547619047619047,252,1.134332535745379,Blockbuster,comedy|mystery,"comedy|mystery man who knew too little, the"
1690,Alien: Resurrection (1997),Action|Horror|Sci-Fi,1997,Alien: Resurrection,3,1990,2.958921694480103,779,1.0807294821807663,Blockbuster,action|horror|scifi,action|horror|sci-fi alien: resurrection
1692,Alien Escape (1995),Horror|Sci-Fi,1995,Alien Escape,2,1990,2.55,20,1.3562719801759993,Moderate,horror|scifi,horror|sci-fi alien escape
1693,Amistad (1997),Drama,1997,Amistad,1,1990,3.717948717948718,351,0.9577904976364281,Blockbuster,drama,drama amistad
1694,"Apostle, The (1997)",Drama,1997,"Apostle, The",1,1990,3.7261146496815285,471,1.0372516773409588,Blockbuster,drama,"drama apostle, the"
1695,Artemisia (1997),Drama,1997,Artemisia,1,1990,3.6875,32,0.9310937030562325,Moderate,drama,drama artemisia
1696,Bent (1997),Drama|War,1997,Bent,2,1990,3.5714285714285716,28,1.1362241376617954,Moderate,drama|war,drama|war bent
1699,"Butcher Boy, The (1998)",Drama,1998,"Butcher Boy, The",1,1990,3.503225806451613,155,1.1245443149173002,Popular,drama,"drama butcher boy, the"
1701,Deconstructing Harry (1997),Comedy|Drama,1997,Deconstructing Harry,2,1990,3.415492957746479,284,1.038093916150566,Blockbuster,comedy|drama,comedy|drama deconstructing harry
1702,Flubber (1997),Children's|Comedy|Fantasy,1997,Flubber,3,1990,2.552980132450331,302,1.0731583434744165,Blockbuster,childrens|comedy|fantasy,children's|comedy|fantasy flubber
1703,For Richer or Poorer (1997),Comedy,1997,For Richer or Poorer,1,1990,2.935483870967742,62,1.1716734248457152,Popular,comedy,comedy for richer or poorer
1704,Good Will Hunting (1997),Drama,1997,Good Will Hunting,1,1990,4.176356589147287,1548,0.8319938323181123,Blockbuster,drama,drama good will hunting
1707,Home Alone 3 (1997),Children's|Comedy,1997,Home Alone 3,2,1990,1.8766233766233766,154,1.162192665554323,Popular,childrens|comedy,children's|comedy home alone 3
1711,Midnight in the Garden of Good and Evil (1997),Comedy|Crime|Drama|Mystery,1997,Midnight in the Garden of Good and Evil,4,1990,3.2531847133757963,628,1.0465585971392182,Blockbuster,comedy|crime|drama|mystery,comedy|crime|drama|mystery midnight in the garden of good and evil
1713,Mouse Hunt (1997),Children's|Comedy,1997,Mouse Hunt,2,1990,3.0432900432900434,231,1.0623335666416063,Blockbuster,childrens|comedy,children's|comedy mouse hunt
1715,Office Killer (1997),Thriller,1997,Office Killer,1,1990,3.0,13,1.2909944487358056,Moderate,thriller,thriller office killer
1717,Scream 2 (1997),Horror|Thriller,1997,Scream 2,2,1990,2.975824175824176,455,1.1153060719892116,Blockbuster,horror|thriller,horror|thriller scream 2
1718,Stranger in the House (1997),Thriller,1997,Stranger in the House,1,1990,2.5714285714285716,7,0.9759000729485333,Niche,thriller,thriller stranger in the house
1719,"Sweet Hereafter, The (1997)",Drama,1997,"Sweet Hereafter, The",1,1990,4.044619422572178,381,0.9035623501281689,Blockbuster,drama,"drama sweet hereafter, the"
1720,Time Tracers (1995),Action|Adventure|Sci-Fi,1995,Time Tracers,3,1990,1.2857142857142858,7,0.4879500364742666,Niche,action|adventure|scifi,action|adventure|sci-fi time tracers
1721,Titanic (1997),Drama|Romance,1997,Titanic,2,1990,3.5834411384217333,1546,1.1674484924900177,Blockbuster,drama|romance,drama|romance titanic
1722,Tomorrow Never Dies (1997),Action|Romance|Thriller,1997,Tomorrow Never Dies,3,1990,3.4419953596287702,862,0.8942971779487804,Blockbuster,action|romance|thriller,action|romance|thriller tomorrow never dies
1725,"Education of Little Tree, The (1997)",Drama,1997,"Education of Little Tree, The",1,1990,3.739130434782609,23,1.2869057782967015,Moderate,drama,"drama education of little tree, the"
1726,"Postman, The (1997)",Drama,1997,"Postman, The",1,1990,2.7737226277372264,137,1.289052894056484,Popular,drama,"drama postman, the"
1727,"Horse Whisperer, The (1998)",Drama,1998,"Horse Whisperer, The",1,1990,3.2285714285714286,210,1.0468192228384847,Blockbuster,drama,"drama horse whisperer, the"
1728,"Winter Guest, The (1997)",Drama,1997,"Winter Guest, The",1,1990,3.3181818181818183,22,1.129111055163209,Moderate,drama,"drama winter guest, the"
1729,Jackie Brown (1997),Crime|Drama,1997,Jackie Brown,2,1990,3.6892265193370166,724,0.9102732911186435,Blockbuster,crime|drama,crime|drama jackie brown
1730,Kundun (1997),Drama,1997,Kundun,1,1990,3.727272727272727,176,0.8780142885563372,Popular,drama,drama kundun
1731,Mr. Magoo (1997),Comedy,1997,Mr. Magoo,1,1990,1.875,64,1.0764432909959347,Popular,comedy,comedy mr. magoo
1732,"Big Lebowski, The (1998)",Comedy|Crime|Mystery|Thriller,1998,"Big Lebowski, The",4,1990,3.7383773928896993,1097,1.104864126038447,Blockbuster,comedy|crime|mystery|thriller,"comedy|crime|mystery|thriller big lebowski, the"
1733,Afterglow (1997),Drama|Romance,1997,Afterglow,2,1990,3.1097560975609757,82,0.8749758029948933,Popular,drama|romance,drama|romance afterglow
1734,My Life in Pink (Ma vie en rose) (1997),Comedy|Drama,1997,My Life in Pink (Ma vie en rose),2,1990,3.825870646766169,201,1.0744893499630788,Blockbuster,comedy|drama,comedy|drama my life in pink (ma vie en rose)
1735,Great Expectations (1998),Drama|Romance,1998,Great Expectations,2,1990,3.2015209125475286,263,0.977454615480614,Blockbuster,drama|romance,drama|romance great expectations
1739,3 Ninjas: High Noon On Mega Mountain (1998),Action|Children's,1998,3 Ninjas: High Noon On Mega Mountain,2,1990,1.3617021276595744,47,0.7919577260043514,Moderate,action|childrens,action|children's 3 ninjas: high noon on mega mountain
1741,"Midaq Alley (Callejón de los milagros, El) (1995)",Drama,1995,"Midaq Alley (Callejón de los milagros, El)",1,1990,4.0,5,1.0,Niche,drama,"drama midaq alley (callejón de los milagros, el)"
1743,Arguing the World (1996),Documentary,1996,Arguing the World,1,1990,3.909090909090909,11,1.3751033019046572,Moderate,documentary,documentary arguing the world
1744,Firestorm (1998),Action|Adventure|Thriller,1998,Firestorm,3,1990,2.675324675324675,77,1.0692048009417094,Popular,action|adventure|thriller,action|adventure|thriller firestorm
1746,Senseless (1998),Comedy,1998,Senseless,1,1990,2.7636363636363637,55,1.0357254813546264,Popular,comedy,comedy senseless
1747,Wag the Dog (1997),Comedy|Drama,1997,Wag the Dog,2,1990,3.4895259095920617,907,0.9903789361864773,Blockbuster,comedy|drama,comedy|drama wag the dog
1748,Dark City (1998),Film-Noir|Sci-Fi|Thriller,1998,Dark City,3,1990,3.822654462242563,874,1.0161983833068746,Blockbuster,filmnoir|scifi|thriller,film-noir|sci-fi|thriller dark city
1749,"Leading Man, The (1996)",Romance,1996,"Leading Man, The",1,1990,3.4,10,1.0749676997731399,Niche,romance,"romance leading man, the"
1750,Star Kid (1997),Adventure|Children's|Fantasy|Sci-Fi,1997,Star Kid,4,1990,2.1904761904761907,63,1.2424889544150155,Popular,adventure|childrens|fantasy|scifi,adventure|children's|fantasy|sci-fi star kid
1752,Hard Rain (1998),Action|Thriller,1998,Hard Rain,2,1990,2.6553398058252426,206,1.01339594798054,Blockbuster,action|thriller,action|thriller hard rain
1753,Half Baked (1998),Comedy,1998,Half Baked,1,1990,3.202020202020202,198,1.2214645281376109,Popular,comedy,comedy half baked
1754,Fallen (1998),Action|Mystery|Thriller,1998,Fallen,3,1990,3.38659793814433,388,1.0368037613159695,Blockbuster,action|mystery|thriller,action|mystery|thriller fallen
1755,Shooting Fish (1997),Romance,1997,Shooting Fish,1,1990,3.533333333333333,30,1.0742546199601597,Moderate,romance,romance shooting fish
1756,"Prophecy II, The (1998)",Horror,1998,"Prophecy II, The",1,1990,2.549019607843137,51,1.154360870615356,Popular,horror,"horror prophecy ii, the"
1758,Dangerous Beauty (1998),Drama,1998,Dangerous Beauty,1,1990,3.65,100,0.957427107756338,Popular,drama,drama dangerous beauty
1759,Four Days in September (1997),Drama,1997,Four Days in September,1,1990,3.980392156862745,51,0.6779438347955197,Popular,drama,drama four days in september
1760,Spice World (1997),Comedy|Musical,1997,Spice World,2,1990,1.8736842105263158,190,1.0311765024060877,Popular,comedy|musical,comedy|musical spice world
1762,Deep Rising (1998),Action|Horror|Sci-Fi,1998,Deep Rising,3,1990,2.73568281938326,227,1.0810945149609918,Blockbuster,action|horror|scifi,action|horror|sci-fi deep rising
1767,Music From Another Room (1998),Drama|Romance,1998,Music From Another Room,2,1990,3.0,26,0.9797958971132711,Moderate,drama|romance,drama|romance music from another room
1769,"Replacement Killers, The (1998)",Action|Thriller,1998,"Replacement Killers, The",2,1990,3.1379310344827585,319,1.0339078862458588,Blockbuster,action|thriller,"action|thriller replacement killers, the"
1770,B. Monkey (1998),Romance|Thriller,1998,B. Monkey,2,1990,3.473684210526316,19,0.772328445721233,Moderate,romance|thriller,romance|thriller b. monkey
1771,Night Flier (1997),Horror,1997,Night Flier,1,1990,2.6382978723404253,47,1.1501518220178701,Moderate,horror,horror night flier
1772,Blues Brothers 2000 (1998),Action|Comedy|Musical,1998,Blues Brothers 2000,3,1990,2.4304347826086956,230,1.1566911030846538,Blockbuster,action|comedy|musical,action|comedy|musical blues brothers 2000
1777,"Wedding Singer, The (1998)",Comedy|Romance,1998,"Wedding Singer, The",2,1990,3.4895489548954894,909,0.9783733663133675,Blockbuster,comedy|romance,"comedy|romance wedding singer, the"
1779,Sphere (1998),Adventure|Sci-Fi|Thriller,1998,Sphere,3,1990,2.6635859519408505,541,1.0582765892515253,Blockbuster,adventure|scifi|thriller,adventure|sci-fi|thriller sphere
1780,Ayn Rand: A Sense of Life (1997),Documentary,1997,Ayn Rand: A Sense of Life,1,1990,4.125,8,1.2464234547582247,Niche,documentary,documentary ayn rand: a sense of life
1782,Little City (1998),Comedy|Romance,1998,Little City,2,1990,2.5,8,0.7559289460184544,Niche,comedy|romance,comedy|romance little city
1783,Palmetto (1998),Film-Noir|Mystery|Thriller,1998,Palmetto,3,1990,2.9272727272727272,220,1.0486703118697955,Blockbuster,filmnoir|mystery|thriller,film-noir|mystery|thriller palmetto
1784,As Good As It Gets (1997),Comedy|Drama,1997,As Good As It Gets,2,1990,3.9501404494382024,1424,0.9497049776435134,Blockbuster,comedy|drama,comedy|drama as good as it gets
1785,King of New York (1990),Action|Crime,1990,King of New York,2,1990,3.388888888888889,180,0.9298818864677821,Popular,action|crime,action|crime king of new york
1788,Men With Guns (1997),Action|Drama,1997,Men With Guns,2,1990,3.956043956043956,91,0.9990227214865522,Popular,action|drama,action|drama men with guns
1791,Twilight (1998),Crime|Drama,1998,Twilight,2,1990,2.9622641509433962,53,0.9600133042135685,Popular,crime|drama,crime|drama twilight
1792,U.S. Marshalls (1998),Action|Thriller,1998,U.S. Marshalls,2,1990,3.171875,448,0.9644295934467608,Blockbuster,action|thriller,action|thriller u.s. marshalls
1793,Welcome to Woop-Woop (1997),Comedy,1997,Welcome to Woop-Woop,1,1990,2.3846153846153846,13,1.3867504905630728,Moderate,comedy,comedy welcome to woop-woop
1794,Love and Death on Long Island (1997),Comedy|Drama,1997,Love and Death on Long Island,2,1990,3.4304635761589406,151,0.969604275120075,Popular,comedy|drama,comedy|drama love and death on long island
1796,In God's Hands (1998),Action|Drama,1998,In God's Hands,2,1990,2.4,5,1.949358868961793,Niche,action|drama,action|drama in god's hands
1797,Everest (1998),Documentary,1998,Everest,1,1990,4.005988023952096,167,0.8466589617113087,Popular,documentary,documentary everest
1798,Hush (1998),Thriller,1998,Hush,1,1990,2.5714285714285716,42,1.1292746893656174,Moderate,thriller,thriller hush
1799,Suicide Kings (1997),Crime|Drama,1997,Suicide Kings,2,1990,3.4131455399061035,213,1.0764266366965838,Blockbuster,crime|drama,crime|drama suicide kings
1801,"Man in the Iron Mask, The (1998)",Action|Drama|Romance,1998,"Man in the Iron Mask, The",3,1990,3.0434782608695654,391,1.0887076195822525,Blockbuster,action|drama|romance,"action|drama|romance man in the iron mask, the"
1804,"Newton Boys, The (1998)",Crime|Drama,1998,"Newton Boys, The",2,1990,3.033613445378151,119,0.9471882843022209,Popular,crime|drama,"crime|drama newton boys, the"
1805,Wild Things (1998),Crime|Drama|Mystery|Thriller,1998,Wild Things,4,1990,3.4456869009584663,626,1.0327852474799104,Blockbuster,crime|drama|mystery|thriller,crime|drama|mystery|thriller wild things
1806,Paulie (1998),Adventure|Children's|Comedy,1998,Paulie,3,1990,2.892857142857143,168,1.1531561183820027,Popular,adventure|childrens|comedy,adventure|children's|comedy paulie
1807,"Cool Dry Place, A (1998)",Drama,1998,"Cool Dry Place, A",1,1990,3.411764705882353,17,0.7952062255644574,Moderate,drama,"drama cool dry place, a"
1809,Hana-bi (1997),Comedy|Crime|Drama,1997,Hana-bi,3,1990,3.8055555555555554,36,1.3484264786238693,Moderate,comedy|crime|drama,comedy|crime|drama hana-bi
1810,Primary Colors (1998),Drama,1998,Primary Colors,1,1990,3.558073654390935,353,0.8275434108446191,Blockbuster,drama,drama primary colors
1811,"Niagara, Niagara (1997)",Drama,1997,"Niagara, Niagara",1,1990,3.6923076923076925,13,0.9473309334313418,Moderate,drama,"drama niagara, niagara"
1812,Wide Awake (1998),Children's|Comedy|Drama,1998,Wide Awake,3,1990,3.477272727272727,44,1.2292678169343443,Moderate,childrens|comedy|drama,children's|comedy|drama wide awake
1814,"Price Above Rubies, A (1998)",Drama,1998,"Price Above Rubies, A",1,1990,3.36,25,1.1503622617824931,Moderate,drama,"drama price above rubies, a"
1816,Two Girls and a Guy (1997),Comedy|Drama,1997,Two Girls and a Guy,2,1990,2.9603960396039604,101,1.1217913538551447,Popular,comedy|drama,comedy|drama two girls and a guy
1817,No Looking Back (1998),Comedy|Drama|Romance,1998,No Looking Back,3,1990,3.0,12,0.9534625892455924,Moderate,comedy|drama|romance,comedy|drama|romance no looking back
1821,"Object of My Affection, The (1998)",Comedy|Romance,1998,"Object of My Affection, The",2,1990,3.1943127962085307,211,0.9437341619117576,Blockbuster,comedy|romance,"comedy|romance object of my affection, the"
1822,Meet the Deedles (1998),Children's|Comedy,1998,Meet the Deedles,2,1990,2.0476190476190474,21,1.1169686869465265,Moderate,childrens|comedy,children's|comedy meet the deedles
1824,Homegrown (1998),Comedy|Thriller,1998,Homegrown,2,1990,3.3653846153846154,104,1.0245310772761873,Popular,comedy|thriller,comedy|thriller homegrown
1825,"Player's Club, The (1998)",Action|Drama,1998,"Player's Club, The",2,1990,2.6666666666666665,33,1.1636866703140785,Moderate,action|drama,"action|drama player's club, the"
1826,Barney's Great Adventure (1998),Adventure|Children's,1998,Barney's Great Adventure,2,1990,1.55,40,0.8755950357709131,Moderate,adventure|childrens,adventure|children's barney's great adventure
1827,"Big One, The (1997)",Comedy|Documentary,1997,"Big One, The",2,1990,4.0,102,0.9439751632913287,Popular,comedy|documentary,"comedy|documentary big one, the"
1829,Chinese Box (1997),Drama|Romance,1997,Chinese Box,2,1990,3.0,37,0.9128709291752768,Moderate,drama|romance,drama|romance chinese box
1831,Lost in Space (1998),Action|Sci-Fi|Thriller,1998,Lost in Space,3,1990,2.5847076461769114,667,1.1163297985836051,Blockbuster,action|scifi|thriller,action|sci-fi|thriller lost in space
1833,Mercury Rising (1998),Action|Drama|Thriller,1998,Mercury Rising,3,1990,3.003787878787879,264,0.9923590438665697,Blockbuster,action|drama|thriller,action|drama|thriller mercury rising
1834,"Spanish Prisoner, The (1997)",Drama|Thriller,1997,"Spanish Prisoner, The",2,1990,3.9391480730223125,493,0.9393978807919035,Blockbuster,drama|thriller,"drama|thriller spanish prisoner, the"
1835,City of Angels (1998),Romance,1998,City of Angels,1,1990,3.289617486338798,366,1.076906460429738,Blockbuster,romance,romance city of angels
1836,"Last Days of Disco, The (1998)",Drama,1998,"Last Days of Disco, The",1,1990,3.311111111111111,135,1.136022563016066,Popular,drama,"drama last days of disco, the"
1837,"Odd Couple II, The (1998)",Comedy,1998,"Odd Couple II, The",1,1990,2.6875,64,1.206792942616589,Popular,comedy,"comedy odd couple ii, the"
1839,My Giant (1998),Comedy,1998,My Giant,1,1990,2.260869565217391,69,1.0240084718319626,Popular,comedy,comedy my giant
1840,He Got Game (1998),Drama,1998,He Got Game,1,1990,3.38125,160,0.8231850629103653,Popular,drama,drama he got game
1841,"Gingerbread Man, The (1998)",Drama|Thriller,1998,"Gingerbread Man, The",2,1990,2.9473684210526314,95,0.9035205499038438,Popular,drama|thriller,"drama|thriller gingerbread man, the"
1844,Live Flesh (1997),Drama,1997,Live Flesh,1,1990,3.8620689655172415,29,0.6394270834691721,Moderate,drama,drama live flesh
1845,Zero Effect (1998),Comedy|Thriller,1998,Zero Effect,2,1990,3.750830564784053,301,1.042932232312346,Blockbuster,comedy|thriller,comedy|thriller zero effect
1846,Nil By Mouth (1997),Drama,1997,Nil By Mouth,1,1990,3.25,20,1.2926920095594878,Moderate,drama,drama nil by mouth
1848,"Borrowers, The (1997)",Adventure|Children's|Comedy|Fantasy,1997,"Borrowers, The",4,1990,3.0451977401129944,177,1.0861692957756508,Popular,adventure|childrens|comedy|fantasy,"adventure|children's|comedy|fantasy borrowers, the"
1849,Prince Valiant (1997),Adventure,1997,Prince Valiant,1,1990,2.5714285714285716,7,0.9759000729485332,Niche,adventure,adventure prince valiant
1850,"I Love You, Don't Touch Me! (1998)",Drama|Romance,1998,"I Love You, Don't Touch Me!",2,1990,2.8461538461538463,13,1.1435437497937313,Moderate,drama|romance,"drama|romance i love you, don't touch me!"
1853,"Alan Smithee Film: Burn Hollywood Burn, An (1997)",Comedy,1997,"Alan Smithee Film: Burn Hollywood Burn, An",1,1990,2.0,17,1.0606601717798212,Moderate,comedy,"comedy alan smithee film: burn hollywood burn, an"
1854,Kissing a Fool (1998),Comedy|Romance,1998,Kissing a Fool,2,1990,3.0208333333333335,48,0.862692058994681,Moderate,comedy|romance,comedy|romance kissing a fool
1855,Krippendorf's Tribe (1998),Comedy,1998,Krippendorf's Tribe,1,1990,2.3981481481481484,108,1.1351628382905206,Popular,comedy,comedy krippendorf's tribe
1856,Kurt & Courtney (1998),Documentary|Musical,1998,Kurt & Courtney,2,1990,3.0555555555555554,72,1.099153180944298,Popular,documentary|musical,documentary|musical kurt & courtney
1857,"Real Blonde, The (1997)",Comedy,1997,"Real Blonde, The",1,1990,3.0833333333333335,24,1.0179547554081032,Moderate,comedy,"comedy real blonde, the"
1858,Mr. Nice Guy (1997),Action|Comedy,1997,Mr. Nice Guy,2,1990,3.2674418604651163,172,1.0364629303341013,Popular,action|comedy,action|comedy mr. nice guy
1859,Taste of Cherry (1997),Drama,1997,Taste of Cherry,1,1990,3.53125,32,1.2177285835627767,Moderate,drama,drama taste of cherry
1860,Character (Karakter) (1997),Drama,1997,Character (Karakter),1,1990,3.772727272727273,44,1.0312249740700996,Moderate,drama,drama character (karakter)
1862,Species II (1998),Horror|Sci-Fi,1998,Species II,2,1990,2.0505050505050506,198,0.9651147310743938,Popular,horror|scifi,horror|sci-fi species ii
1863,Major League: Back to the Minors (1998),Comedy,1998,Major League: Back to the Minors,1,1990,2.2183098591549295,142,1.0458712963623154,Popular,comedy,comedy major league: back to the minors
1864,Sour Grapes (1998),Comedy,1998,Sour Grapes,1,1990,2.727272727272727,11,1.009049958219026,Moderate,comedy,comedy sour grapes
1865,Wild Man Blues (1998),Documentary,1998,Wild Man Blues,1,1990,3.5555555555555554,54,1.003139725151038,Popular,documentary,documentary wild man blues
1866,"Big Hit, The (1998)",Action|Comedy,1998,"Big Hit, The",2,1990,3.0899470899470898,189,1.2279348245553787,Popular,action|comedy,"action|comedy big hit, the"
1867,Tarzan and the Lost City (1998),Action|Adventure,1998,Tarzan and the Lost City,2,1990,2.4210526315789473,38,1.0813299855712828,Moderate,action|adventure,action|adventure tarzan and the lost city
1869,Black Dog (1998),Action|Thriller,1998,Black Dog,2,1990,2.3137254901960786,51,1.1043585663801656,Popular,action|thriller,action|thriller black dog
1870,"Dancer, Texas Pop. 81 (1998)",Comedy|Drama,1998,"Dancer, Texas Pop. 81",2,1990,3.513888888888889,72,0.9493223017241618,Popular,comedy|drama,"comedy|drama dancer, texas pop. 81"
1872,Go Now (1995),Drama,1995,Go Now,1,1990,3.2,10,1.3165611772087666,Niche,drama,drama go now
1873,"Misérables, Les (1998)",Drama,1998,"Misérables, Les",1,1990,3.7606177606177607,259,1.028957290301562,Blockbuster,drama,"drama misérables, les"
1874,Still Breathing (1997),Comedy|Romance,1997,Still Breathing,2,1990,3.3703703703703702,27,1.0794638322992416,Moderate,comedy|romance,comedy|romance still breathing
1875,Clockwatchers (1997),Comedy,1997,Clockwatchers,1,1990,3.402439024390244,164,1.001345795001477,Popular,comedy,comedy clockwatchers
1876,Deep Impact (1998),Action|Drama|Sci-Fi|Thriller,1998,Deep Impact,4,1990,3.166480446927374,895,1.035280556927625,Blockbuster,action|drama|scifi|thriller,action|drama|sci-fi|thriller deep impact
1878,Woo (1998),Comedy|Romance,1998,Woo,2,1990,2.0,11,1.0,Moderate,comedy|romance,comedy|romance woo
1879,"Hanging Garden, The (1997)",Drama,1997,"Hanging Garden, The",1,1990,3.909090909090909,22,1.0192943828752508,Moderate,drama,"drama hanging garden, the"
1880,Lawn Dogs (1997),Drama,1997,Lawn Dogs,1,1990,3.423076923076923,26,1.064822123101391,Moderate,drama,drama lawn dogs
1881,Quest for Camelot (1998),Adventure|Animation|Children's|Fantasy,1998,Quest for Camelot,4,1990,2.7794117647058822,68,1.076833226673695,Popular,adventure|animation|childrens|fantasy,adventure|animation|children's|fantasy quest for camelot
1882,Godzilla (1998),Action|Sci-Fi,1998,Godzilla,2,1990,2.3246492985971945,499,1.1134508153156197,Blockbuster,action|scifi,action|sci-fi godzilla
1883,Bulworth (1998),Comedy,1998,Bulworth,1,1990,3.4352409638554215,664,1.0799246953285064,Blockbuster,comedy,comedy bulworth
1884,Fear and Loathing in Las Vegas (1998),Comedy|Drama,1998,Fear and Loathing in Las Vegas,2,1990,3.3456375838926173,298,1.2464080767555827,Blockbuster,comedy|drama,comedy|drama fear and loathing in las vegas
1885,"Opposite of Sex, The (1998)",Comedy|Drama,1998,"Opposite of Sex, The",2,1990,3.692434210526316,608,0.9669030346246857,Blockbuster,comedy|drama,"comedy|drama opposite of sex, the"
1887,Almost Heroes (1998),Adventure|Comedy,1998,Almost Heroes,2,1990,2.4833333333333334,60,1.200164772115058,Popular,adventure|comedy,adventure|comedy almost heroes
1888,Hope Floats (1998),Comedy|Drama|Romance,1998,Hope Floats,3,1990,2.994832041343669,387,1.1243762393769072,Blockbuster,comedy|drama|romance,comedy|drama|romance hope floats
1889,Insomnia (1997),Thriller,1997,Insomnia,1,1990,3.877551020408163,49,0.7808289681812659,Moderate,thriller,thriller insomnia
1890,Little Boy Blue (1997),Drama,1997,Little Boy Blue,1,1990,2.4285714285714284,7,1.1338934190276817,Niche,drama,drama little boy blue
1891,"Ugly, The (1997)",Horror|Thriller,1997,"Ugly, The",2,1990,1.8888888888888888,9,1.0540925533894598,Niche,horror|thriller,"horror|thriller ugly, the"
1892,"Perfect Murder, A (1998)",Mystery|Thriller,1998,"Perfect Murder, A",2,1990,3.371571072319202,401,0.8883072529035759,Blockbuster,mystery|thriller,"mystery|thriller perfect murder, a"
1893,Beyond Silence (1996),Drama,1996,Beyond Silence,1,1990,3.761904761904762,21,0.9952267030562386,Moderate,drama,drama beyond silence
1894,Six Days Seven Nights (1998),Adventure|Comedy|Romance,1998,Six Days Seven Nights,3,1990,2.910828025477707,471,0.9981416531352346,Blockbuster,adventure|comedy|romance,adventure|comedy|romance six days seven nights
1895,Can't Hardly Wait (1998),Comedy|Drama|Romance,1998,Can't Hardly Wait,3,1990,3.238562091503268,306,1.0767056119573857,Blockbuster,comedy|drama|romance,comedy|drama|romance can't hardly wait
1896,Cousin Bette (1998),Comedy,1998,Cousin Bette,1,1990,3.106382978723404,47,0.8656247443117874,Moderate,comedy,comedy cousin bette
1897,High Art (1998),Drama|Romance,1998,High Art,2,1990,3.5037593984962405,133,1.1587876380757653,Popular,drama|romance,drama|romance high art
1898,"Land Girls, The (1998)",Drama|War,1998,"Land Girls, The",2,1990,3.642857142857143,14,0.928782731664065,Moderate,drama|war,"drama|war land girls, the"
1899,Passion in the Desert (1998),Adventure|Drama,1998,Passion in the Desert,2,1990,3.2,10,1.398411797560202,Niche,adventure|drama,adventure|drama passion in the desert
1900,"Children of Heaven, The (Bacheha-Ye Aseman) (1997)",Drama,1997,"Children of Heaven, The (Bacheha-Ye Aseman)",1,1990,4.163934426229508,61,1.0357014992884848,Popular,drama,"drama children of heaven, the (bacheha-ye aseman)"
1901,Dear Jesse (1997),Documentary,1997,Dear Jesse,1,1990,4.0,5,1.224744871391589,Niche,documentary,documentary dear jesse
1902,Dream for an Insomniac (1996),Drama|Romance,1996,Dream for an Insomniac,2,1990,3.1,30,1.268993627874548,Moderate,drama|romance,drama|romance dream for an insomniac
1903,Hav Plenty (1997),Comedy,1997,Hav Plenty,1,1990,3.3333333333333335,6,0.816496580927726,Niche,comedy,comedy hav plenty
1904,Henry Fool (1997),Comedy|Drama,1997,Henry Fool,2,1990,3.4867256637168142,113,1.0865660541996813,Popular,comedy|drama,comedy|drama henry fool
1906,Mr. Jealousy (1997),Comedy|Romance,1997,Mr. Jealousy,2,1990,3.21875,32,0.9749896608219379,Moderate,comedy|romance,comedy|romance mr. jealousy
1907,Mulan (1998),Animation|Children's,1998,Mulan,2,1990,3.742857142857143,490,0.9757803232612366,Blockbuster,animation|childrens,animation|children's mulan
1909,"X-Files: Fight the Future, The (1998)",Mystery|Sci-Fi|Thriller,1998,"X-Files: Fight the Future, The",3,1990,3.4929718875502007,996,0.8972043700411609,Blockbuster,mystery|scifi|thriller,"mystery|sci-fi|thriller x-files: fight the future, the"
1910,I Went Down (1997),Action|Comedy|Crime,1997,I Went Down,3,1990,3.7560975609756095,41,0.6993027886716185,Moderate,action|comedy|crime,action|comedy|crime i went down
1911,Doctor Dolittle (1998),Comedy,1998,Doctor Dolittle,1,1990,2.9297912713472485,527,0.977311316224776,Blockbuster,comedy,comedy doctor dolittle
1912,Out of Sight (1998),Action|Crime|Romance,1998,Out of Sight,3,1990,3.797356828193833,908,0.9384084537163155,Blockbuster,action|crime|romance,action|crime|romance out of sight
1913,Picnic at Hanging Rock (1975),Drama|Mystery,1975,Picnic at Hanging Rock,2,1970,3.8263473053892216,167,0.9754951534041489,Popular,drama|mystery,drama|mystery picnic at hanging rock
1914,Smoke Signals (1998),Comedy|Drama,1998,Smoke Signals,2,1990,3.8091397849462365,372,0.9508811699026468,Blockbuster,comedy|drama,comedy|drama smoke signals
1916,Buffalo 66 (1998),Action|Comedy|Drama,1998,Buffalo 66,3,1990,3.505649717514124,354,1.1691122761943622,Blockbuster,action|comedy|drama,action|comedy|drama buffalo 66
1917,Armageddon (1998),Action|Adventure|Sci-Fi|Thriller,1998,Armageddon,4,1990,3.191891891891892,1110,1.203439250556881,Blockbuster,action|adventure|scifi|thriller,action|adventure|sci-fi|thriller armageddon
1918,Lethal Weapon 4 (1998),Action|Comedy|Crime|Drama,1998,Lethal Weapon 4,4,1990,3.14050822122571,669,1.0976241539072904,Blockbuster,action|comedy|crime|drama,action|comedy|crime|drama lethal weapon 4
1919,Madeline (1998),Children's|Comedy,1998,Madeline,2,1990,3.1724137931034484,116,1.0238534377873456,Popular,childrens|comedy,children's|comedy madeline
1920,Small Soldiers (1998),Animation|Children's|Fantasy|War,1998,Small Soldiers,4,1990,2.8104395604395602,364,1.0781071179477035,Blockbuster,animation|childrens|fantasy|war,animation|children's|fantasy|war small soldiers
1921,Pi (1998),Sci-Fi|Thriller,1998,Pi,2,1990,3.7911908646003263,613,1.0643298780585708,Blockbuster,scifi|thriller,sci-fi|thriller pi
1922,Whatever (1998),Drama,1998,Whatever,1,1990,3.423076923076923,52,1.0355666033844704,Popular,drama,drama whatever
1923,There's Something About Mary (1998),Comedy,1998,There's Something About Mary,1,1990,3.9044493070751276,1371,1.096937628135525,Blockbuster,comedy,comedy there's something about mary
1924,Plan 9 from Outer Space (1958),Horror|Sci-Fi,1958,Plan 9 from Outer Space,2,1950,2.6345381526104417,249,1.4559983991255798,Blockbuster,horror|scifi,horror|sci-fi plan 9 from outer space
1925,Wings (1927),Drama|Romance|War,1927,Wings,3,1920,3.888888888888889,45,1.0274023338281628,Moderate,drama|romance|war,drama|romance|war wings
1926,"Broadway Melody, The (1929)",Musical,1929,"Broadway Melody, The",1,1920,3.1875,32,1.148280622102792,Moderate,musical,"musical broadway melody, the"
1927,All Quiet on the Western Front (1930),War,1930,All Quiet on the Western Front,1,1930,4.1940298507462686,268,0.8478005201414058,Blockbuster,war,war all quiet on the western front
1928,Cimarron (1931),Western,1931,Cimarron,1,1930,3.3793103448275863,29,0.820008410385801,Moderate,western,western cimarron
1929,Grand Hotel (1932),Drama,1932,Grand Hotel,1,1930,3.7857142857142856,84,0.7926078440769146,Popular,drama,drama grand hotel
1930,Cavalcade (1933),Drama,1933,Cavalcade,1,1930,3.0,5,1.4142135623730951,Niche,drama,drama cavalcade
1931,Mutiny on the Bounty (1935),Adventure,1935,Mutiny on the Bounty,1,1930,4.0311111111111115,225,0.7582352108156379,Blockbuster,adventure,adventure mutiny on the bounty
1932,"Great Ziegfeld, The (1936)",Musical,1936,"Great Ziegfeld, The",1,1930,3.2777777777777777,36,1.085254706406647,Moderate,musical,"musical great ziegfeld, the"
1933,"Life of Émile Zola, The (1937)",Drama,1937,"Life of Émile Zola, The",1,1930,3.380952380952381,21,1.1169686869465265,Moderate,drama,"drama life of émile zola, the"
1934,You Can't Take It With You (1938),Comedy,1938,You Can't Take It With You,1,1930,4.012987012987013,77,0.9388333534864386,Popular,comedy,comedy you can't take it with you
1935,How Green Was My Valley (1941),Drama,1941,How Green Was My Valley,1,1940,4.02803738317757,107,0.817935089056625,Popular,drama,drama how green was my valley
1936,Mrs. Miniver (1942),Drama|War,1942,Mrs. Miniver,2,1940,3.8780487804878048,82,0.8803793220410772,Popular,drama|war,drama|war mrs. miniver
1937,Going My Way (1944),Comedy,1944,Going My Way,1,1940,3.7301587301587302,63,1.0504430586945928,Popular,comedy,comedy going my way
1938,"Lost Weekend, The (1945)",Drama,1945,"Lost Weekend, The",1,1940,3.9098360655737703,122,0.8029295365547314,Popular,drama,"drama lost weekend, the"
1939,"Best Years of Our Lives, The (1946)",Drama|War,1946,"Best Years of Our Lives, The",2,1940,4.122881355932203,236,0.8978376877383017,Blockbuster,drama|war,"drama|war best years of our lives, the"
1940,Gentleman's Agreement (1947),Drama,1947,Gentleman's Agreement,1,1940,3.89010989010989,91,0.8089849531707338,Popular,drama,drama gentleman's agreement
1941,Hamlet (1948),Drama,1948,Hamlet,1,1940,3.8053097345132745,113,1.0926573691794927,Popular,drama,drama hamlet
1942,All the King's Men (1949),Drama,1949,All the King's Men,1,1940,4.033613445378151,119,0.8123284497825767,Popular,drama,drama all the king's men
1943,"Greatest Show on Earth, The (1952)",Drama,1952,"Greatest Show on Earth, The",1,1950,3.278688524590164,61,1.0021834087129229,Popular,drama,"drama greatest show on earth, the"
1944,From Here to Eternity (1953),Drama|Romance|War,1953,From Here to Eternity,3,1950,4.096153846153846,364,0.8586532721831882,Blockbuster,drama|romance|war,drama|romance|war from here to eternity
1945,On the Waterfront (1954),Crime|Drama,1954,On the Waterfront,2,1950,4.269749518304431,519,0.8339271509684486,Blockbuster,crime|drama,crime|drama on the waterfront
1946,Marty (1955),Drama|Romance,1955,Marty,2,1950,3.975609756097561,205,0.8427256455275595,Blockbuster,drama|romance,drama|romance marty
1947,West Side Story (1961),Musical|Romance,1961,West Side Story,2,1960,4.057818659658344,761,0.9796991878384699,Blockbuster,musical|romance,musical|romance west side story
1948,Tom Jones (1963),Comedy,1963,Tom Jones,1,1960,3.8585858585858586,198,0.9665481099955973,Popular,comedy,comedy tom jones
1949,"Man for All Seasons, A (1966)",Drama,1966,"Man for All Seasons, A",1,1960,4.232876712328767,219,0.787293842743717,Blockbuster,drama,"drama man for all seasons, a"
1950,In the Heat of the Night (1967),Drama|Mystery,1967,In the Heat of the Night,2,1960,4.129310344827586,348,0.787475875816866,Blockbuster,drama|mystery,drama|mystery in the heat of the night
1951,Oliver! (1968),Musical,1968,Oliver!,1,1960,3.6948356807511735,213,1.0396940752171444,Blockbuster,musical,musical oliver!
1952,Midnight Cowboy (1969),Drama,1969,Midnight Cowboy,1,1960,4.113122171945701,663,0.9085992648160567,Blockbuster,drama,drama midnight cowboy
1953,"French Connection, The (1971)",Action|Crime|Drama|Thriller,1971,"French Connection, The",4,1970,4.098722415795587,861,0.8273019995375382,Blockbuster,action|crime|drama|thriller,"action|crime|drama|thriller french connection, the"
1954,Rocky (1976),Action|Drama,1976,Rocky,2,1970,3.9433126660761735,1129,0.963137976198536,Blockbuster,action|drama,action|drama rocky
1955,Kramer Vs. Kramer (1979),Drama,1979,Kramer Vs. Kramer,1,1970,3.7964601769911503,452,0.8875516740000932,Blockbuster,drama,drama kramer vs. kramer
1956,Ordinary People (1980),Drama,1980,Ordinary People,1,1980,3.990138067061144,507,0.9292679450546742,Blockbuster,drama,drama ordinary people
1957,Chariots of Fire (1981),Drama,1981,Chariots of Fire,1,1980,3.7965299684542586,634,1.040075618476583,Blockbuster,drama,drama chariots of fire
1958,Terms of Endearment (1983),Comedy|Drama,1983,Terms of Endearment,2,1980,3.607547169811321,530,1.095073873711776,Blockbuster,comedy|drama,comedy|drama terms of endearment
1959,Out of Africa (1985),Drama|Romance,1985,Out of Africa,2,1980,3.6533546325878596,626,1.0641638635259634,Blockbuster,drama|romance,drama|romance out of africa
1960,"Last Emperor, The (1987)",Drama|War,1987,"Last Emperor, The",2,1980,3.9764150943396226,636,0.91242191029478,Blockbuster,drama|war,"drama|war last emperor, the"
1961,Rain Man (1988),Drama,1988,Rain Man,1,1980,4.053383458646617,1330,0.8188936058638342,Blockbuster,drama,drama rain man
1962,Driving Miss Daisy (1989),Drama,1989,Driving Miss Daisy,1,1980,3.8773006134969323,652,0.9075414105135139,Blockbuster,drama,drama driving miss daisy
1963,Take the Money and Run (1969),Comedy,1969,Take the Money and Run,1,1960,4.051587301587301,252,0.8285959061056242,Blockbuster,comedy,comedy take the money and run
1964,Klute (1971),Drama|Mystery,1971,Klute,2,1970,3.80794701986755,302,0.8527090446287957,Blockbuster,drama|mystery,drama|mystery klute
1965,Repo Man (1984),Comedy|Sci-Fi,1984,Repo Man,2,1980,3.6830892143808254,751,1.047266430935087,Blockbuster,comedy|scifi,comedy|sci-fi repo man
1966,Metropolitan (1990),Comedy,1990,Metropolitan,1,1990,3.6464646464646466,198,1.0107355849091548,Popular,comedy,comedy metropolitan
1967,Labyrinth (1986),Adventure|Children's|Fantasy,1986,Labyrinth,3,1980,3.637184115523466,554,1.015320264299021,Blockbuster,adventure|childrens|fantasy,adventure|children's|fantasy labyrinth
1968,"Breakfast Club, The (1985)",Comedy|Drama,1985,"Breakfast Club, The",2,1980,3.8797920727745288,1539,0.9111224066848128,Blockbuster,comedy|drama,"comedy|drama breakfast club, the"
1969,"Nightmare on Elm Street Part 2: Freddy's Revenge, A (1985)",Horror,1985,"Nightmare on Elm Street Part 2: Freddy's Revenge, A",1,1980,2.321167883211679,274,1.1415194973896756,Blockbuster,horror,"horror nightmare on elm street part 2: freddy's revenge, a"
1970,"Nightmare on Elm Street 3: Dream Warriors, A (1987)",Horror,1987,"Nightmare on Elm Street 3: Dream Warriors, A",1,1980,2.6417910447761193,268,1.1377287649923589,Blockbuster,horror,"horror nightmare on elm street 3: dream warriors, a"
1971,"Nightmare on Elm Street 4: The Dream Master, A (1988)",Horror,1988,"Nightmare on Elm Street 4: The Dream Master, A",1,1980,2.239669421487603,242,1.0428559047069912,Blockbuster,horror,"horror nightmare on elm street 4: the dream master, a"
1972,"Nightmare on Elm Street 5: The Dream Child, A (1989)",Horror,1989,"Nightmare on Elm Street 5: The Dream Child, A",1,1980,1.995,200,1.0198901310420574,Popular,horror,"horror nightmare on elm street 5: the dream child, a"
1973,Freddy's Dead: The Final Nightmare (1991),Horror,1991,Freddy's Dead: The Final Nightmare,1,1990,2.181395348837209,215,1.1437060218711133,Blockbuster,horror,horror freddy's dead: the final nightmare
1974,Friday the 13th (1980),Horror,1980,Friday the 13th,1,1980,3.0410094637223977,317,1.1341461922314922,Blockbuster,horror,horror friday the 13th
1975,Friday the 13th Part 2 (1981),Horror,1981,Friday the 13th Part 2,1,1980,2.426900584795322,171,1.1474684599277958,Popular,horror,horror friday the 13th part 2
1976,Friday the 13th Part 3: 3D (1982),Horror,1982,Friday the 13th Part 3: 3D,1,1980,1.979899497487437,199,1.0634411410864737,Popular,horror,horror friday the 13th part 3: 3d
1977,Friday the 13th: The Final Chapter (1984),Horror,1984,Friday the 13th: The Final Chapter,1,1980,2.1775147928994083,169,1.1919236058658893,Popular,horror,horror friday the 13th: the final chapter
1978,Friday the 13th Part V: A New Beginning (1985),Horror,1985,Friday the 13th Part V: A New Beginning,1,1980,2.0789473684210527,114,1.213090376967903,Popular,horror,horror friday the 13th part v: a new beginning
1979,Friday the 13th Part VI: Jason Lives (1986),Horror,1986,Friday the 13th Part VI: Jason Lives,1,1980,2.1785714285714284,112,1.2318175665960107,Popular,horror,horror friday the 13th part vi: jason lives
1980,Friday the 13th Part VII: The New Blood (1988),Horror,1988,Friday the 13th Part VII: The New Blood,1,1980,2.1538461538461537,91,1.191852684064948,Popular,horror,horror friday the 13th part vii: the new blood
1981,Friday the 13th Part VIII: Jason Takes Manhattan (1989),Horror,1989,Friday the 13th Part VIII: Jason Takes Manhattan,1,1980,1.8383838383838385,99,1.1221978317630488,Popular,horror,horror friday the 13th part viii: jason takes manhattan
1982,Halloween (1978),Horror,1978,Halloween,1,1970,3.7134387351778657,506,1.1375225960987447,Blockbuster,horror,horror halloween
1983,Halloween II (1981),Horror,1981,Halloween II,1,1980,2.753846153846154,195,1.162526167280298,Popular,horror,horror halloween ii
1984,Halloween III: Season of the Witch (1983),Horror,1983,Halloween III: Season of the Witch,1,1980,2.0952380952380953,105,1.2444013816027362,Popular,horror,horror halloween iii: season of the witch
1985,Halloween 4: The Return of Michael Myers (1988),Horror,1988,Halloween 4: The Return of Michael Myers,1,1980,2.4108527131782944,129,1.2723772233302562,Popular,horror,horror halloween 4: the return of michael myers
1986,Halloween 5: The Revenge of Michael Myers (1989),Horror,1989,Halloween 5: The Revenge of Michael Myers,1,1980,2.125984251968504,127,1.1885173235260222,Popular,horror,horror halloween 5: the revenge of michael myers
1987,Prom Night (1980),Horror,1980,Prom Night,1,1980,2.32967032967033,91,1.0225778433280497,Popular,horror,horror prom night
1988,Hello Mary Lou: Prom Night II (1987),Horror,1987,Hello Mary Lou: Prom Night II,1,1980,2.0980392156862746,51,1.0247907486074277,Popular,horror,horror hello mary lou: prom night ii
1989,Prom Night III: The Last Kiss (1989),Horror,1989,Prom Night III: The Last Kiss,1,1980,1.4666666666666666,15,0.7432233529572064,Moderate,horror,horror prom night iii: the last kiss
1990,Prom Night IV: Deliver Us From Evil (1992),Horror,1992,Prom Night IV: Deliver Us From Evil,1,1990,1.6875,16,1.0781929326423914,Moderate,horror,horror prom night iv: deliver us from evil
1991,Child's Play (1988),Horror,1988,Child's Play,1,1980,2.702928870292887,239,1.1521043038076375,Blockbuster,horror,horror child's play
1992,Child's Play 2 (1990),Horror,1990,Child's Play 2,1,1990,2.112781954887218,133,1.11228767356418,Popular,horror,horror child's play 2
1993,Child's Play 3 (1992),Horror,1992,Child's Play 3,1,1990,1.8969072164948453,97,1.084786231653444,Popular,horror,horror child's play 3
1994,Poltergeist (1982),Horror|Thriller,1982,Poltergeist,2,1980,3.6842767295597483,795,0.942792798474717,Blockbuster,horror|thriller,horror|thriller poltergeist
1995,Poltergeist II: The Other Side (1986),Horror|Thriller,1986,Poltergeist II: The Other Side,2,1980,2.423076923076923,182,0.9816635922834207,Popular,horror|thriller,horror|thriller poltergeist ii: the other side
1996,Poltergeist III (1988),Horror|Thriller,1988,Poltergeist III,2,1980,1.8303571428571428,112,1.0034929344534866,Popular,horror|thriller,horror|thriller poltergeist iii
1997,"Exorcist, The (1973)",Horror,1973,"Exorcist, The",1,1970,3.9559322033898305,885,1.1028969237230182,Blockbuster,horror,"horror exorcist, the"
1998,Exorcist II: The Heretic (1977),Horror,1977,Exorcist II: The Heretic,1,1970,1.7699115044247788,113,0.9449947992820054,Popular,horror,horror exorcist ii: the heretic
1999,"Exorcist III, The (1990)",Horror,1990,"Exorcist III, The",1,1990,2.748031496062992,127,1.2406379819168558,Popular,horror,"horror exorcist iii, the"
2000,Lethal Weapon (1987),Action|Comedy|Crime|Drama,1987,Lethal Weapon,4,1980,3.8869084204056548,1627,0.8666256788566654,Blockbuster,action|comedy|crime|drama,action|comedy|crime|drama lethal weapon
2001,Lethal Weapon 2 (1989),Action|Comedy|Crime|Drama,1989,Lethal Weapon 2,4,1980,3.5450049455984174,1011,0.9199129720865663,Blockbuster,action|comedy|crime|drama,action|comedy|crime|drama lethal weapon 2
2002,Lethal Weapon 3 (1992),Action|Comedy|Crime|Drama,1992,Lethal Weapon 3,4,1990,3.254364089775561,802,0.9830712693931962,Blockbuster,action|comedy|crime|drama,action|comedy|crime|drama lethal weapon 3
2003,Gremlins (1984),Comedy|Horror,1984,Gremlins,2,1980,3.268041237113402,776,0.9586599670847089,Blockbuster,comedy|horror,comedy|horror gremlins
2004,Gremlins 2: The New Batch (1990),Comedy|Horror,1990,Gremlins 2: The New Batch,2,1990,2.513440860215054,372,1.15501110915058,Blockbuster,comedy|horror,comedy|horror gremlins 2: the new batch
2005,"Goonies, The (1985)",Adventure|Children's|Fantasy,1985,"Goonies, The",3,1980,3.4972067039106145,716,1.1024412918468633,Blockbuster,adventure|childrens|fantasy,"adventure|children's|fantasy goonies, the"
2006,"Mask of Zorro, The (1998)",Action|Adventure|Romance,1998,"Mask of Zorro, The",3,1990,3.5615462868769074,983,0.9193697753088653,Blockbuster,action|adventure|romance,"action|adventure|romance mask of zorro, the"
2007,Polish Wedding (1998),Comedy,1998,Polish Wedding,1,1990,2.6769230769230767,65,0.8857851797221404,Popular,comedy,comedy polish wedding
2008,"This World, Then the Fireworks (1996)",Crime|Drama|Film-Noir,1996,"This World, Then the Fireworks",3,1990,2.533333333333333,15,1.0600988273786194,Moderate,crime|drama|filmnoir,"crime|drama|film-noir this world, then the fireworks"
2009,Soylent Green (1973),Sci-Fi|Thriller,1973,Soylent Green,2,1970,3.518957345971564,422,0.9690560841036537,Blockbuster,scifi|thriller,sci-fi|thriller soylent green
2010,Metropolis (1926),Sci-Fi,1926,Metropolis,1,1920,4.082474226804123,388,0.9364301126742847,Blockbuster,scifi,sci-fi metropolis
2011,Back to the Future Part II (1989),Comedy|Sci-Fi,1989,Back to the Future Part II,2,1980,3.3436960276338517,1158,0.9747055850509854,Blockbuster,comedy|scifi,comedy|sci-fi back to the future part ii
2012,Back to the Future Part III (1990),Comedy|Sci-Fi|Western,1990,Back to the Future Part III,3,1990,3.2421602787456445,1148,1.0265352304451114,Blockbuster,comedy|scifi|western,comedy|sci-fi|western back to the future part iii
2013,"Poseidon Adventure, The (1972)",Action|Adventure,1972,"Poseidon Adventure, The",2,1970,3.454983922829582,622,0.9152840251867405,Blockbuster,action|adventure,"action|adventure poseidon adventure, the"
2014,Freaky Friday (1977),Children's|Comedy,1977,Freaky Friday,2,1970,3.1777777777777776,180,0.9924607167861855,Popular,childrens|comedy,children's|comedy freaky friday
2015,"Absent Minded Professor, The (1961)",Children's|Comedy|Fantasy,1961,"Absent Minded Professor, The",3,1960,3.4526315789473685,380,0.93896502898096,Blockbuster,childrens|comedy|fantasy,"children's|comedy|fantasy absent minded professor, the"
2016,"Apple Dumpling Gang Rides Again, The (1979)",Children's|Comedy|Western,1979,"Apple Dumpling Gang Rides Again, The",3,1970,2.6605504587155964,109,1.0905331985559017,Popular,childrens|comedy|western,"children's|comedy|western apple dumpling gang rides again, the"
2017,Babes in Toyland (1961),Children's|Fantasy|Musical,1961,Babes in Toyland,3,1960,2.9876543209876543,162,1.009197789286356,Popular,childrens|fantasy|musical,children's|fantasy|musical babes in toyland
2018,Bambi (1942),Animation|Children's,1942,Bambi,2,1940,3.738539898132428,589,1.0031711151371776,Blockbuster,animation|childrens,animation|children's bambi
2019,Seven Samurai (The Magnificent Seven) (Shichinin no samurai) (1954),Action|Drama,1954,Seven Samurai (The Magnificent Seven) (Shichinin no samurai),2,1950,4.560509554140127,628,0.7436071369152213,Blockbuster,action|drama,action|drama seven samurai (the magnificent seven) (shichinin no samurai)
2020,Dangerous Liaisons (1988),Drama|Romance,1988,Dangerous Liaisons,2,1980,3.9715394566623545,773,0.9157331415804625,Blockbuster,drama|romance,drama|romance dangerous liaisons
2021,Dune (1984),Fantasy|Sci-Fi,1984,Dune,2,1980,3.356147021546261,789,1.1830672338798325,Blockbuster,fantasy|scifi,fantasy|sci-fi dune
2022,"Last Temptation of Christ, The (1988)",Drama,1988,"Last Temptation of Christ, The",1,1980,3.531496062992126,254,1.2146146146164123,Blockbuster,drama,"drama last temptation of christ, the"
2023,"Godfather: Part III, The (1990)",Action|Crime|Drama,1990,"Godfather: Part III, The",3,1990,3.3449612403100777,774,1.0516391129334723,Blockbuster,action|crime|drama,"action|crime|drama godfather: part iii, the"
2024,"Rapture, The (1991)",Drama|Mystery,1991,"Rapture, The",2,1990,3.3175675675675675,148,1.0435233499055612,Popular,drama|mystery,"drama|mystery rapture, the"
2025,Lolita (1997),Drama|Romance,1997,Lolita,2,1990,3.3438914027149322,221,0.9673399641981311,Blockbuster,drama|romance,drama|romance lolita
2026,Disturbing Behavior (1998),Horror|Thriller,1998,Disturbing Behavior,2,1990,2.68944099378882,161,1.085334193029505,Popular,horror|thriller,horror|thriller disturbing behavior
2027,Mafia! (1998),Comedy|Crime,1998,Mafia!,2,1990,2.449612403100775,129,1.0750090138435868,Popular,comedy|crime,comedy|crime mafia!
2028,Saving Private Ryan (1998),Action|Drama|War,1998,Saving Private Ryan,3,1990,4.337353938937053,2653,0.8457747491732754,Blockbuster,action|drama|war,action|drama|war saving private ryan
2029,Billy's Hollywood Screen Kiss (1997),Comedy|Romance,1997,Billy's Hollywood Screen Kiss,2,1990,3.6710526315789473,76,0.90019491066823,Popular,comedy|romance,comedy|romance billy's hollywood screen kiss
2031,"$1,000,000 Duck (1971)",Children's|Comedy,1971,"$1,000,000 Duck",2,1970,3.027027027027027,37,1.0925629014815088,Moderate,childrens|comedy,"children's|comedy $1,000,000 duck"
2032,"Barefoot Executive, The (1971)",Children's|Comedy,1971,"Barefoot Executive, The",2,1970,2.925,40,1.0951524890895215,Moderate,childrens|comedy,"children's|comedy barefoot executive, the"
2033,"Black Cauldron, The (1985)",Animation|Children's,1985,"Black Cauldron, The",2,1980,3.165,200,1.1198416076082602,Popular,animation|childrens,"animation|children's black cauldron, the"
2034,"Black Hole, The (1979)",Sci-Fi,1979,"Black Hole, The",1,1970,2.772881355932203,295,1.033096940561143,Blockbuster,scifi,"sci-fi black hole, the"
2035,Blackbeard's Ghost (1968),Children's|Comedy,1968,Blackbeard's Ghost,2,1960,3.1052631578947367,57,1.080413454693483,Popular,childrens|comedy,children's|comedy blackbeard's ghost
2036,Blank Check (1994),Children's|Comedy,1994,Blank Check,2,1990,2.21875,96,1.068231445452076,Popular,childrens|comedy,children's|comedy blank check
2037,Candleshoe (1977),Adventure|Children's|Comedy,1977,Candleshoe,3,1970,3.537037037037037,54,0.8840934587957289,Popular,adventure|childrens|comedy,adventure|children's|comedy candleshoe
2038,"Cat from Outer Space, The (1978)",Children's|Comedy|Sci-Fi,1978,"Cat from Outer Space, The",3,1970,2.904040404040404,198,1.059587046456838,Popular,childrens|comedy|scifi,"children's|comedy|sci-fi cat from outer space, the"
2040,"Computer Wore Tennis Shoes, The (1970)",Children's|Comedy,1970,"Computer Wore Tennis Shoes, The",2,1970,2.9453125,128,0.9825933367137853,Popular,childrens|comedy,"children's|comedy computer wore tennis shoes, the"
2041,Condorman (1981),Action|Adventure|Children's|Comedy,1981,Condorman,4,1980,2.668965517241379,145,1.1847126492541058,Popular,action|adventure|childrens|comedy,action|adventure|children's|comedy condorman
2042,D2: The Mighty Ducks (1994),Children's|Comedy,1994,D2: The Mighty Ducks,2,1990,2.6321243523316062,193,1.0870469099610924,Popular,childrens|comedy,children's|comedy d2: the mighty ducks
2043,Darby O'Gill and the Little People (1959),Adventure|Children's|Fantasy,1959,Darby O'Gill and the Little People,3,1950,3.2721518987341773,158,0.9881381461557343,Popular,adventure|childrens|fantasy,adventure|children's|fantasy darby o'gill and the little people
2044,"Devil and Max Devlin, The (1981)",Comedy,1981,"Devil and Max Devlin, The",1,1980,2.5384615384615383,52,0.9174033787140844,Popular,comedy,"comedy devil and max devlin, the"
2045,"Far Off Place, A (1993)",Adventure|Children's|Drama|Romance,1993,"Far Off Place, A",4,1990,3.4545454545454546,55,0.9193029126016327,Popular,adventure|childrens|drama|romance,"adventure|children's|drama|romance far off place, a"
2046,Flight of the Navigator (1986),Adventure|Children's|Sci-Fi,1986,Flight of the Navigator,3,1980,3.466417910447761,536,0.9326833185427739,Blockbuster,adventure|childrens|scifi,adventure|children's|sci-fi flight of the navigator
2047,"Gnome-Mobile, The (1967)",Children's,1967,"Gnome-Mobile, The",1,1960,3.1818181818181817,22,0.9579921282290986,Moderate,childrens,"children's gnome-mobile, the"
2048,"Great Mouse Detective, The (1986)",Animation|Children's,1986,"Great Mouse Detective, The",2,1980,3.49618320610687,131,0.963759033093668,Popular,animation|childrens,"animation|children's great mouse detective, the"
2049,"Happiest Millionaire, The (1967)",Comedy|Musical,1967,"Happiest Millionaire, The",2,1960,3.324324324324324,37,1.0815126766107133,Moderate,comedy|musical,"comedy|musical happiest millionaire, the"
2050,Herbie Goes Bananas (1980),Adventure|Children's|Comedy,1980,Herbie Goes Bananas,3,1980,2.5384615384615383,104,1.1313972538764463,Popular,adventure|childrens|comedy,adventure|children's|comedy herbie goes bananas
2051,Herbie Goes to Monte Carlo (1977),Adventure|Children's|Comedy,1977,Herbie Goes to Monte Carlo,3,1970,2.5544554455445545,101,1.144336030410233,Popular,adventure|childrens|comedy,adventure|children's|comedy herbie goes to monte carlo
2052,Hocus Pocus (1993),Children's|Comedy,1993,Hocus Pocus,2,1990,2.8688524590163933,183,1.1925880505572042,Popular,childrens|comedy,children's|comedy hocus pocus
2053,"Honey, I Blew Up the Kid (1992)",Children's|Comedy|Sci-Fi,1992,"Honey, I Blew Up the Kid",3,1990,2.257217847769029,381,1.0218567348840963,Blockbuster,childrens|comedy|scifi,"children's|comedy|sci-fi honey, i blew up the kid"
2054,"Honey, I Shrunk the Kids (1989)",Adventure|Children's|Comedy|Fantasy|Sci-Fi,1989,"Honey, I Shrunk the Kids",5,1980,2.9330143540669855,1045,0.9332671388599069,Blockbuster,adventure|childrens|comedy|fantasy|scifi,"adventure|children's|comedy|fantasy|sci-fi honey, i shrunk the kids"
2055,Hot Lead and Cold Feet (1978),Comedy|Western,1978,Hot Lead and Cold Feet,2,1970,2.8333333333333335,42,0.8811485483320292,Moderate,comedy|western,comedy|western hot lead and cold feet
2056,In Search of the Castaways (1962),Adventure|Children's,1962,In Search of the Castaways,2,1960,3.5,18,1.200490095997562,Moderate,adventure|childrens,adventure|children's in search of the castaways
2057,"Incredible Journey, The (1963)",Adventure|Children's,1963,"Incredible Journey, The",2,1960,3.340659340659341,91,0.8846817408886556,Popular,adventure|childrens,"adventure|children's incredible journey, the"
2058,"Negotiator, The (1998)",Action|Thriller,1998,"Negotiator, The",2,1990,3.6082603254067585,799,0.8528189154631969,Blockbuster,action|thriller,"action|thriller negotiator, the"
2059,"Parent Trap, The (1998)",Children's|Drama,1998,"Parent Trap, The",2,1990,3.283582089552239,268,1.1124891300130153,Blockbuster,childrens|drama,"children's|drama parent trap, the"
2060,BASEketball (1998),Comedy,1998,BASEketball,1,1990,2.9945355191256833,183,1.2066540230835712,Popular,comedy,comedy baseketball
2061,Full Tilt Boogie (1997),Documentary,1997,Full Tilt Boogie,1,1990,3.5714285714285716,7,0.9759000729485332,Niche,documentary,documentary full tilt boogie
2062,"Governess, The (1998)",Drama|Romance,1998,"Governess, The",2,1990,3.2,70,1.043961240881944,Popular,drama|romance,"drama|romance governess, the"
2063,Seventh Heaven (Le Septième ciel) (1997),Drama|Romance,1997,Seventh Heaven (Le Septième ciel),2,1990,2.5,8,1.7728105208558365,Niche,drama|romance,drama|romance seventh heaven (le septième ciel)
2064,Roger & Me (1989),Comedy|Documentary,1989,Roger & Me,2,1980,4.0739348370927315,798,0.9756366159016334,Blockbuster,comedy|documentary,comedy|documentary roger & me
2065,"Purple Rose of Cairo, The (1985)",Comedy|Drama|Romance,1985,"Purple Rose of Cairo, The",3,1980,3.5991649269311066,479,0.9136799311986971,Blockbuster,comedy|drama|romance,"comedy|drama|romance purple rose of cairo, the"
2066,Out of the Past (1947),Film-Noir,1947,Out of the Past,1,1940,4.150943396226415,106,0.8595951741559312,Popular,filmnoir,film-noir out of the past
2067,Doctor Zhivago (1965),Drama|Romance|War,1965,Doctor Zhivago,3,1960,4.065602836879433,564,0.9615823761579586,Blockbuster,drama|romance|war,drama|romance|war doctor zhivago
2068,Fanny and Alexander (1982),Drama,1982,Fanny and Alexander,1,1980,3.8828125,128,0.9930553643644011,Popular,drama,drama fanny and alexander
2069,"Trip to Bountiful, The (1985)",Drama,1985,"Trip to Bountiful, The",1,1980,3.7857142857142856,140,0.9802782917574238,Popular,drama,"drama trip to bountiful, the"
2070,Tender Mercies (1983),Drama,1983,Tender Mercies,1,1980,3.9053030303030303,264,0.9723019132373849,Blockbuster,drama,drama tender mercies
2071,And the Band Played On (1993),Drama,1993,And the Band Played On,1,1990,3.9298245614035086,171,0.8301590731223183,Popular,drama,drama and the band played on
2072,"'burbs, The (1989)",Comedy,1989,"'burbs, The",1,1980,2.910891089108911,303,1.1077601938323736,Blockbuster,comedy,"comedy 'burbs, the"
2073,Fandango (1985),Comedy,1985,Fandango,1,1980,3.6666666666666665,66,1.0426789952710696,Popular,comedy,comedy fandango
2074,"Night Porter, The (Il Portiere di notte) (1974)",Drama,1974,"Night Porter, The (Il Portiere di notte)",1,1970,3.5238095238095237,21,0.8135752957807666,Moderate,drama,"drama night porter, the (il portiere di notte)"
2075,Mephisto (1981),Drama|War,1981,Mephisto,2,1980,3.740740740740741,81,0.984603699182795,Popular,drama|war,drama|war mephisto
2076,Blue Velvet (1986),Drama|Mystery,1986,Blue Velvet,2,1980,3.7629969418960245,654,1.0632843207243006,Blockbuster,drama|mystery,drama|mystery blue velvet
2077,"Journey of Natty Gann, The (1985)",Adventure|Children's,1985,"Journey of Natty Gann, The",2,1980,3.4935064935064934,154,0.8498116150084737,Popular,adventure|childrens,"adventure|children's journey of natty gann, the"
2078,"Jungle Book, The (1967)",Animation|Children's|Comedy|Musical,1967,"Jungle Book, The",4,1960,3.816265060240964,664,0.9137662910254871,Blockbuster,animation|childrens|comedy|musical,"animation|children's|comedy|musical jungle book, the"
2079,Kidnapped (1960),Children's|Drama,1960,Kidnapped,2,1960,3.5714285714285716,14,0.5135525910130955,Moderate,childrens|drama,children's|drama kidnapped
2080,Lady and the Tramp (1955),Animation|Children's|Comedy|Musical|Romance,1955,Lady and the Tramp,5,1950,3.8043981481481484,864,0.9018734762340318,Blockbuster,animation|childrens|comedy|musical|romance,animation|children's|comedy|musical|romance lady and the tramp
2081,"Little Mermaid, The (1989)",Animation|Children's|Comedy|Musical|Romance,1989,"Little Mermaid, The",5,1980,3.756521739130435,1035,1.0156623922494403,Blockbuster,animation|childrens|comedy|musical|romance,"animation|children's|comedy|musical|romance little mermaid, the"
2082,"Mighty Ducks, The (1992)",Children's|Comedy,1992,"Mighty Ducks, The",2,1990,2.886426592797784,361,1.0386201988759323,Blockbuster,childrens|comedy,"children's|comedy mighty ducks, the"
2083,"Muppet Christmas Carol, The (1992)",Children's|Musical,1992,"Muppet Christmas Carol, The",2,1990,3.6068702290076335,262,1.0329951867709264,Blockbuster,childrens|musical,"children's|musical muppet christmas carol, the"
2084,Newsies (1992),Children's|Musical,1992,Newsies,2,1990,3.129032258064516,93,1.2530467777417476,Popular,childrens|musical,children's|musical newsies
2085,101 Dalmatians (1961),Animation|Children's,1961,101 Dalmatians,2,1960,3.5964601769911506,565,0.982103077343889,Blockbuster,animation|childrens,animation|children's 101 dalmatians
2086,One Magic Christmas (1985),Drama|Fantasy,1985,One Magic Christmas,2,1980,3.5517241379310347,29,1.020721274972882,Moderate,drama|fantasy,drama|fantasy one magic christmas
2087,Peter Pan (1953),Animation|Children's|Fantasy|Musical,1953,Peter Pan,4,1950,3.65993265993266,594,0.9194418694379454,Blockbuster,animation|childrens|fantasy|musical,animation|children's|fantasy|musical peter pan
2088,Popeye (1980),Adventure|Comedy|Musical,1980,Popeye,3,1980,2.59447983014862,471,1.085244993968061,Blockbuster,adventure|comedy|musical,adventure|comedy|musical popeye
2089,"Rescuers Down Under, The (1990)",Animation|Children's,1990,"Rescuers Down Under, The",2,1990,3.196652719665272,239,0.9910467307786803,Blockbuster,animation|childrens,"animation|children's rescuers down under, the"
2090,"Rescuers, The (1977)",Animation|Children's,1977,"Rescuers, The",2,1970,3.4738955823293174,249,0.9961221611934591,Blockbuster,animation|childrens,"animation|children's rescuers, the"
2091,Return from Witch Mountain (1978),Children's|Sci-Fi,1978,Return from Witch Mountain,2,1970,2.849462365591398,186,1.225373514454816,Popular,childrens|scifi,children's|sci-fi return from witch mountain
2092,"Return of Jafar, The (1993)",Animation|Children's|Musical,1993,"Return of Jafar, The",3,1990,2.4355828220858897,163,1.036594673074441,Popular,animation|childrens|musical,"animation|children's|musical return of jafar, the"
2093,Return to Oz (1985),Adventure|Children's|Fantasy|Sci-Fi,1985,Return to Oz,4,1980,2.851449275362319,276,1.1707176047813275,Blockbuster,adventure|childrens|fantasy|scifi,adventure|children's|fantasy|sci-fi return to oz
2094,"Rocketeer, The (1991)",Action|Adventure|Sci-Fi,1991,"Rocketeer, The",3,1990,3.108695652173913,736,0.976808873461737,Blockbuster,action|adventure|scifi,"action|adventure|sci-fi rocketeer, the"
2095,"Shaggy D.A., The (1976)",Children's|Comedy,1976,"Shaggy D.A., The",2,1970,2.9734513274336285,113,0.949249487293876,Popular,childrens|comedy,"children's|comedy shaggy d.a., the"
2096,Sleeping Beauty (1959),Animation|Children's|Musical,1959,Sleeping Beauty,3,1950,3.710371819960861,511,0.9173010596460998,Blockbuster,animation|childrens|musical,animation|children's|musical sleeping beauty
2097,Something Wicked This Way Comes (1983),Children's|Horror,1983,Something Wicked This Way Comes,2,1980,3.488262910798122,213,0.9091273476941776,Blockbuster,childrens|horror,children's|horror something wicked this way comes
2098,Son of Flubber (1963),Children's|Comedy,1963,Son of Flubber,2,1960,3.1447368421052633,76,1.1278764396678809,Popular,childrens|comedy,children's|comedy son of flubber
2099,Song of the South (1946),Adventure|Animation|Children's|Musical,1946,Song of the South,4,1940,3.6018099547511313,221,1.0552019970734157,Blockbuster,adventure|animation|childrens|musical,adventure|animation|children's|musical song of the south
2100,Splash (1984),Comedy|Fantasy|Romance,1984,Splash,3,1980,3.4307824591573515,1163,0.8588799033832378,Blockbuster,comedy|fantasy|romance,comedy|fantasy|romance splash
2101,Squanto: A Warrior's Tale (1994),Adventure|Drama,1994,Squanto: A Warrior's Tale,2,1990,3.533333333333333,15,1.245945806357946,Moderate,adventure|drama,adventure|drama squanto: a warrior's tale
2102,Steamboat Willie (1940),Animation|Children's|Comedy|Musical,1940,Steamboat Willie,4,1940,3.3857868020304567,197,1.1081336650516682,Popular,animation|childrens|comedy|musical,animation|children's|comedy|musical steamboat willie
2103,Tall Tale (1994),Adventure|Children's,1994,Tall Tale,2,1990,3.081081081081081,37,0.9538919802105007,Moderate,adventure|childrens,adventure|children's tall tale
2104,Tex (1982),Drama,1982,Tex,1,1980,3.339622641509434,53,0.7830756969602694,Popular,drama,drama tex
2105,Tron (1982),Action|Adventure|Fantasy|Sci-Fi,1982,Tron,4,1980,3.3556701030927836,970,1.0341405421515775,Blockbuster,action|adventure|fantasy|scifi,action|adventure|fantasy|sci-fi tron
2106,Swing Kids (1993),Drama|War,1993,Swing Kids,2,1990,3.2972972972972974,185,1.095069604321056,Popular,drama|war,drama|war swing kids
2107,Halloween: H20 (1998),Horror|Thriller,1998,Halloween: H20,2,1990,2.6884422110552766,199,1.1430143938165669,Popular,horror|thriller,horror|thriller halloween: h20
2108,L.A. Story (1991),Comedy|Romance,1991,L.A. Story,2,1990,3.7066666666666666,825,0.9037498293473186,Blockbuster,comedy|romance,comedy|romance l.a. story
2109,"Jerk, The (1979)",Comedy,1979,"Jerk, The",1,1970,3.743455497382199,573,1.0098188909448371,Blockbuster,comedy,"comedy jerk, the"
2110,Dead Men Don't Wear Plaid (1982),Comedy|Crime|Thriller,1982,Dead Men Don't Wear Plaid,3,1980,3.2643051771117166,367,0.9629224611438402,Blockbuster,comedy|crime|thriller,comedy|crime|thriller dead men don't wear plaid
2111,"Man with Two Brains, The (1983)",Comedy,1983,"Man with Two Brains, The",1,1980,3.2275641025641026,312,0.9932941536223866,Blockbuster,comedy,"comedy man with two brains, the"
2112,Grand Canyon (1991),Crime|Drama,1991,Grand Canyon,2,1990,3.4884393063583814,346,0.9963029590243508,Blockbuster,crime|drama,crime|drama grand canyon
2113,Graveyard Shift (1990),Horror|Thriller,1990,Graveyard Shift,2,1990,2.151898734177215,79,1.0988176348885044,Popular,horror|thriller,horror|thriller graveyard shift
2114,"Outsiders, The (1983)",Drama,1983,"Outsiders, The",1,1980,3.6875,256,0.8833980738391641,Blockbuster,drama,"drama outsiders, the"
2115,Indiana Jones and the Temple of Doom (1984),Action|Adventure,1984,Indiana Jones and the Temple of Doom,2,1980,3.676131322094055,1127,1.001237215361477,Blockbuster,action|adventure,action|adventure indiana jones and the temple of doom
2116,"Lord of the Rings, The (1978)",Adventure|Animation|Children's|Sci-Fi,1978,"Lord of the Rings, The",4,1970,3.3333333333333335,438,1.1394058162196152,Blockbuster,adventure|animation|childrens|scifi,"adventure|animation|children's|sci-fi lord of the rings, the"
2117,Nineteen Eighty-Four (1984),Drama|Sci-Fi,1984,Nineteen Eighty-Four,2,1980,3.7194244604316546,278,0.9653100508505923,Blockbuster,drama|scifi,drama|sci-fi nineteen eighty-four
2118,"Dead Zone, The (1983)",Horror|Thriller,1983,"Dead Zone, The",2,1980,3.7024793388429753,363,0.8948405960010393,Blockbuster,horror|thriller,"horror|thriller dead zone, the"
2119,Maximum Overdrive (1986),Horror,1986,Maximum Overdrive,1,1980,2.272108843537415,147,1.107618840089521,Popular,horror,horror maximum overdrive
2120,Needful Things (1993),Drama|Horror,1993,Needful Things,2,1990,2.9421487603305785,242,1.0045334637796932,Blockbuster,drama|horror,drama|horror needful things
2121,Cujo (1983),Horror|Thriller,1983,Cujo,2,1980,2.730612244897959,245,1.0562468511220213,Blockbuster,horror|thriller,horror|thriller cujo
2122,Children of the Corn (1984),Horror|Thriller,1984,Children of the Corn,2,1980,2.4463519313304722,233,1.1663001460957172,Blockbuster,horror|thriller,horror|thriller children of the corn
2123,All Dogs Go to Heaven (1989),Animation|Children's,1989,All Dogs Go to Heaven,2,1980,2.869767441860465,215,1.0419999828961493,Blockbuster,animation|childrens,animation|children's all dogs go to heaven
2124,"Addams Family, The (1991)",Comedy,1991,"Addams Family, The",1,1990,3.169467787114846,714,0.9740636513375746,Blockbuster,comedy,"comedy addams family, the"
2125,Ever After: A Cinderella Story (1998),Drama|Romance,1998,Ever After: A Cinderella Story,2,1990,3.7139423076923075,416,0.9530662433081218,Blockbuster,drama|romance,drama|romance ever after: a cinderella story
2126,Snake Eyes (1998),Action|Crime|Mystery|Thriller,1998,Snake Eyes,4,1990,2.7454545454545456,495,1.0159928359824975,Blockbuster,action|crime|mystery|thriller,action|crime|mystery|thriller snake eyes
2128,Safe Men (1998),Comedy,1998,Safe Men,1,1990,3.32,25,1.1075498483890767,Moderate,comedy,comedy safe men
2129,"Saltmen of Tibet, The (1997)",Documentary,1997,"Saltmen of Tibet, The",1,1990,3.75,8,1.2817398889233114,Niche,documentary,"documentary saltmen of tibet, the"
2130,Atlantic City (1980),Crime|Drama|Romance,1980,Atlantic City,3,1980,3.8322368421052633,304,0.8758665279275094,Blockbuster,crime|drama|romance,crime|drama|romance atlantic city
2131,Autumn Sonata (Höstsonaten ) (1978),Drama,1978,Autumn Sonata (Höstsonaten ),1,1970,3.7333333333333334,30,1.2576204496597132,Moderate,drama,drama autumn sonata (höstsonaten )
2132,Who's Afraid of Virginia Woolf? (1966),Drama,1966,Who's Afraid of Virginia Woolf?,1,1960,4.074074074074074,297,0.9592550078942361,Blockbuster,drama,drama who's afraid of virginia woolf?
2133,Adventures in Babysitting (1987),Adventure|Comedy,1987,Adventures in Babysitting,2,1980,3.2754158964879854,541,1.0018159728096088,Blockbuster,adventure|comedy,adventure|comedy adventures in babysitting
2134,Weird Science (1985),Comedy,1985,Weird Science,1,1980,3.4235294117647057,510,0.9387087723309753,Blockbuster,comedy,comedy weird science
2135,Doctor Dolittle (1967),Adventure|Musical,1967,Doctor Dolittle,2,1960,3.2016806722689077,238,0.9641666954354357,Blockbuster,adventure|musical,adventure|musical doctor dolittle
2136,"Nutty Professor, The (1963)",Comedy,1963,"Nutty Professor, The",1,1960,3.1486486486486487,222,1.0335866354627532,Blockbuster,comedy,"comedy nutty professor, the"
2137,Charlotte's Web (1973),Animation|Children's,1973,Charlotte's Web,2,1970,3.8229376257545273,497,0.9250310708234107,Blockbuster,animation|childrens,animation|children's charlotte's web
2138,Watership Down (1978),Animation|Children's|Drama|Fantasy,1978,Watership Down,4,1970,3.8426229508196723,305,0.9112706239802872,Blockbuster,animation|childrens|drama|fantasy,animation|children's|drama|fantasy watership down
2139,"Secret of NIMH, The (1982)",Animation|Children's,1982,"Secret of NIMH, The",2,1980,3.850948509485095,369,0.962337179934871,Blockbuster,animation|childrens,"animation|children's secret of nimh, the"
2140,"Dark Crystal, The (1982)",Children's|Fantasy|Sci-Fi,1982,"Dark Crystal, The",3,1980,3.652112676056338,710,0.9887033515309395,Blockbuster,childrens|fantasy|scifi,"children's|fantasy|sci-fi dark crystal, the"
2141,"American Tail, An (1986)",Animation|Children's|Comedy,1986,"American Tail, An",3,1980,3.4282178217821784,404,0.9874124854668334,Blockbuster,animation|childrens|comedy,"animation|children's|comedy american tail, an"
2142,"American Tail: Fievel Goes West, An (1991)",Animation|Children's|Comedy,1991,"American Tail: Fievel Goes West, An",3,1990,2.8308457711442787,201,1.0204135343548357,Blockbuster,animation|childrens|comedy,"animation|children's|comedy american tail: fievel goes west, an"
2143,Legend (1985),Adventure|Fantasy|Romance,1985,Legend,3,1980,3.2704225352112677,355,1.060379737731391,Blockbuster,adventure|fantasy|romance,adventure|fantasy|romance legend
2144,Sixteen Candles (1984),Comedy,1984,Sixteen Candles,1,1980,3.710709318497914,719,0.901737365373542,Blockbuster,comedy,comedy sixteen candles
2145,Pretty in Pink (1986),Comedy|Drama|Romance,1986,Pretty in Pink,3,1980,3.3665223665223665,693,0.9035121891108316,Blockbuster,comedy|drama|romance,comedy|drama|romance pretty in pink
2146,St. Elmo's Fire (1985),Drama|Romance,1985,St. Elmo's Fire,2,1980,3.1107954545454546,352,0.9617750939077868,Blockbuster,drama|romance,drama|romance st. elmo's fire
2147,"Clan of the Cave Bear, The (1986)",Drama,1986,"Clan of the Cave Bear, The",1,1980,2.54978354978355,231,0.980633090046135,Blockbuster,drama,"drama clan of the cave bear, the"
2148,House (1986),Comedy|Horror,1986,House,2,1980,2.8855421686746987,166,1.0977257514897578,Popular,comedy|horror,comedy|horror house
2149,House II: The Second Story (1987),Comedy|Horror,1987,House II: The Second Story,2,1980,2.2524271844660193,103,1.117757266100483,Popular,comedy|horror,comedy|horror house ii: the second story
2150,"Gods Must Be Crazy, The (1980)",Comedy,1980,"Gods Must Be Crazy, The",1,1980,3.726618705035971,695,1.0228354906141996,Blockbuster,comedy,"comedy gods must be crazy, the"
2151,"Gods Must Be Crazy II, The (1989)",Comedy,1989,"Gods Must Be Crazy II, The",1,1980,3.171875,128,1.1231940885839464,Popular,comedy,"comedy gods must be crazy ii, the"
2152,Air Bud: Golden Receiver (1998),Children's|Comedy,1998,Air Bud: Golden Receiver,2,1990,2.1159420289855073,69,1.243054017614515,Popular,childrens|comedy,children's|comedy air bud: golden receiver
2153,"Avengers, The (1998)",Action|Adventure,1998,"Avengers, The",2,1990,1.9965277777777777,288,1.0443084966423974,Blockbuster,action|adventure,"action|adventure avengers, the"
2154,How Stella Got Her Groove Back (1998),Drama|Romance,1998,How Stella Got Her Groove Back,2,1990,2.7857142857142856,140,1.1110026211737227,Popular,drama|romance,drama|romance how stella got her groove back
2155,"Slums of Beverly Hills, The (1998)",Comedy,1998,"Slums of Beverly Hills, The",1,1990,3.3146067415730336,267,0.9763616551301657,Blockbuster,comedy,"comedy slums of beverly hills, the"
2156,"Best Man, The (Il Testimone dello sposo) (1997)",Comedy|Drama,1997,"Best Man, The (Il Testimone dello sposo)",2,1990,3.7777777777777777,9,1.3017082793177757,Niche,comedy|drama,"comedy|drama best man, the (il testimone dello sposo)"
2157,"Chambermaid on the Titanic, The (1998)",Romance,1998,"Chambermaid on the Titanic, The",1,1990,3.25,20,1.2085223687584243,Moderate,romance,"romance chambermaid on the titanic, the"
2158,"Henry: Portrait of a Serial Killer, Part 2 (1996)",Crime|Horror,1996,"Henry: Portrait of a Serial Killer, Part 2",2,1990,2.6,20,1.5008769366431642,Moderate,crime|horror,"crime|horror henry: portrait of a serial killer, part 2"
2159,Henry: Portrait of a Serial Killer (1990),Crime|Horror,1990,Henry: Portrait of a Serial Killer,2,1990,3.4794520547945207,219,1.17827726493287,Blockbuster,crime|horror,crime|horror henry: portrait of a serial killer
2160,Rosemary's Baby (1968),Horror|Thriller,1968,Rosemary's Baby,2,1960,3.818820224719101,712,1.057840467307774,Blockbuster,horror|thriller,horror|thriller rosemary's baby
2161,"NeverEnding Story, The (1984)",Adventure|Children's|Fantasy,1984,"NeverEnding Story, The",3,1980,3.6051502145922747,699,1.0469093955834199,Blockbuster,adventure|childrens|fantasy,"adventure|children's|fantasy neverending story, the"
2162,"NeverEnding Story II: The Next Chapter, The (1990)",Adventure|Children's|Fantasy,1990,"NeverEnding Story II: The Next Chapter, The",3,1990,2.4124293785310735,177,1.1552564044579405,Popular,adventure|childrens|fantasy,"adventure|children's|fantasy neverending story ii: the next chapter, the"
2163,Attack of the Killer Tomatoes! (1980),Comedy|Horror,1980,Attack of the Killer Tomatoes!,2,1980,2.6067961165048543,206,1.1752539641200819,Blockbuster,comedy|horror,comedy|horror attack of the killer tomatoes!
2164,Surf Nazis Must Die (1987),Drama,1987,Surf Nazis Must Die,1,1980,2.05,20,1.190974832912761,Moderate,drama,drama surf nazis must die
2165,Your Friends and Neighbors (1998),Drama,1998,Your Friends and Neighbors,1,1990,3.376146788990826,109,1.128658584548802,Popular,drama,drama your friends and neighbors
2166,Return to Paradise (1998),Drama|Romance,1998,Return to Paradise,2,1990,3.5208333333333335,144,1.023969719285676,Popular,drama|romance,drama|romance return to paradise
2167,Blade (1998),Action|Adventure|Horror,1998,Blade,3,1990,3.477132262051916,809,1.0933116571967607,Blockbuster,action|adventure|horror,action|adventure|horror blade
2168,Dance with Me (1998),Drama|Romance,1998,Dance with Me,2,1990,3.0759493670886076,79,1.0349303444755404,Popular,drama|romance,drama|romance dance with me
2169,Dead Man on Campus (1998),Comedy,1998,Dead Man on Campus,1,1990,2.6769230769230767,130,1.2085957295340009,Popular,comedy,comedy dead man on campus
2170,Wrongfully Accused (1998),Action|Comedy,1998,Wrongfully Accused,2,1990,2.5528455284552845,123,1.2492834144874607,Popular,action|comedy,action|comedy wrongfully accused
2171,"Next Stop, Wonderland (1998)",Comedy|Drama|Romance,1998,"Next Stop, Wonderland",3,1990,3.688775510204082,196,1.0278563855645844,Popular,comedy|drama|romance,"comedy|drama|romance next stop, wonderland"
2173,"Navigator: A Mediaeval Odyssey, The (1988)",Adventure|Fantasy|Sci-Fi,1988,"Navigator: A Mediaeval Odyssey, The",3,1980,3.5636363636363635,110,1.0965105012718754,Popular,adventure|fantasy|scifi,"adventure|fantasy|sci-fi navigator: a mediaeval odyssey, the"
2174,Beetlejuice (1988),Comedy|Fantasy,1988,Beetlejuice,2,1980,3.5678929765886287,1495,0.9683266673613108,Blockbuster,comedy|fantasy,comedy|fantasy beetlejuice
2175,Déjà Vu (1997),Drama|Romance,1997,Déjà Vu,2,1990,3.8333333333333335,18,1.0431851677040118,Moderate,drama|romance,drama|romance déjà vu
2176,Rope (1948),Thriller,1948,Rope,1,1940,3.8952879581151834,191,0.826870317466325,Popular,thriller,thriller rope
2177,Family Plot (1976),Comedy|Thriller,1976,Family Plot,2,1970,3.216867469879518,83,0.8978048129864136,Popular,comedy|thriller,comedy|thriller family plot
2178,Frenzy (1972),Thriller,1972,Frenzy,1,1970,3.663157894736842,95,0.8201002314946926,Popular,thriller,thriller frenzy
2179,Topaz (1969),Thriller,1969,Topaz,1,1960,3.1538461538461537,39,0.960768922830523,Moderate,thriller,thriller topaz
2180,Torn Curtain (1966),Thriller,1966,Torn Curtain,1,1960,3.3275862068965516,58,0.9438244527989035,Popular,thriller,thriller torn curtain
2181,Marnie (1964),Thriller,1964,Marnie,1,1960,3.5677966101694913,118,0.9196693344755685,Popular,thriller,thriller marnie
2182,"Wrong Man, The (1956)",Drama|Film-Noir|Thriller,1956,"Wrong Man, The",3,1950,3.5816326530612246,98,0.9072840334059127,Popular,drama|filmnoir|thriller,"drama|film-noir|thriller wrong man, the"
2183,"Man Who Knew Too Much, The (1956)",Thriller,1956,"Man Who Knew Too Much, The",1,1950,3.9329608938547485,179,0.8715075751353502,Popular,thriller,"thriller man who knew too much, the"
2184,"Trouble with Harry, The (1955)",Mystery|Thriller,1955,"Trouble with Harry, The",2,1950,3.598639455782313,147,0.955588206903112,Popular,mystery|thriller,"mystery|thriller trouble with harry, the"
2185,I Confess (1953),Thriller,1953,I Confess,1,1950,3.588235294117647,17,0.9393364366277243,Moderate,thriller,thriller i confess
2186,Strangers on a Train (1951),Film-Noir|Thriller,1951,Strangers on a Train,2,1950,4.304979253112033,482,0.7925957378933322,Blockbuster,filmnoir|thriller,film-noir|thriller strangers on a train
2187,Stage Fright (1950),Mystery|Thriller,1950,Stage Fright,2,1950,3.576923076923077,26,0.9454343731037887,Moderate,mystery|thriller,mystery|thriller stage fright
2188,54 (1998),Drama,1998,54,1,1990,2.7644787644787643,259,1.0354813969282666,Blockbuster,drama,drama 54
2189,I Married A Strange Person (1997),Animation,1997,I Married A Strange Person,1,1990,3.7142857142857144,21,0.8451542547285166,Moderate,animation,animation i married a strange person
2190,Why Do Fools Fall In Love? (1998),Drama,1998,Why Do Fools Fall In Love?,1,1990,2.8461538461538463,52,1.0362945940567247,Popular,drama,drama why do fools fall in love?
2191,"Merry War, A (1997)",Comedy,1997,"Merry War, A",1,1990,2.8,10,0.9189365834726815,Niche,comedy,"comedy merry war, a"
2192,See the Sea (Regarde la mer) (1997),Drama,1997,See the Sea (Regarde la mer),1,1990,3.2857142857142856,7,1.7043362064926935,Niche,drama,drama see the sea (regarde la mer)
2193,Willow (1988),Action|Adventure|Fantasy,1988,Willow,3,1980,3.4962593516209477,802,1.002175397901176,Blockbuster,action|adventure|fantasy,action|adventure|fantasy willow
2194,"Untouchables, The (1987)",Action|Crime|Drama,1987,"Untouchables, The",3,1980,4.007985803016859,1127,0.7923525058845786,Blockbuster,action|crime|drama,"action|crime|drama untouchables, the"
2195,Dirty Work (1998),Comedy,1998,Dirty Work,1,1990,3.0074074074074075,135,1.142766323486116,Popular,comedy,comedy dirty work
2196,Knock Off (1998),Action,1998,Knock Off,1,1990,2.4444444444444446,27,1.0127393670836664,Moderate,action,action knock off
2197,Firelight (1997),Drama,1997,Firelight,1,1990,4.181818181818182,11,1.1677484162422844,Moderate,drama,drama firelight
2200,Under Capricorn (1949),Drama,1949,Under Capricorn,1,1940,2.5,8,0.5345224838248488,Niche,drama,drama under capricorn
2201,"Paradine Case, The (1947)",Drama,1947,"Paradine Case, The",1,1940,3.4,20,0.8207826816681232,Moderate,drama,"drama paradine case, the"
2202,Lifeboat (1944),Drama|Thriller|War,1944,Lifeboat,3,1940,3.943661971830986,213,0.9248251840467132,Blockbuster,drama|thriller|war,drama|thriller|war lifeboat
2203,Shadow of a Doubt (1943),Film-Noir|Thriller,1943,Shadow of a Doubt,2,1940,4.2703862660944205,233,0.8508759817754235,Blockbuster,filmnoir|thriller,film-noir|thriller shadow of a doubt
2204,Saboteur (1942),Thriller,1942,Saboteur,1,1940,3.8202247191011236,89,0.8602562746172712,Popular,thriller,thriller saboteur
2205,Mr. & Mrs. Smith (1941),Comedy,1941,Mr. & Mrs. Smith,1,1940,3.515151515151515,33,1.0931952056132324,Moderate,comedy,comedy mr. & mrs. smith
2206,Suspicion (1941),Mystery|Thriller,1941,Suspicion,2,1940,4.0119760479041915,167,0.8780319171964149,Popular,mystery|thriller,mystery|thriller suspicion
2207,Jamaica Inn (1939),Drama,1939,Jamaica Inn,1,1930,2.875,8,0.991031208965115,Niche,drama,drama jamaica inn
2208,"Lady Vanishes, The (1938)",Comedy|Mystery|Romance|Thriller,1938,"Lady Vanishes, The",4,1930,4.185929648241206,199,0.8590592782285058,Popular,comedy|mystery|romance|thriller,"comedy|mystery|romance|thriller lady vanishes, the"
2209,Young and Innocent (1937),Crime|Thriller,1937,Young and Innocent,2,1930,3.3,10,1.2516655570345727,Niche,crime|thriller,crime|thriller young and innocent
2210,Sabotage (1936),Thriller,1936,Sabotage,1,1930,3.7037037037037037,54,0.8384538697412856,Popular,thriller,thriller sabotage
2211,Secret Agent (1936),Thriller,1936,Secret Agent,1,1930,3.526315789473684,19,1.3067525929498998,Moderate,thriller,thriller secret agent
2212,"Man Who Knew Too Much, The (1934)",Thriller,1934,"Man Who Knew Too Much, The",1,1930,3.8359375,128,0.9455852143713939,Popular,thriller,"thriller man who knew too much, the"
2215,Rich and Strange (1932),Comedy|Romance,1932,Rich and Strange,2,1930,3.5,12,0.9045340337332907,Moderate,comedy|romance,comedy|romance rich and strange
2219,Murder! (1930),Mystery|Thriller,1930,Murder!,2,1930,3.4,10,1.0749676997731399,Niche,mystery|thriller,mystery|thriller murder!
2221,Blackmail (1929),Thriller,1929,Blackmail,1,1920,3.090909090909091,11,1.4459976109624424,Moderate,thriller,thriller blackmail
2227,"Lodger, The (1926)",Thriller,1926,"Lodger, The",1,1920,3.5238095238095237,21,1.1670067531530235,Moderate,thriller,"thriller lodger, the"
2231,Rounders (1998),Crime|Drama,1998,Rounders,2,1990,3.608695652173913,345,0.8493737656244402,Blockbuster,crime|drama,crime|drama rounders
2232,Cube (1997),Sci-Fi|Thriller,1997,Cube,2,1990,3.467811158798283,233,1.1141886325990205,Blockbuster,scifi|thriller,sci-fi|thriller cube
2233,Digging to China (1998),Drama,1998,Digging to China,1,1990,1.6,5,0.5477225575051661,Niche,drama,drama digging to china
2234,Let's Talk About Sex (1998),Drama,1998,Let's Talk About Sex,1,1990,1.875,8,0.8345229603962803,Niche,drama,drama let's talk about sex
2236,Simon Birch (1998),Drama,1998,Simon Birch,1,1990,3.608910891089109,202,1.0464437773166668,Blockbuster,drama,drama simon birch
2237,Without Limits (1998),Drama,1998,Without Limits,1,1990,3.590909090909091,44,0.8160649147167843,Moderate,drama,drama without limits
2238,Seven Beauties (Pasqualino Settebellezze) (1976),Comedy|Drama,1976,Seven Beauties (Pasqualino Settebellezze),2,1970,3.831168831168831,77,1.2074614236248031,Popular,comedy|drama,comedy|drama seven beauties (pasqualino settebellezze)
2239,Swept Away (Travolti da un insolito destino nell'azzurro mare d'Agosto) (1975),Comedy|Drama,1975,Swept Away (Travolti da un insolito destino nell'azzurro mare d'Agosto),2,1970,3.7422680412371134,97,1.157208841309769,Popular,comedy|drama,comedy|drama swept away (travolti da un insolito destino nell'azzurro mare d'agosto)
2240,My Bodyguard (1980),Drama,1980,My Bodyguard,1,1980,3.508403361344538,238,0.9081979962134942,Blockbuster,drama,drama my bodyguard
2241,Class (1983),Comedy,1983,Class,1,1980,2.7751937984496124,129,0.9940472045940478,Popular,comedy,comedy class
2242,"Grandview, U.S.A. (1984)",Drama,1984,"Grandview, U.S.A.",1,1980,2.5,6,1.0488088481701516,Niche,drama,"drama grandview, u.s.a."
2243,Broadcast News (1987),Comedy|Drama|Romance,1987,Broadcast News,3,1980,3.747782002534854,789,0.8600028173313236,Blockbuster,comedy|drama|romance,comedy|drama|romance broadcast news
2244,"Allnighter, The (1987)",Comedy|Romance,1987,"Allnighter, The",2,1980,1.8571428571428572,7,1.2149857925879117,Niche,comedy|romance,"comedy|romance allnighter, the"
2245,Working Girl (1988),Comedy|Drama,1988,Working Girl,2,1980,3.414396887159533,514,0.8794086519169085,Blockbuster,comedy|drama,comedy|drama working girl
2246,Stars and Bars (1988),Comedy,1988,Stars and Bars,1,1980,2.7142857142857144,14,0.9138735334633753,Moderate,comedy,comedy stars and bars
2247,Married to the Mob (1988),Comedy,1988,Married to the Mob,1,1980,3.0931506849315067,365,0.9181217040759949,Blockbuster,comedy,comedy married to the mob
2248,Say Anything... (1989),Comedy|Drama|Romance,1989,Say Anything...,3,1980,4.017505470459518,914,0.8513374005824601,Blockbuster,comedy|drama|romance,comedy|drama|romance say anything...
2249,My Blue Heaven (1990),Comedy,1990,My Blue Heaven,1,1990,3.192468619246862,239,1.0149024946224847,Blockbuster,comedy,comedy my blue heaven
2250,Men Don't Leave (1990),Drama,1990,Men Don't Leave,1,1990,3.1451612903225805,62,1.0377588429793863,Popular,drama,drama men don't leave
2252,Hero (1992),Comedy|Drama,1992,Hero,2,1990,3.0161290322580645,186,0.9780057284506579,Popular,comedy|drama,comedy|drama hero
2253,Toys (1992),Action|Comedy|Fantasy,1992,Toys,3,1990,2.5636363636363635,440,1.2188890922376043,Blockbuster,action|comedy|fantasy,action|comedy|fantasy toys
2255,Young Doctors in Love (1982),Comedy,1982,Young Doctors in Love,1,1980,2.607594936708861,79,0.992506817376151,Popular,comedy,comedy young doctors in love
2256,Parasite (1982),Horror|Sci-Fi,1982,Parasite,2,1980,2.375,24,1.1349200316590018,Moderate,horror|scifi,horror|sci-fi parasite
2257,No Small Affair (1984),Comedy|Romance,1984,No Small Affair,2,1980,2.9411764705882355,17,1.1440382552221604,Moderate,comedy|romance,comedy|romance no small affair
2259,Blame It on Rio (1984),Comedy|Romance,1984,Blame It on Rio,2,1980,2.716417910447761,201,1.007064597966591,Blockbuster,comedy|romance,comedy|romance blame it on rio
2260,Wisdom (1986),Action|Crime,1986,Wisdom,2,1980,2.795918367346939,49,1.1722412976277305,Moderate,action|crime,action|crime wisdom
2261,One Crazy Summer (1986),Comedy,1986,One Crazy Summer,1,1980,3.329192546583851,161,0.9986015065801273,Popular,comedy,comedy one crazy summer
2262,About Last Night... (1986),Comedy|Drama|Romance,1986,About Last Night...,3,1980,3.1564417177914113,326,0.9430253645216515,Blockbuster,comedy|drama|romance,comedy|drama|romance about last night...
2263,"Seventh Sign, The (1988)",Thriller,1988,"Seventh Sign, The",1,1980,3.1028571428571428,175,1.0398623124721063,Popular,thriller,"thriller seventh sign, the"
2264,We're No Angels (1989),Drama,1989,We're No Angels,1,1980,2.5903614457831323,83,0.9504317963278874,Popular,drama,drama we're no angels
2265,Nothing But Trouble (1991),Adventure|Comedy,1991,Nothing But Trouble,2,1990,2.0,83,1.126185012742946,Popular,adventure|comedy,adventure|comedy nothing but trouble
2266,"Butcher's Wife, The (1991)",Comedy|Romance,1991,"Butcher's Wife, The",2,1990,2.871794871794872,195,0.9464934519650634,Popular,comedy|romance,"comedy|romance butcher's wife, the"
2267,Mortal Thoughts (1991),Mystery|Thriller,1991,Mortal Thoughts,2,1990,2.945945945945946,74,0.9347462023413409,Popular,mystery|thriller,mystery|thriller mortal thoughts
2268,"Few Good Men, A (1992)",Crime|Drama,1992,"Few Good Men, A",2,1990,3.93119698397738,1061,0.8522873661840423,Blockbuster,crime|drama,"crime|drama few good men, a"
2269,Indecent Proposal (1993),Drama,1993,Indecent Proposal,1,1990,2.737327188940092,217,0.9027418363005776,Blockbuster,drama,drama indecent proposal
2271,Permanent Midnight (1998),Drama,1998,Permanent Midnight,1,1990,3.289473684210526,76,0.8765962882830266,Popular,drama,drama permanent midnight
2272,One True Thing (1998),Drama,1998,One True Thing,1,1990,3.455357142857143,112,0.9385477842773609,Popular,drama,drama one true thing
2273,Rush Hour (1998),Action|Thriller,1998,Rush Hour,2,1990,3.5661881977671452,627,0.8990616245734292,Blockbuster,action|thriller,action|thriller rush hour
2275,Six-String Samurai (1998),Action|Adventure|Sci-Fi,1998,Six-String Samurai,3,1990,3.3661971830985915,71,1.4065097289767454,Popular,action|adventure|scifi,action|adventure|sci-fi six-string samurai
2276,"Soldier's Daughter Never Cries, A (1998)",Drama,1998,"Soldier's Daughter Never Cries, A",1,1990,3.7142857142857144,70,0.886988997903388,Popular,drama,"drama soldier's daughter never cries, a"
2278,Ronin (1998),Action|Crime|Thriller,1998,Ronin,3,1990,3.5272952853598016,806,0.9722225952990612,Blockbuster,action|crime|thriller,action|crime|thriller ronin
2279,Urban Legend (1998),Horror|Thriller,1998,Urban Legend,2,1990,2.7168141592920354,226,1.1073012361286143,Blockbuster,horror|thriller,horror|thriller urban legend
2280,Clay Pigeons (1998),Crime,1998,Clay Pigeons,1,1990,3.432,125,0.9010388269891232,Popular,crime,crime clay pigeons
2281,Monument Ave. (1998),Crime,1998,Monument Ave.,1,1990,3.4545454545454546,11,0.9341987329938275,Moderate,crime,crime monument ave.
2282,Pecker (1998),Comedy|Drama,1998,Pecker,2,1990,3.518987341772152,316,1.0554260043380168,Blockbuster,comedy|drama,comedy|drama pecker
2283,"Sheltering Sky, The (1990)",Drama,1990,"Sheltering Sky, The",1,1990,2.918032786885246,61,0.988181527979772,Popular,drama,"drama sheltering sky, the"
2284,Bandit Queen (1994),Drama,1994,Bandit Queen,1,1990,3.7906976744186047,43,0.9650595721775965,Moderate,drama,drama bandit queen
2285,If.... (1968),Drama,1968,If....,1,1960,3.888888888888889,54,0.861474529385445,Popular,drama,drama if....
2286,"Fiendish Plot of Dr. Fu Manchu, The (1980)",Comedy,1980,"Fiendish Plot of Dr. Fu Manchu, The",1,1980,2.511627906976744,43,1.0991791964321944,Moderate,comedy,"comedy fiendish plot of dr. fu manchu, the"
2287,Them! (1954),Sci-Fi|Thriller|War,1954,Them!,3,1950,3.4392857142857145,280,1.0351663539935736,Blockbuster,scifi|thriller|war,sci-fi|thriller|war them!
2288,"Thing, The (1982)",Action|Horror|Sci-Fi|Thriller,1982,"Thing, The",4,1980,3.785425101214575,741,1.0032936240561792,Blockbuster,action|horror|scifi|thriller,"action|horror|sci-fi|thriller thing, the"
2289,"Player, The (1992)",Comedy|Drama,1992,"Player, The",2,1990,3.96319018404908,978,0.8893057604352186,Blockbuster,comedy|drama,"comedy|drama player, the"
2290,Stardust Memories (1980),Comedy|Drama,1980,Stardust Memories,2,1980,3.28099173553719,121,1.0018577784618248,Popular,comedy|drama,comedy|drama stardust memories
2291,Edward Scissorhands (1990),Drama|Romance,1990,Edward Scissorhands,2,1990,3.5926680244399187,1473,0.9688072615138273,Blockbuster,drama|romance,drama|romance edward scissorhands
2292,Overnight Delivery (1996),Romance,1996,Overnight Delivery,1,1990,2.5,20,1.0513149660756937,Moderate,romance,romance overnight delivery
2293,Shadrach (1998),Drama,1998,Shadrach,1,1990,3.24,25,0.9255628917943214,Moderate,drama,drama shadrach
2294,Antz (1998),Animation|Children's,1998,Antz,2,1990,3.483720930232558,645,0.9350649077077288,Blockbuster,animation|childrens,animation|children's antz
2295,"Impostors, The (1998)",Comedy,1998,"Impostors, The",1,1990,3.810810810810811,74,0.8707684478347495,Popular,comedy,"comedy impostors, the"
2296,"Night at the Roxbury, A (1998)",Comedy,1998,"Night at the Roxbury, A",1,1990,2.3819444444444446,144,1.1885027766222718,Popular,comedy,"comedy night at the roxbury, a"
2297,What Dreams May Come (1998),Drama|Romance,1998,What Dreams May Come,2,1990,3.1070422535211266,355,1.1643630134211393,Blockbuster,drama|romance,drama|romance what dreams may come
2298,Strangeland (1998),Thriller,1998,Strangeland,1,1990,1.8666666666666667,15,0.833809387832792,Moderate,thriller,thriller strangeland
2300,"Producers, The (1968)",Comedy|Musical,1968,"Producers, The",2,1960,4.144376899696049,658,0.8769708784545499,Blockbuster,comedy|musical,"comedy|musical producers, the"
2301,History of the World: Part I (1981),Comedy,1981,History of the World: Part I,1,1980,3.5902964959568733,371,1.059991161851788,Blockbuster,comedy,comedy history of the world: part i
2302,My Cousin Vinny (1992),Comedy,1992,My Cousin Vinny,1,1990,3.7845303867403315,1086,0.8828003779851512,Blockbuster,comedy,comedy my cousin vinny
2303,Nashville (1975),Drama|Musical,1975,Nashville,2,1970,3.92,325,1.0272821627845528,Blockbuster,drama|musical,drama|musical nashville
2304,Love Is the Devil (1998),Drama,1998,Love Is the Devil,1,1990,3.5714285714285716,7,1.1338934190276817,Niche,drama,drama love is the devil
2305,Slam (1998),Drama,1998,Slam,1,1990,3.48,25,1.2622730819174324,Moderate,drama,drama slam
2306,Holy Man (1998),Comedy,1998,Holy Man,1,1990,2.488888888888889,90,1.1826882769983444,Popular,comedy,comedy holy man
2307,One Tough Cop (1998),Action|Drama,1998,One Tough Cop,2,1990,2.6315789473684212,38,1.1251679185571428,Moderate,action|drama,action|drama one tough cop
2310,"Mighty, The (1998)",Drama,1998,"Mighty, The",1,1990,3.798507462686567,134,0.9158573841293144,Popular,drama,"drama mighty, the"
2311,2010 (1984),Mystery|Sci-Fi,1984,2010,2,1980,3.4170212765957446,470,0.9466176233936675,Blockbuster,mystery|scifi,mystery|sci-fi 2010
2312,Children of a Lesser God (1986),Drama,1986,Children of a Lesser God,1,1980,3.8277945619335347,331,0.8477855110927658,Blockbuster,drama,drama children of a lesser god
2313,"Elephant Man, The (1980)",Drama,1980,"Elephant Man, The",1,1980,4.013129102844639,457,0.824409976923066,Blockbuster,drama,"drama elephant man, the"
2314,Beloved (1998),Drama,1998,Beloved,1,1990,3.1346153846153846,104,1.3728129459672882,Popular,drama,drama beloved
2315,Bride of Chucky (1998),Horror|Thriller,1998,Bride of Chucky,2,1990,2.36734693877551,147,1.2772060295123715,Popular,horror|thriller,horror|thriller bride of chucky
2316,Practical Magic (1998),Drama|Romance,1998,Practical Magic,2,1990,2.983050847457627,236,1.0229956082138432,Blockbuster,drama|romance,drama|romance practical magic
2317,"Alarmist, The (1997)",Comedy,1997,"Alarmist, The",1,1990,2.625,8,1.0606601717798212,Niche,comedy,"comedy alarmist, the"
2318,Happiness (1998),Comedy,1998,Happiness,1,1990,3.903125,320,1.1556008832005622,Blockbuster,comedy,comedy happiness
2320,Apt Pupil (1998),Drama|Thriller,1998,Apt Pupil,2,1990,3.106951871657754,187,0.9556311953584276,Popular,drama|thriller,drama|thriller apt pupil
2321,Pleasantville (1998),Comedy,1998,Pleasantville,1,1990,3.6968911917098444,1158,0.9234339020108701,Blockbuster,comedy,comedy pleasantville
2322,Soldier (1998),Action|Adventure|Sci-Fi|Thriller|War,1998,Soldier,5,1990,2.9310344827586206,290,1.0728171523635521,Blockbuster,action|adventure|scifi|thriller|war,action|adventure|sci-fi|thriller|war soldier
2323,"Cruise, The (1998)",Documentary,1998,"Cruise, The",1,1990,3.942857142857143,35,1.0555973258234952,Moderate,documentary,"documentary cruise, the"
2324,Life Is Beautiful (La Vita è bella) (1997),Comedy|Drama,1997,Life Is Beautiful (La Vita è bella),2,1990,4.329861111111111,1152,0.9239795967456419,Blockbuster,comedy|drama,comedy|drama life is beautiful (la vita è bella)
2325,Orgazmo (1997),Comedy,1997,Orgazmo,1,1990,3.134453781512605,119,1.2948684230512535,Popular,comedy,comedy orgazmo
2326,Shattered Image (1998),Drama|Thriller,1998,Shattered Image,2,1990,3.0,12,1.2060453783110545,Moderate,drama|thriller,drama|thriller shattered image
2327,Tales from the Darkside: The Movie (1990),Horror,1990,Tales from the Darkside: The Movie,1,1990,2.85,100,0.9885710532241613,Popular,horror,horror tales from the darkside: the movie
2328,Vampires (1998),Horror,1998,Vampires,1,1990,2.8497109826589595,173,1.1814764254483914,Popular,horror,horror vampires
2329,American History X (1998),Drama,1998,American History X,1,1990,4.2265625,640,0.8522716009856456,Blockbuster,drama,drama american history x
2330,Hands on a Hard Body (1996),Documentary,1996,Hands on a Hard Body,1,1990,4.163043478260869,92,0.9172003976871351,Popular,documentary,documentary hands on a hard body
2331,Living Out Loud (1998),Comedy|Romance,1998,Living Out Loud,2,1990,3.223463687150838,179,0.9860300964991174,Popular,comedy|romance,comedy|romance living out loud
2332,Belly (1998),Crime|Drama,1998,Belly,2,1990,3.25,8,1.4880476182856899,Niche,crime|drama,crime|drama belly
2333,Gods and Monsters (1998),Drama,1998,Gods and Monsters,1,1990,3.8131487889273354,578,0.9509824065751773,Blockbuster,drama,drama gods and monsters
2334,"Siege, The (1998)",Action|Thriller,1998,"Siege, The",2,1990,3.1243523316062176,386,0.9314575759527342,Blockbuster,action|thriller,"action|thriller siege, the"
2335,"Waterboy, The (1998)",Comedy,1998,"Waterboy, The",1,1990,2.926190476190476,420,1.2190922566480944,Blockbuster,comedy,"comedy waterboy, the"
2336,Elizabeth (1998),Drama,1998,Elizabeth,1,1990,4.029850746268656,938,0.889380115270824,Blockbuster,drama,drama elizabeth
2337,Velvet Goldmine (1998),Drama,1998,Velvet Goldmine,1,1990,3.2063492063492065,126,1.1954410755362916,Popular,drama,drama velvet goldmine
2338,I Still Know What You Did Last Summer (1998),Horror|Mystery|Thriller,1998,I Still Know What You Did Last Summer,3,1990,2.2033898305084745,295,1.166127100938182,Blockbuster,horror|mystery|thriller,horror|mystery|thriller i still know what you did last summer
2339,I'll Be Home For Christmas (1998),Comedy|Romance,1998,I'll Be Home For Christmas,2,1990,2.925925925925926,27,0.873803618402192,Moderate,comedy|romance,comedy|romance i'll be home for christmas
2340,Meet Joe Black (1998),Romance,1998,Meet Joe Black,1,1990,3.252906976744186,344,1.0649423984522137,Blockbuster,romance,romance meet joe black
2341,Dancing at Lughnasa (1998),Drama,1998,Dancing at Lughnasa,1,1990,3.272727272727273,44,0.9732141991249591,Moderate,drama,drama dancing at lughnasa
2342,Hard Core Logo (1996),Comedy,1996,Hard Core Logo,1,1990,3.727272727272727,11,1.2720777563426766,Moderate,comedy,comedy hard core logo
2344,Runaway Train (1985),Action|Adventure|Drama|Thriller,1985,Runaway Train,4,1980,3.4228855721393034,201,0.9926095062212515,Blockbuster,action|adventure|drama|thriller,action|adventure|drama|thriller runaway train
2345,Desert Bloom (1986),Drama,1986,Desert Bloom,1,1980,3.372093023255814,43,0.8458091593248356,Moderate,drama,drama desert bloom
2346,"Stepford Wives, The (1975)",Sci-Fi|Thriller,1975,"Stepford Wives, The",2,1970,3.3066666666666666,300,0.9638736415518815,Blockbuster,scifi|thriller,"sci-fi|thriller stepford wives, the"
2347,"Pope of Greenwich Village, The (1984)",Action,1984,"Pope of Greenwich Village, The",1,1980,3.736842105263158,95,0.7883530680541647,Popular,action,"action pope of greenwich village, the"
2348,Sid and Nancy (1986),Drama,1986,Sid and Nancy,1,1980,3.5526315789473686,304,0.9212523667399185,Blockbuster,drama,drama sid and nancy
2349,Mona Lisa (1986),Comedy|Thriller,1986,Mona Lisa,2,1980,3.6107784431137726,167,0.8491689729333863,Popular,comedy|thriller,comedy|thriller mona lisa
2350,Heart Condition (1990),Comedy,1990,Heart Condition,1,1990,2.789473684210526,19,0.976328005472037,Moderate,comedy,comedy heart condition
2351,Nights of Cabiria (Le Notti di Cabiria) (1957),Drama,1957,Nights of Cabiria (Le Notti di Cabiria),1,1950,4.207207207207207,111,1.0541443502767118,Popular,drama,drama nights of cabiria (le notti di cabiria)
2352,"Big Chill, The (1983)",Comedy|Drama,1983,"Big Chill, The",2,1980,3.8747016706443915,838,0.9502836622455307,Blockbuster,comedy|drama,"comedy|drama big chill, the"
2353,Enemy of the State (1998),Action|Thriller,1998,Enemy of the State,2,1990,3.687246963562753,988,0.894857146592341,Blockbuster,action|thriller,action|thriller enemy of the state
2354,"Rugrats Movie, The (1998)",Animation|Children's|Comedy,1998,"Rugrats Movie, The",3,1990,2.780141843971631,141,1.2135673421867816,Popular,animation|childrens|comedy,"animation|children's|comedy rugrats movie, the"
2355,"Bug's Life, A (1998)",Animation|Children's|Comedy,1998,"Bug's Life, A",3,1990,3.854374633000587,1703,0.8792840096100366,Blockbuster,animation|childrens|comedy,"animation|children's|comedy bug's life, a"
2356,Celebrity (1998),Comedy,1998,Celebrity,1,1990,2.8958333333333335,96,1.0511063511384129,Popular,comedy,comedy celebrity
2357,Central Station (Central do Brasil) (1998),Drama,1998,Central Station (Central do Brasil),1,1990,4.283720930232558,215,0.709392998576274,Blockbuster,drama,drama central station (central do brasil)
2359,Waking Ned Devine (1998),Comedy,1998,Waking Ned Devine,1,1990,3.879089615931721,703,0.9388137460605812,Blockbuster,comedy,comedy waking ned devine
2360,"Celebration, The (Festen) (1998)",Drama,1998,"Celebration, The (Festen)",1,1990,4.3076923076923075,117,0.9234636678768653,Popular,drama,"drama celebration, the (festen)"
2361,Pink Flamingos (1972),Comedy,1972,Pink Flamingos,1,1970,3.240506329113924,158,1.2939367656353506,Popular,comedy,comedy pink flamingos
2362,Glen or Glenda (1953),Drama,1953,Glen or Glenda,1,1950,2.849056603773585,53,1.3922343195671307,Popular,drama,drama glen or glenda
2363,Godzilla (Gojira) (1954),Action|Sci-Fi,1954,Godzilla (Gojira),2,1950,3.318936877076412,301,1.2019179947077152,Blockbuster,action|scifi,action|sci-fi godzilla (gojira)
2364,Godzilla (Gojira) (1984),Action|Sci-Fi,1984,Godzilla (Gojira),2,1980,2.7768595041322315,121,1.1364242408081668,Popular,action|scifi,action|sci-fi godzilla (gojira)
2365,King Kong vs. Godzilla (Kingukongu tai Gojira) (1962),Action|Sci-Fi,1962,King Kong vs. Godzilla (Kingukongu tai Gojira),2,1960,2.7720588235294117,136,1.229073193521313,Popular,action|scifi,action|sci-fi king kong vs. godzilla (kingukongu tai gojira)
2366,King Kong (1933),Action|Adventure|Horror,1933,King Kong,3,1930,3.6560846560846563,756,1.0168005988022022,Blockbuster,action|adventure|horror,action|adventure|horror king kong
2367,King Kong (1976),Action|Adventure|Horror,1976,King Kong,3,1970,2.7572815533980584,309,1.033208526282083,Blockbuster,action|adventure|horror,action|adventure|horror king kong
2368,King Kong Lives (1986),Action|Adventure|Horror,1986,King Kong Lives,3,1980,1.6896551724137931,58,0.8420296396775969,Popular,action|adventure|horror,action|adventure|horror king kong lives
2369,Desperately Seeking Susan (1985),Comedy|Romance,1985,Desperately Seeking Susan,2,1980,2.954761904761905,840,1.0277908036617753,Blockbuster,comedy|romance,comedy|romance desperately seeking susan
2370,"Emerald Forest, The (1985)",Action|Adventure|Drama,1985,"Emerald Forest, The",3,1980,3.5140845070422535,142,0.873047288109869,Popular,action|adventure|drama,"action|adventure|drama emerald forest, the"
2371,Fletch (1985),Comedy,1985,Fletch,1,1980,3.5943238731218696,599,1.0152851068089448,Blockbuster,comedy,comedy fletch
2372,Fletch Lives (1989),Comedy,1989,Fletch Lives,1,1980,2.966386554621849,238,1.113270720914867,Blockbuster,comedy,comedy fletch lives
2373,Red Sonja (1985),Action|Adventure,1985,Red Sonja,2,1980,2.4814814814814814,189,1.0598704888394088,Popular,action|adventure,action|adventure red sonja
2374,Gung Ho (1986),Comedy|Drama,1986,Gung Ho,2,1980,2.930327868852459,244,0.8884618737532495,Blockbuster,comedy|drama,comedy|drama gung ho
2375,"Money Pit, The (1986)",Comedy,1986,"Money Pit, The",1,1980,2.8923444976076556,418,1.0061626683044624,Blockbuster,comedy,"comedy money pit, the"
2376,"View to a Kill, A (1985)",Action,1985,"View to a Kill, A",1,1980,3.267692307692308,325,0.9123818530494663,Blockbuster,action,"action view to a kill, a"
2377,Lifeforce (1985),Horror|Sci-Fi,1985,Lifeforce,2,1980,2.9453551912568305,183,1.1030764967858593,Popular,horror|scifi,horror|sci-fi lifeforce
2378,Police Academy (1984),Comedy,1984,Police Academy,1,1980,2.997578692493947,413,1.0646545301979895,Blockbuster,comedy,comedy police academy
2379,Police Academy 2: Their First Assignment (1985),Comedy,1985,Police Academy 2: Their First Assignment,1,1980,2.3866666666666667,225,1.0337172865786024,Blockbuster,comedy,comedy police academy 2: their first assignment
2380,Police Academy 3: Back in Training (1986),Comedy,1986,Police Academy 3: Back in Training,1,1980,2.0306122448979593,196,1.0122742268838993,Popular,comedy,comedy police academy 3: back in training
2381,Police Academy 4: Citizens on Patrol (1987),Comedy,1987,Police Academy 4: Citizens on Patrol,1,1980,1.9137931034482758,174,1.0077930347432542,Popular,comedy,comedy police academy 4: citizens on patrol
2382,Police Academy 5: Assignment: Miami Beach (1988),Comedy,1988,Police Academy 5: Assignment: Miami Beach,1,1980,1.7666666666666666,150,1.0061333164940343,Popular,comedy,comedy police academy 5: assignment: miami beach
2383,Police Academy 6: City Under Siege (1989),Comedy,1989,Police Academy 6: City Under Siege,1,1980,1.657718120805369,149,0.9283217353544945,Popular,comedy,comedy police academy 6: city under siege
2384,Babe: Pig in the City (1998),Children's|Comedy,1998,Babe: Pig in the City,2,1990,3.2906309751434035,523,1.239379473164819,Blockbuster,childrens|comedy,children's|comedy babe: pig in the city
2385,Home Fries (1998),Comedy|Romance,1998,Home Fries,2,1990,2.5753424657534247,146,0.9744007278630725,Popular,comedy|romance,comedy|romance home fries
2386,Jerry Springer: Ringmaster (1998),Drama,1998,Jerry Springer: Ringmaster,1,1990,1.9661016949152543,59,1.0980563030429042,Popular,drama,drama jerry springer: ringmaster
2387,Very Bad Things (1998),Comedy|Crime,1998,Very Bad Things,2,1990,2.774193548387097,217,1.2800742959322051,Blockbuster,comedy|crime,comedy|crime very bad things
2388,Steam: The Turkish Bath (Hamam) (1997),Drama|Romance,1997,Steam: The Turkish Bath (Hamam),2,1990,3.466666666666667,15,1.1872336794093274,Moderate,drama|romance,drama|romance steam: the turkish bath (hamam)
2389,Psycho (1998),Crime|Horror|Thriller,1998,Psycho,3,1990,2.6515151515151514,264,1.1827971518528255,Blockbuster,crime|horror|thriller,crime|horror|thriller psycho
2390,Little Voice (1998),Comedy,1998,Little Voice,1,1990,3.690909090909091,330,0.9524767382981963,Blockbuster,comedy,comedy little voice
2391,"Simple Plan, A (1998)",Crime|Thriller,1998,"Simple Plan, A",2,1990,3.751677852348993,745,0.9397583213427888,Blockbuster,crime|thriller,"crime|thriller simple plan, a"
2392,Jack Frost (1998),Comedy|Drama,1998,Jack Frost,2,1990,2.234146341463415,205,1.0773082278043193,Blockbuster,comedy|drama,comedy|drama jack frost
2393,Star Trek: Insurrection (1998),Action|Sci-Fi,1998,Star Trek: Insurrection,2,1990,3.34820322180917,807,1.013038384061858,Blockbuster,action|scifi,action|sci-fi star trek: insurrection
2394,"Prince of Egypt, The (1998)",Animation|Musical,1998,"Prince of Egypt, The",2,1990,3.5716753022452505,579,0.987618395475199,Blockbuster,animation|musical,"animation|musical prince of egypt, the"
2395,Rushmore (1998),Comedy,1998,Rushmore,1,1990,3.8409836065573773,1220,1.0705816424044599,Blockbuster,comedy,comedy rushmore
2396,Shakespeare in Love (1998),Comedy|Romance,1998,Shakespeare in Love,2,1990,4.127479949345715,2369,0.9402551980931637,Blockbuster,comedy|romance,comedy|romance shakespeare in love
2397,Mass Appeal (1984),Drama,1984,Mass Appeal,1,1980,3.3043478260869565,23,0.7648400075533118,Moderate,drama,drama mass appeal
2398,Miracle on 34th Street (1947),Drama,1947,Miracle on 34th Street,1,1940,3.960526315789474,380,0.9393310013921421,Blockbuster,drama,drama miracle on 34th street
2399,Santa Claus: The Movie (1985),Adventure|Children's|Fantasy,1985,Santa Claus: The Movie,3,1980,2.6681614349775784,223,1.1138844178566631,Blockbuster,adventure|childrens|fantasy,adventure|children's|fantasy santa claus: the movie
2400,Prancer (1989),Children's|Drama,1989,Prancer,2,1980,2.86046511627907,43,0.9899830529775367,Moderate,childrens|drama,children's|drama prancer
2401,Pale Rider (1985),Western,1985,Pale Rider,1,1980,3.769230769230769,312,0.8205257027597846,Blockbuster,western,western pale rider
2402,Rambo: First Blood Part II (1985),Action|War,1985,Rambo: First Blood Part II,2,1980,2.825436408977556,401,1.0509288137505188,Blockbuster,action|war,action|war rambo: first blood part ii
2403,First Blood (1982),Action,1982,First Blood,1,1980,3.5717884130982367,397,1.028880962952474,Blockbuster,action,action first blood
2404,Rambo III (1988),Action|War,1988,Rambo III,2,1980,2.3421926910299002,301,1.0797440326668786,Blockbuster,action|war,action|war rambo iii
2405,"Jewel of the Nile, The (1985)",Action|Adventure|Comedy|Romance,1985,"Jewel of the Nile, The",4,1980,3.163447251114413,673,0.9449275627136261,Blockbuster,action|adventure|comedy|romance,"action|adventure|comedy|romance jewel of the nile, the"
2406,Romancing the Stone (1984),Action|Adventure|Comedy|Romance,1984,Romancing the Stone,4,1980,3.6892193308550185,1345,0.8652061068694178,Blockbuster,action|adventure|comedy|romance,action|adventure|comedy|romance romancing the stone
2407,Cocoon (1985),Comedy|Sci-Fi,1985,Cocoon,2,1980,3.5377733598409544,1006,0.885518996330251,Blockbuster,comedy|scifi,comedy|sci-fi cocoon
2408,Cocoon: The Return (1988),Comedy|Sci-Fi,1988,Cocoon: The Return,2,1980,2.528957528957529,259,0.9411621105549556,Blockbuster,comedy|scifi,comedy|sci-fi cocoon: the return
2409,Rocky II (1979),Action|Drama,1979,Rocky II,2,1970,3.1775280898876406,445,0.9897848534295475,Blockbuster,action|drama,action|drama rocky ii
2410,Rocky III (1982),Action|Drama,1982,Rocky III,2,1980,2.8753117206982544,401,1.0532872187049842,Blockbuster,action|drama,action|drama rocky iii
2411,Rocky IV (1985),Action|Drama,1985,Rocky IV,2,1980,2.6453333333333333,375,1.1583564483003803,Blockbuster,action|drama,action|drama rocky iv
2412,Rocky V (1990),Action|Drama,1990,Rocky V,2,1990,2.102189781021898,274,1.1211236614296989,Blockbuster,action|drama,action|drama rocky v
2413,Clue (1985),Comedy|Mystery,1985,Clue,2,1980,3.2483069977426635,443,1.1382751003960723,Blockbuster,comedy|mystery,comedy|mystery clue
2414,Young Sherlock Holmes (1985),Action|Adventure|Mystery,1985,Young Sherlock Holmes,3,1980,3.390501319261214,379,0.8911763297236018,Blockbuster,action|adventure|mystery,action|adventure|mystery young sherlock holmes
2415,Violets Are Blue... (1986),Drama|Romance,1986,Violets Are Blue...,2,1980,2.8,15,1.01418510567422,Moderate,drama|romance,drama|romance violets are blue...
2416,Back to School (1986),Comedy,1986,Back to School,1,1980,3.1497175141242937,354,1.0252685293958068,Blockbuster,comedy,comedy back to school
2417,Heartburn (1986),Comedy|Drama,1986,Heartburn,2,1980,2.945945945945946,74,1.0053540491595097,Popular,comedy|drama,comedy|drama heartburn
2418,Nothing in Common (1986),Comedy,1986,Nothing in Common,1,1980,3.0727272727272728,110,0.9453807631440195,Popular,comedy,comedy nothing in common
2419,Extremities (1986),Drama|Thriller,1986,Extremities,2,1980,3.2028985507246377,69,0.9483687255264653,Popular,drama|thriller,drama|thriller extremities
2420,"Karate Kid, The (1984)",Drama,1984,"Karate Kid, The",1,1980,3.417849898580122,493,0.8902394408116372,Blockbuster,drama,"drama karate kid, the"
2421,"Karate Kid, Part II, The (1986)",Action|Adventure|Drama,1986,"Karate Kid, Part II, The",3,1980,2.6771488469601676,477,0.9639302888423095,Blockbuster,action|adventure|drama,"action|adventure|drama karate kid, part ii, the"
2422,"Karate Kid III, The (1989)",Action|Adventure|Drama,1989,"Karate Kid III, The",3,1980,2.1223776223776225,286,0.9416610617130814,Blockbuster,action|adventure|drama,"action|adventure|drama karate kid iii, the"
2423,Christmas Vacation (1989),Comedy,1989,Christmas Vacation,1,1980,3.588349514563107,515,1.0792796425684146,Blockbuster,comedy,comedy christmas vacation
2424,You've Got Mail (1998),Comedy|Romance,1998,You've Got Mail,2,1990,3.380668257756563,838,1.0378539259144466,Blockbuster,comedy|romance,comedy|romance you've got mail
2425,"General, The (1998)",Crime,1998,"General, The",1,1990,3.6206896551724137,58,0.8548640233906198,Popular,crime,"crime general, the"
2426,"Theory of Flight, The (1998)",Comedy|Drama|Romance,1998,"Theory of Flight, The",3,1990,2.962962962962963,27,1.3722940221362487,Moderate,comedy|drama|romance,"comedy|drama|romance theory of flight, the"
2427,"Thin Red Line, The (1998)",Action|Drama|War,1998,"Thin Red Line, The",3,1990,3.398505603985056,803,1.2152800066936444,Blockbuster,action|drama|war,"action|drama|war thin red line, the"
2428,"Faculty, The (1998)",Horror|Sci-Fi,1998,"Faculty, The",2,1990,2.7777777777777777,513,1.0408329997330665,Blockbuster,horror|scifi,"horror|sci-fi faculty, the"
2429,Mighty Joe Young (1998),Adventure|Children's|Drama,1998,Mighty Joe Young,3,1990,2.827777777777778,180,0.9962530671496526,Popular,adventure|childrens|drama,adventure|children's|drama mighty joe young
2430,Mighty Joe Young (1949),Adventure|Children's|Drama,1949,Mighty Joe Young,3,1940,3.111111111111111,144,1.0781433867501866,Popular,adventure|childrens|drama,adventure|children's|drama mighty joe young
2431,Patch Adams (1998),Comedy|Drama,1998,Patch Adams,2,1990,3.1371308016877637,474,1.213112379208275,Blockbuster,comedy|drama,comedy|drama patch adams
2432,Stepmom (1998),Drama,1998,Stepmom,1,1990,3.136986301369863,146,0.9586638473546638,Popular,drama,drama stepmom
2433,"Civil Action, A (1998)",Drama,1998,"Civil Action, A",1,1990,3.3594771241830066,612,0.8552476241753091,Blockbuster,drama,"drama civil action, a"
2434,Down in the Delta (1998),Drama,1998,Down in the Delta,1,1990,3.6333333333333333,60,0.8629210672834347,Popular,drama,drama down in the delta
2435,Hurlyburly (1998),Drama,1998,Hurlyburly,1,1990,3.080808080808081,99,1.1752270095669461,Popular,drama,drama hurlyburly
2436,Tea with Mussolini (1999),Comedy,1999,Tea with Mussolini,1,1990,3.5901639344262297,122,1.0660353548837291,Popular,comedy,comedy tea with mussolini
2437,Wilde (1997),Drama,1997,Wilde,1,1990,3.6470588235294117,85,0.782332932917419,Popular,drama,drama wilde
2439,Affliction (1997),Drama,1997,Affliction,1,1990,3.611111111111111,198,0.9744334695485497,Popular,drama,drama affliction
2440,Another Day in Paradise (1998),Drama,1998,Another Day in Paradise,1,1990,3.3617021276595747,47,1.0514075847848925,Moderate,drama,drama another day in paradise
2441,"Hi-Lo Country, The (1998)",Drama|Western,1998,"Hi-Lo Country, The",2,1990,3.0384615384615383,26,0.999230473144979,Moderate,drama|western,"drama|western hi-lo country, the"
2442,Hilary and Jackie (1998),Drama,1998,Hilary and Jackie,1,1990,3.825,160,0.8581829568462566,Popular,drama,drama hilary and jackie
2443,Playing by Heart (1998),Drama|Romance,1998,Playing by Heart,2,1990,3.5952380952380953,126,1.0671724991102158,Popular,drama|romance,drama|romance playing by heart
2444,24 7: Twenty Four Seven (1997),Comedy|Drama,1997,24 7: Twenty Four Seven,2,1990,4.0,5,1.0,Niche,comedy|drama,comedy|drama 24 7: twenty four seven
2445,At First Sight (1999),Drama,1999,At First Sight,1,1990,2.7972972972972974,74,1.0065501876541318,Popular,drama,drama at first sight
2446,In Dreams (1999),Thriller,1999,In Dreams,1,1990,2.5396825396825395,63,1.1475836721957229,Popular,thriller,thriller in dreams
2447,Varsity Blues (1999),Comedy|Drama,1999,Varsity Blues,2,1990,3.0601503759398496,266,1.0903307339414112,Blockbuster,comedy|drama,comedy|drama varsity blues
2448,Virus (1999),Horror|Sci-Fi,1999,Virus,2,1990,2.3492063492063493,189,1.0841026806013963,Popular,horror|scifi,horror|sci-fi virus
2449,"Garbage Pail Kids Movie, The (1987)",Adventure|Children's,1987,"Garbage Pail Kids Movie, The",2,1980,1.53125,32,0.8418250143816763,Moderate,adventure|childrens,"adventure|children's garbage pail kids movie, the"
2450,Howard the Duck (1986),Adventure|Children's|Sci-Fi,1986,Howard the Duck,3,1980,2.0990783410138247,434,1.0839364913011036,Blockbuster,adventure|childrens|scifi,adventure|children's|sci-fi howard the duck
2451,"Gate, The (1987)",Horror,1987,"Gate, The",1,1980,2.646017699115044,113,1.1093784777193048,Popular,horror,"horror gate, the"
2452,"Gate II: Trespassers, The (1990)",Horror,1990,"Gate II: Trespassers, The",1,1990,1.6842105263157894,19,1.2042808632793343,Moderate,horror,"horror gate ii: trespassers, the"
2453,"Boy Who Could Fly, The (1986)",Drama|Fantasy,1986,"Boy Who Could Fly, The",2,1980,3.25,176,0.9411239481143203,Popular,drama|fantasy,"drama|fantasy boy who could fly, the"
2454,"Fly, The (1958)",Horror|Sci-Fi,1958,"Fly, The",2,1950,3.3583333333333334,480,1.0482779064930612,Blockbuster,horror|scifi,"horror|sci-fi fly, the"
2455,"Fly, The (1986)",Horror|Sci-Fi,1986,"Fly, The",2,1980,3.4407096171802056,1071,0.9906030735081899,Blockbuster,horror|scifi,"horror|sci-fi fly, the"
2456,"Fly II, The (1989)",Horror|Sci-Fi,1989,"Fly II, The",2,1980,2.313380281690141,284,1.003719504779162,Blockbuster,horror|scifi,"horror|sci-fi fly ii, the"
2457,Running Scared (1986),Action|Comedy,1986,Running Scared,2,1980,3.382239382239382,259,0.8873754987644007,Blockbuster,action|comedy,action|comedy running scared
2458,Armed and Dangerous (1986),Comedy|Crime,1986,Armed and Dangerous,2,1980,2.476923076923077,130,1.0055303249266272,Popular,comedy|crime,comedy|crime armed and dangerous
2459,"Texas Chainsaw Massacre, The (1974)",Horror,1974,"Texas Chainsaw Massacre, The",1,1970,3.222672064777328,247,1.332448440768303,Blockbuster,horror,"horror texas chainsaw massacre, the"
2460,"Texas Chainsaw Massacre 2, The (1986)",Horror,1986,"Texas Chainsaw Massacre 2, The",1,1980,2.353448275862069,116,1.2318548075429046,Popular,horror,"horror texas chainsaw massacre 2, the"
2461,Leatherface: Texas Chainsaw Massacre III (1990),Horror,1990,Leatherface: Texas Chainsaw Massacre III,1,1990,2.096774193548387,62,1.0970852204648707,Popular,horror,horror leatherface: texas chainsaw massacre iii
2462,"Return of the Texas Chainsaw Massacre, The (1994)",Horror,1994,"Return of the Texas Chainsaw Massacre, The",1,1990,1.8333333333333333,54,1.1614889598156262,Popular,horror,"horror return of the texas chainsaw massacre, the"
2463,Ruthless People (1986),Comedy,1986,Ruthless People,1,1980,3.4610526315789474,475,0.9435875896906261,Blockbuster,comedy,comedy ruthless people
2464,Trick or Treat (1986),Horror,1986,Trick or Treat,1,1980,2.625,8,0.7440238091428449,Niche,horror,horror trick or treat
2465,Deadly Friend (1986),Horror,1986,Deadly Friend,1,1980,2.0238095238095237,42,1.0238162763464755,Moderate,horror,horror deadly friend
2466,Belizaire the Cajun (1986),Drama,1986,Belizaire the Cajun,1,1980,3.4615384615384617,13,0.9674179220468452,Moderate,drama,drama belizaire the cajun
2467,"Name of the Rose, The (1986)",Mystery,1986,"Name of the Rose, The",1,1980,3.9012345679012346,324,0.9123159828411919,Blockbuster,mystery,"mystery name of the rose, the"
2468,Jumpin' Jack Flash (1986),Action|Comedy|Romance|Thriller,1986,Jumpin' Jack Flash,4,1980,2.770053475935829,374,1.158052121293043,Blockbuster,action|comedy|romance|thriller,action|comedy|romance|thriller jumpin' jack flash
2469,Peggy Sue Got Married (1986),Comedy|Romance,1986,Peggy Sue Got Married,2,1980,3.2766798418972334,506,0.9347682744930884,Blockbuster,comedy|romance,comedy|romance peggy sue got married
2470,Crocodile Dundee (1986),Adventure|Comedy,1986,Crocodile Dundee,2,1980,3.4265350877192984,912,0.8822420861972814,Blockbuster,adventure|comedy,adventure|comedy crocodile dundee
2471,Crocodile Dundee II (1988),Adventure|Comedy,1988,Crocodile Dundee II,2,1980,2.6280193236714977,414,0.9701538479693869,Blockbuster,adventure|comedy,adventure|comedy crocodile dundee ii
2472,Tough Guys (1986),Comedy,1986,Tough Guys,1,1980,2.978494623655914,93,0.7067761256710692,Popular,comedy,comedy tough guys
2473,Soul Man (1986),Comedy,1986,Soul Man,1,1980,2.4093264248704664,193,0.9147609331223318,Popular,comedy,comedy soul man
2474,"Color of Money, The (1986)",Drama,1986,"Color of Money, The",1,1980,3.4606413994169096,343,0.8150963400385473,Blockbuster,drama,"drama color of money, the"
2475,52 Pick-Up (1986),Action|Mystery|Thriller,1986,52 Pick-Up,3,1980,3.3,140,0.9111618008554406,Popular,action|mystery|thriller,action|mystery|thriller 52 pick-up
2476,Heartbreak Ridge (1986),Action|War,1986,Heartbreak Ridge,2,1980,3.3466666666666667,300,0.8958220877674293,Blockbuster,action|war,action|war heartbreak ridge
2477,Firewalker (1986),Adventure,1986,Firewalker,1,1980,2.2857142857142856,42,0.9947597892594605,Moderate,adventure,adventure firewalker
2478,Three Amigos! (1986),Comedy|Western,1986,Three Amigos!,2,1980,3.117750439367311,569,1.1236186516027402,Blockbuster,comedy|western,comedy|western three amigos!
2479,Gloria (1999),Drama|Thriller,1999,Gloria,2,1990,2.272727272727273,44,1.0198868237174108,Moderate,drama|thriller,drama|thriller gloria
2481,My Name Is Joe (1998),Drama|Romance,1998,My Name Is Joe,2,1990,3.6,35,0.881175685227012,Moderate,drama|romance,drama|romance my name is joe
2482,Still Crazy (1998),Comedy|Romance,1998,Still Crazy,2,1990,3.3333333333333335,30,1.1547005383792517,Moderate,comedy|romance,comedy|romance still crazy
2483,"Day of the Beast, The (El Día de la bestia) (1995)",Comedy|Horror|Thriller,1995,"Day of the Beast, The (El Día de la bestia)",3,1990,2.92,25,1.7058722109231976,Moderate,comedy|horror|thriller,"comedy|horror|thriller day of the beast, the (el día de la bestia)"
2485,She's All That (1999),Comedy|Romance,1999,She's All That,2,1990,3.051219512195122,410,0.99131237289022,Blockbuster,comedy|romance,comedy|romance she's all that
2486,24-hour Woman (1998),Drama,1998,24-hour Woman,1,1990,1.7777777777777777,9,0.6666666666666666,Niche,drama,drama 24-hour woman
2487,"Blood, Guts, Bullets and Octane (1998)",Action|Comedy,1998,"Blood, Guts, Bullets and Octane",2,1990,2.4285714285714284,7,1.1338934190276817,Niche,action|comedy,"action|comedy blood, guts, bullets and octane"
2488,Peeping Tom (1960),Drama|Horror|Thriller,1960,Peeping Tom,3,1960,3.8588235294117648,85,1.0136325667578747,Popular,drama|horror|thriller,drama|horror|thriller peeping tom
2490,Payback (1999),Action|Thriller,1999,Payback,2,1990,3.5058214747736094,773,0.9282719776339888,Blockbuster,action|thriller,action|thriller payback
2491,Simply Irresistible (1999),Comedy|Romance,1999,Simply Irresistible,2,1990,2.739130434782609,115,1.1704471819114888,Popular,comedy|romance,comedy|romance simply irresistible
2492,20 Dates (1998),Comedy,1998,20 Dates,1,1990,2.856115107913669,139,1.151943229523686,Popular,comedy,comedy 20 dates
2493,"Harmonists, The (1997)",Drama,1997,"Harmonists, The",1,1990,4.142857142857143,28,1.0079052613579393,Moderate,drama,"drama harmonists, the"
2494,"Last Days, The (1998)",Documentary,1998,"Last Days, The",1,1990,4.0,27,0.9198662110077999,Moderate,documentary,"documentary last days, the"
2495,"Fantastic Planet, The (La Planète sauvage) (1973)",Animation|Sci-Fi,1973,"Fantastic Planet, The (La Planète sauvage)",2,1970,3.6020408163265305,98,1.190510554241394,Popular,animation|scifi,"animation|sci-fi fantastic planet, the (la planète sauvage)"
2496,Blast from the Past (1999),Comedy|Romance,1999,Blast from the Past,2,1990,3.363888888888889,360,0.9548739588623857,Blockbuster,comedy|romance,comedy|romance blast from the past
2497,Message in a Bottle (1999),Romance,1999,Message in a Bottle,1,1990,2.835294117647059,170,1.2000696116252,Popular,romance,romance message in a bottle
2498,My Favorite Martian (1999),Comedy|Sci-Fi,1999,My Favorite Martian,2,1990,2.3333333333333335,123,1.098931423349084,Popular,comedy|scifi,comedy|sci-fi my favorite martian
2499,God Said 'Ha!' (1998),Comedy,1998,God Said 'Ha!',1,1990,3.5384615384615383,52,1.1107591197109823,Popular,comedy,comedy god said 'ha!'
2500,Jawbreaker (1999),Comedy,1999,Jawbreaker,1,1990,2.596638655462185,119,1.1298667067859207,Popular,comedy,comedy jawbreaker
2501,October Sky (1999),Drama,1999,October Sky,1,1990,4.137755102040816,588,0.8497337359639511,Blockbuster,drama,drama october sky
2502,Office Space (1999),Comedy|Romance,1999,Office Space,2,1990,3.8211009174311927,872,0.9785833754156056,Blockbuster,comedy|romance,comedy|romance office space
2503,"Apple, The (Sib) (1998)",Drama,1998,"Apple, The (Sib)",1,1990,4.666666666666667,9,0.49999999999999983,Niche,drama,"drama apple, the (sib)"
2504,200 Cigarettes (1999),Comedy|Drama,1999,200 Cigarettes,2,1990,2.883977900552486,181,1.1119640679436498,Popular,comedy|drama,comedy|drama 200 cigarettes
2505,8MM (1999),Thriller,1999,8MM,1,1990,2.863970588235294,272,1.1134317678756886,Blockbuster,thriller,thriller 8mm
2506,"Other Sister, The (1999)",Comedy|Drama|Romance,1999,"Other Sister, The",3,1990,3.3435582822085887,163,1.1406104500409902,Popular,comedy|drama|romance,"comedy|drama|romance other sister, the"
2507,Breakfast of Champions (1999),Comedy,1999,Breakfast of Champions,1,1990,2.9814814814814814,54,1.4074028099524014,Popular,comedy,comedy breakfast of champions
2509,Eight Days a Week (1997),Comedy,1997,Eight Days a Week,1,1990,2.7777777777777777,18,0.9428090415820634,Moderate,comedy,comedy eight days a week
2511,"Long Goodbye, The (1973)",Crime,1973,"Long Goodbye, The",1,1970,3.8658536585365852,82,0.8994126357967704,Popular,crime,"crime long goodbye, the"
2512,"Ballad of Narayama, The (Narayama Bushiko) (1982)",Drama,1982,"Ballad of Narayama, The (Narayama Bushiko)",1,1980,3.9473684210526314,19,1.35292621998583,Moderate,drama,"drama ballad of narayama, the (narayama bushiko)"
2513,Pet Sematary (1989),Horror,1989,Pet Sematary,1,1980,2.960655737704918,305,1.1348659045125964,Blockbuster,horror,horror pet sematary
2514,Pet Sematary II (1992),Horror,1992,Pet Sematary II,1,1990,2.060344827586207,116,1.1289763975154334,Popular,horror,horror pet sematary ii
2515,Children of the Corn II: The Final Sacrifice (1993),Horror,1993,Children of the Corn II: The Final Sacrifice,1,1990,1.7884615384615385,52,0.976920701651487,Popular,horror,horror children of the corn ii: the final sacrifice
2516,Children of the Corn III (1994),Horror,1994,Children of the Corn III,1,1990,1.8444444444444446,45,1.0861850578045988,Moderate,horror,horror children of the corn iii
2517,Christine (1983),Horror,1983,Christine,1,1980,3.062271062271062,273,0.9850750044998664,Blockbuster,horror,horror christine
2518,Night Shift (1982),Comedy,1982,Night Shift,1,1980,3.4727891156462585,294,0.914954097069688,Blockbuster,comedy,comedy night shift
2519,House on Haunted Hill (1958),Horror,1958,House on Haunted Hill,1,1950,3.2291666666666665,96,1.1190142905504563,Popular,horror,horror house on haunted hill
2520,Airport (1970),Drama,1970,Airport,1,1970,3.1452513966480447,179,1.0919096345063604,Popular,drama,drama airport
2521,Airport 1975 (1974),Drama,1974,Airport 1975,1,1970,2.630952380952381,84,1.061707670890626,Popular,drama,drama airport 1975
2522,Airport '77 (1977),Drama,1977,Airport '77,1,1970,2.3544303797468356,79,0.9612755239323386,Popular,drama,drama airport '77
2523,Rollercoaster (1977),Drama|Thriller,1977,Rollercoaster,2,1970,2.3095238095238093,42,0.9496622053642699,Moderate,drama|thriller,drama|thriller rollercoaster
2524,"Towering Inferno, The (1974)",Action|Drama,1974,"Towering Inferno, The",2,1970,3.018796992481203,266,0.9730442698486333,Blockbuster,action|drama,"action|drama towering inferno, the"
2525,Alligator (1980),Action|Horror|Sci-Fi,1980,Alligator,3,1980,2.235294117647059,153,1.0560895214892443,Popular,action|horror|scifi,action|horror|sci-fi alligator
2526,Meteor (1979),Sci-Fi,1979,Meteor,1,1970,2.366412213740458,131,0.9624176837545761,Popular,scifi,sci-fi meteor
2527,Westworld (1973),Action|Sci-Fi|Thriller|Western,1973,Westworld,4,1970,3.4213836477987423,636,0.9905611090943829,Blockbuster,action|scifi|thriller|western,action|sci-fi|thriller|western westworld
2528,Logan's Run (1976),Action|Adventure|Sci-Fi,1976,Logan's Run,3,1970,3.4696485623003195,626,0.9481968763363066,Blockbuster,action|adventure|scifi,action|adventure|sci-fi logan's run
2529,Planet of the Apes (1968),Action|Sci-Fi,1968,Planet of the Apes,2,1960,3.712564543889845,1162,1.0234109582032778,Blockbuster,action|scifi,action|sci-fi planet of the apes
2530,Beneath the Planet of the Apes (1970),Action|Sci-Fi,1970,Beneath the Planet of the Apes,2,1970,2.9452054794520546,365,1.057292974031761,Blockbuster,action|scifi,action|sci-fi beneath the planet of the apes
2531,Battle for the Planet of the Apes (1973),Action|Sci-Fi,1973,Battle for the Planet of the Apes,2,1970,2.8333333333333335,312,1.0506977215338587,Blockbuster,action|scifi,action|sci-fi battle for the planet of the apes
2532,Conquest of the Planet of the Apes (1972),Action|Sci-Fi,1972,Conquest of the Planet of the Apes,2,1970,2.8435754189944134,358,1.0836707814845705,Blockbuster,action|scifi,action|sci-fi conquest of the planet of the apes
2533,Escape from the Planet of the Apes (1971),Action|Sci-Fi,1971,Escape from the Planet of the Apes,2,1970,3.041036717062635,463,1.0529491693307866,Blockbuster,action|scifi,action|sci-fi escape from the planet of the apes
2534,Avalanche (1978),Action,1978,Avalanche,1,1970,2.5294117647058822,17,0.7998161553463028,Moderate,action,action avalanche
2535,Earthquake (1974),Action,1974,Earthquake,1,1970,2.8487394957983194,119,0.9445531224097357,Popular,action,action earthquake
2536,"Concorde: Airport '79, The (1979)",Drama,1979,"Concorde: Airport '79, The",1,1970,1.8918918918918919,37,0.8750804338835179,Moderate,drama,"drama concorde: airport '79, the"
2537,Beyond the Poseidon Adventure (1979),Adventure,1979,Beyond the Poseidon Adventure,1,1970,1.9411764705882353,34,0.8507100944999628,Moderate,adventure,adventure beyond the poseidon adventure
2538,Dancemaker (1998),Documentary,1998,Dancemaker,1,1990,3.6,5,1.6733200530681511,Niche,documentary,documentary dancemaker
2539,Analyze This (1999),Comedy,1999,Analyze This,1,1990,3.3944805194805197,616,0.9293246378670486,Blockbuster,comedy,comedy analyze this
2540,"Corruptor, The (1999)",Action|Crime|Drama|Thriller,1999,"Corruptor, The",4,1990,3.032051282051282,156,0.9994829101469244,Popular,action|crime|drama|thriller,"action|crime|drama|thriller corruptor, the"
2541,Cruel Intentions (1999),Drama,1999,Cruel Intentions,1,1990,3.221824686940966,559,1.0629755851656613,Blockbuster,drama,drama cruel intentions
2542,"Lock, Stock & Two Smoking Barrels (1998)",Comedy|Crime|Thriller,1998,"Lock, Stock & Two Smoking Barrels",3,1990,3.8976,625,0.9995563118268124,Blockbuster,comedy|crime|thriller,"comedy|crime|thriller lock, stock & two smoking barrels"
2544,"School of Flesh, The (L' École de la chair) (1998)",Drama,1998,"School of Flesh, The (L' École de la chair)",1,1990,2.7777777777777777,18,0.8084520834544432,Moderate,drama,"drama school of flesh, the (l' école de la chair)"
2545,Relax... It's Just Sex (1998),Comedy,1998,Relax... It's Just Sex,1,1990,2.8333333333333335,12,1.337115846843043,Moderate,comedy,comedy relax... it's just sex
2546,"Deep End of the Ocean, The (1999)",Drama,1999,"Deep End of the Ocean, The",1,1990,2.940828402366864,169,0.9174508032212743,Popular,drama,"drama deep end of the ocean, the"
2548,"Rage: Carrie 2, The (1999)",Horror,1999,"Rage: Carrie 2, The",1,1990,2.2285714285714286,105,1.0584562675565155,Popular,horror,"horror rage: carrie 2, the"
2549,Wing Commander (1999),Action|Sci-Fi,1999,Wing Commander,2,1990,2.2285714285714286,175,1.166725309340139,Popular,action|scifi,action|sci-fi wing commander
2550,"Haunting, The (1963)",Horror|Thriller,1963,"Haunting, The",2,1960,3.5027322404371586,183,1.2219346799141193,Popular,horror|thriller,"horror|thriller haunting, the"
2551,Dead Ringers (1988),Drama|Thriller,1988,Dead Ringers,2,1980,3.291005291005291,189,1.118021402458305,Popular,drama|thriller,drama|thriller dead ringers
2552,My Boyfriend's Back (1993),Comedy,1993,My Boyfriend's Back,1,1990,2.2162162162162162,37,1.1816921749746827,Moderate,comedy,comedy my boyfriend's back
2553,Village of the Damned (1960),Horror|Sci-Fi|Thriller,1960,Village of the Damned,3,1960,3.356164383561644,219,0.9912904620713042,Blockbuster,horror|scifi|thriller,horror|sci-fi|thriller village of the damned
2554,Children of the Damned (1963),Horror|Sci-Fi|Thriller,1963,Children of the Damned,3,1960,3.176470588235294,136,1.1147652331565001,Popular,horror|scifi|thriller,horror|sci-fi|thriller children of the damned
2555,Baby Geniuses (1999),Comedy,1999,Baby Geniuses,1,1990,1.701219512195122,164,0.9604439033051745,Popular,comedy,comedy baby geniuses
2557,I Stand Alone (Seul contre tous) (1998),Drama,1998,I Stand Alone (Seul contre tous),1,1990,3.4,5,1.51657508881031,Niche,drama,drama i stand alone (seul contre tous)
2558,Forces of Nature (1999),Comedy|Romance,1999,Forces of Nature,2,1990,2.74468085106383,235,0.9488653842178002,Blockbuster,comedy|romance,comedy|romance forces of nature
2559,"King and I, The (1999)",Animation|Children's,1999,"King and I, The",2,1990,2.5925925925925926,27,1.2787992943881519,Moderate,animation|childrens,"animation|children's king and i, the"
2560,Ravenous (1999),Drama|Horror,1999,Ravenous,2,1990,3.111111111111111,171,1.214832084472604,Popular,drama|horror,drama|horror ravenous
2561,True Crime (1999),Crime|Thriller,1999,True Crime,2,1990,3.0381679389312977,131,0.9559898627775358,Popular,crime|thriller,crime|thriller true crime
2562,Bandits (1997),Drama,1997,Bandits,1,1990,3.7777777777777777,9,1.6414763002993509,Niche,drama,drama bandits
2565,"King and I, The (1956)",Musical,1956,"King and I, The",1,1950,3.954301075268817,372,0.9144292820140714,Blockbuster,musical,"musical king and i, the"
2566,Doug's 1st Movie (1999),Animation|Children's,1999,Doug's 1st Movie,2,1990,2.425,40,1.1742428002104819,Moderate,animation|childrens,animation|children's doug's 1st movie
2567,EDtv (1999),Comedy,1999,EDtv,1,1990,3.2019867549668874,302,0.8792151588235098,Blockbuster,comedy,comedy edtv
2568,"Mod Squad, The (1999)",Action|Crime,1999,"Mod Squad, The",2,1990,2.107476635514019,214,0.9941803366115524,Blockbuster,action|crime,"action|crime mod squad, the"
2569,Among Giants (1998),Drama|Romance,1998,Among Giants,2,1990,3.7777777777777777,9,1.092906420717,Niche,drama|romance,drama|romance among giants
2570,"Walk on the Moon, A (1999)",Drama|Romance,1999,"Walk on the Moon, A",2,1990,3.5980392156862746,102,0.9876445017379688,Popular,drama|romance,"drama|romance walk on the moon, a"
2571,"Matrix, The (1999)",Action|Sci-Fi|Thriller,1999,"Matrix, The",3,1990,4.315830115830116,2590,0.9309184185882282,Blockbuster,action|scifi|thriller,"action|sci-fi|thriller matrix, the"
2572,10 Things I Hate About You (1999),Comedy|Romance,1999,10 Things I Hate About You,2,1990,3.422857142857143,700,0.9898152930353161,Blockbuster,comedy|romance,comedy|romance 10 things i hate about you
2573,Tango (1998),Drama,1998,Tango,1,1990,3.4166666666666665,48,0.9186792863702073,Moderate,drama,drama tango
2574,"Out-of-Towners, The (1999)",Comedy,1999,"Out-of-Towners, The",1,1990,2.6683417085427137,199,1.0252138302798424,Popular,comedy,"comedy out-of-towners, the"
2575,"Dreamlife of Angels, The (La Vie rêvée des anges) (1998)",Drama,1998,"Dreamlife of Angels, The (La Vie rêvée des anges)",1,1990,4.0,141,0.9710083124552243,Popular,drama,"drama dreamlife of angels, the (la vie rêvée des anges)"
2577,Metroland (1997),Comedy|Drama,1997,Metroland,2,1990,3.2857142857142856,28,0.7628961803617725,Moderate,comedy|drama,comedy|drama metroland
2579,Following (1998),Drama,1998,Following,1,1990,3.793103448275862,29,0.940338477997136,Moderate,drama,drama following
2580,Go (1999),Crime,1999,Go,1,1990,3.854771784232365,723,0.9234937855476614,Blockbuster,crime,crime go
2581,Never Been Kissed (1999),Comedy|Romance,1999,Never Been Kissed,2,1990,3.168269230769231,624,0.9889694449438124,Blockbuster,comedy|romance,comedy|romance never been kissed
2582,Twin Dragons (Shuang long hui) (1992),Action|Comedy,1992,Twin Dragons (Shuang long hui),2,1990,3.106060606060606,66,1.2042078517085621,Popular,action|comedy,action|comedy twin dragons (shuang long hui)
2583,Cookie's Fortune (1999),Mystery,1999,Cookie's Fortune,1,1990,3.608510638297872,235,1.0127034537033794,Blockbuster,mystery,mystery cookie's fortune
2585,"Lovers of the Arctic Circle, The (Los Amantes del Círculo Polar) (1998)",Drama|Romance,1998,"Lovers of the Arctic Circle, The (Los Amantes del Círculo Polar)",2,1990,3.8541666666666665,48,1.0103629710818451,Moderate,drama|romance,"drama|romance lovers of the arctic circle, the (los amantes del círculo polar)"
2586,"Goodbye, Lover (1999)",Comedy|Crime|Thriller,1999,"Goodbye, Lover",3,1990,2.96,25,1.171893055416463,Moderate,comedy|crime|thriller,"comedy|crime|thriller goodbye, lover"
2587,Life (1999),Comedy,1999,Life,1,1990,2.9607843137254903,102,0.9219175950315367,Popular,comedy,comedy life
2589,Friends & Lovers (1999),Comedy|Drama|Romance,1999,Friends & Lovers,3,1990,2.734375,64,1.11614682285026,Popular,comedy|drama|romance,comedy|drama|romance friends & lovers
2590,Hideous Kinky (1998),Drama,1998,Hideous Kinky,1,1990,3.0416666666666665,48,1.1290804643759722,Moderate,drama,drama hideous kinky
2593,"Monster, The (Il Mostro) (1994)",Comedy,1994,"Monster, The (Il Mostro)",1,1990,3.7142857142857144,35,1.0451970985368817,Moderate,comedy,"comedy monster, the (il mostro)"
2594,Open Your Eyes (Abre los ojos) (1997),Drama|Romance|Sci-Fi,1997,Open Your Eyes (Abre los ojos),3,1990,3.9516129032258065,62,1.0928593771347865,Popular,drama|romance|scifi,drama|romance|sci-fi open your eyes (abre los ojos)
2596,SLC Punk! (1998),Comedy|Drama,1998,SLC Punk!,2,1990,3.618705035971223,139,1.086115825443494,Popular,comedy|drama,comedy|drama slc punk!
2597,Lost & Found (1999),Comedy|Romance,1999,Lost & Found,2,1990,2.609375,64,1.1214671159082161,Popular,comedy|romance,comedy|romance lost & found
2598,Pushing Tin (1999),Comedy,1999,Pushing Tin,1,1990,3.016885553470919,533,0.9913612101083269,Blockbuster,comedy,comedy pushing tin
2599,Election (1999),Comedy,1999,Election,1,1990,3.9303547963206307,1522,0.926850409752215,Blockbuster,comedy,comedy election
2600,eXistenZ (1999),Action|Sci-Fi|Thriller,1999,eXistenZ,3,1990,3.2560975609756095,410,1.1785675239677589,Blockbuster,action|scifi|thriller,action|sci-fi|thriller existenz
2602,Mighty Peking Man (Hsing hsing wang) (1977),Adventure|Sci-Fi,1977,Mighty Peking Man (Hsing hsing wang),2,1970,2.8333333333333335,6,1.329160135825126,Niche,adventure|scifi,adventure|sci-fi mighty peking man (hsing hsing wang)
2605,Entrapment (1999),Crime|Thriller,1999,Entrapment,2,1990,3.168597168597169,777,0.9863199401682067,Blockbuster,crime|thriller,crime|thriller entrapment
2606,Idle Hands (1999),Comedy|Horror,1999,Idle Hands,2,1990,2.7246376811594204,207,1.298438845710096,Blockbuster,comedy|horror,comedy|horror idle hands
2607,Get Real (1998),Drama,1998,Get Real,1,1990,4.088235294117647,68,0.9421362533783333,Popular,drama,drama get real
2608,Heaven (1998),Thriller,1998,Heaven,1,1990,2.6,5,0.5477225575051662,Niche,thriller,thriller heaven
2609,"King of Masks, The (Bian Lian) (1996)",Drama,1996,"King of Masks, The (Bian Lian)",1,1990,4.223880597014926,67,0.8315902167276944,Popular,drama,"drama king of masks, the (bian lian)"
2610,Three Seasons (1999),Drama,1999,Three Seasons,1,1990,3.8780487804878048,41,0.8998644884431075,Moderate,drama,drama three seasons
2611,"Winslow Boy, The (1998)",Drama,1998,"Winslow Boy, The",1,1990,3.910958904109589,146,0.9015024461244936,Popular,drama,"drama winslow boy, the"
2612,Mildred Pierce (1945),Drama,1945,Mildred Pierce,1,1940,4.088235294117647,136,0.7932174353745226,Popular,drama,drama mildred pierce
2613,Night of the Comet (1984),Action|Horror|Sci-Fi,1984,Night of the Comet,3,1980,3.096085409252669,281,1.0007241912559732,Blockbuster,action|horror|scifi,action|horror|sci-fi night of the comet
2614,Chopping Mall (a.k.a. Killbots) (1986),Action|Horror|Sci-Fi,1986,Chopping Mall (a.k.a. Killbots),3,1980,1.9318181818181819,44,0.925044996334302,Moderate,action|horror|scifi,action|horror|sci-fi chopping mall (a.k.a. killbots)
2615,My Science Project (1985),Adventure|Sci-Fi,1985,My Science Project,2,1980,3.0105820105820107,189,0.9675007174081566,Popular,adventure|scifi,adventure|sci-fi my science project
2616,Dick Tracy (1990),Action|Crime,1990,Dick Tracy,2,1990,2.6826923076923075,624,0.9904626064806283,Blockbuster,action|crime,action|crime dick tracy
2617,"Mummy, The (1999)",Action|Adventure|Horror|Thriller,1999,"Mummy, The",4,1990,3.3217477656405165,1007,1.1056306836735266,Blockbuster,action|adventure|horror|thriller,"action|adventure|horror|thriller mummy, the"
2618,"Castle, The (1997)",Comedy,1997,"Castle, The",1,1990,3.891304347826087,46,0.9939430090875482,Moderate,comedy,"comedy castle, the"
2620,This Is My Father (1998),Drama|Romance,1998,This Is My Father,2,1990,3.6944444444444446,36,0.7862912744358594,Moderate,drama|romance,drama|romance this is my father
2621,Xiu Xiu: The Sent-Down Girl (Tian yu) (1998),Drama|Romance,1998,Xiu Xiu: The Sent-Down Girl (Tian yu),2,1990,3.652173913043478,69,1.0265030150455954,Popular,drama|romance,drama|romance xiu xiu: the sent-down girl (tian yu)
2622,"Midsummer Night's Dream, A (1999)",Comedy|Fantasy,1999,"Midsummer Night's Dream, A",2,1990,3.3493975903614457,415,1.010019071659022,Blockbuster,comedy|fantasy,"comedy|fantasy midsummer night's dream, a"
2624,After Life (1998),Drama,1998,After Life,1,1990,4.088235294117647,102,0.9960609665271606,Popular,drama,drama after life
2625,Black Mask (Hak hap) (1996),Action,1996,Black Mask (Hak hap),1,1990,3.0757575757575757,66,1.1136993940585314,Popular,action,action black mask (hak hap)
2626,Edge of Seventeen (1998),Comedy|Drama|Romance,1998,Edge of Seventeen,3,1990,3.5714285714285716,35,1.0923723316362284,Moderate,comedy|drama|romance,comedy|drama|romance edge of seventeen
2627,Endurance (1998),Documentary|Drama,1998,Endurance,2,1990,3.4285714285714284,14,1.0894095588038442,Moderate,documentary|drama,documentary|drama endurance
2628,Star Wars: Episode I - The Phantom Menace (1999),Action|Adventure|Fantasy|Sci-Fi,1999,Star Wars: Episode I - The Phantom Menace,4,1990,3.409777777777778,2250,1.1257495677652505,Blockbuster,action|adventure|fantasy|scifi,action|adventure|fantasy|sci-fi star wars: episode i - the phantom menace
2629,"Love Letter, The (1999)",Comedy|Romance,1999,"Love Letter, The",2,1990,2.75,144,1.0411129064208569,Popular,comedy|romance,"comedy|romance love letter, the"
2630,Besieged (L' Assedio) (1998),Drama,1998,Besieged (L' Assedio),1,1990,3.5121951219512195,41,1.1207575835012715,Moderate,drama,drama besieged (l' assedio)
2631,Frogs for Snakes (1998),Comedy|Film-Noir|Thriller,1998,Frogs for Snakes,3,1990,2.0,5,1.0,Niche,comedy|filmnoir|thriller,comedy|film-noir|thriller frogs for snakes
2632,"Saragossa Manuscript, The (Rekopis znaleziony w Saragossie) (1965)",Drama,1965,"Saragossa Manuscript, The (Rekopis znaleziony w Saragossie)",1,1960,3.272727272727273,11,1.555050423035156,Moderate,drama,"drama saragossa manuscript, the (rekopis znaleziony w saragossie)"
2633,"Mummy, The (1932)",Horror|Romance,1932,"Mummy, The",2,1930,3.537037037037037,162,1.1373877059520177,Popular,horror|romance,"horror|romance mummy, the"
2634,"Mummy, The (1959)",Horror,1959,"Mummy, The",1,1950,3.247311827956989,93,1.049388165204669,Popular,horror,"horror mummy, the"
2635,"Mummy's Curse, The (1944)",Horror,1944,"Mummy's Curse, The",1,1940,3.032258064516129,31,1.1967698460924427,Moderate,horror,"horror mummy's curse, the"
2636,"Mummy's Ghost, The (1944)",Horror,1944,"Mummy's Ghost, The",1,1940,2.4615384615384617,13,1.0500305245868342,Moderate,horror,"horror mummy's ghost, the"
2637,"Mummy's Hand, The (1940)",Horror,1940,"Mummy's Hand, The",1,1940,2.6666666666666665,33,1.1086778913041726,Moderate,horror,"horror mummy's hand, the"
2638,"Mummy's Tomb, The (1942)",Horror,1942,"Mummy's Tomb, The",1,1940,2.8333333333333335,36,1.133893419027682,Moderate,horror,"horror mummy's tomb, the"
2639,Mommie Dearest (1981),Drama,1981,Mommie Dearest,1,1980,3.2024539877300615,163,1.0550262368889802,Popular,drama,drama mommie dearest
2640,Superman (1978),Action|Adventure|Sci-Fi,1978,Superman,3,1970,3.536824877250409,1222,0.9237262432231265,Blockbuster,action|adventure|scifi,action|adventure|sci-fi superman
2641,Superman II (1980),Action|Adventure|Sci-Fi,1980,Superman II,3,1980,3.1643026004728134,846,0.9827879306384543,Blockbuster,action|adventure|scifi,action|adventure|sci-fi superman ii
2642,Superman III (1983),Action|Adventure|Sci-Fi,1983,Superman III,3,1980,2.336594911937378,511,0.9661990165092657,Blockbuster,action|adventure|scifi,action|adventure|sci-fi superman iii
2643,Superman IV: The Quest for Peace (1987),Action|Adventure|Sci-Fi,1987,Superman IV: The Quest for Peace,3,1980,1.8885542168674698,332,0.993751636110449,Blockbuster,action|adventure|scifi,action|adventure|sci-fi superman iv: the quest for peace
2644,Dracula (1931),Horror,1931,Dracula,1,1930,3.827731092436975,238,1.1022358841288233,Blockbuster,horror,horror dracula
2645,Dracula (1958),Horror,1958,Dracula,1,1950,3.343137254901961,102,1.1388295019184893,Popular,horror,horror dracula
2646,House of Dracula (1945),Horror,1945,House of Dracula,1,1940,2.871794871794872,39,1.196034834457662,Moderate,horror,horror house of dracula
2647,House of Frankenstein (1944),Horror,1944,House of Frankenstein,1,1940,3.1923076923076925,52,1.205192386211764,Popular,horror,horror house of frankenstein
2648,Frankenstein (1931),Horror,1931,Frankenstein,1,1930,3.9753694581280787,406,0.9784766373451755,Blockbuster,horror,horror frankenstein
2649,Son of Frankenstein (1939),Horror,1939,Son of Frankenstein,1,1930,3.3230769230769233,65,1.1054932766034287,Popular,horror,horror son of frankenstein
2650,"Ghost of Frankenstein, The (1942)",Horror,1942,"Ghost of Frankenstein, The",1,1940,2.757575757575758,33,1.2507573463281914,Moderate,horror,"horror ghost of frankenstein, the"
2651,Frankenstein Meets the Wolf Man (1943),Horror,1943,Frankenstein Meets the Wolf Man,1,1940,3.1463414634146343,82,1.1344433694576712,Popular,horror,horror frankenstein meets the wolf man
2652,"Curse of Frankenstein, The (1957)",Horror,1957,"Curse of Frankenstein, The",1,1950,2.9215686274509802,51,1.2937254307603598,Popular,horror,"horror curse of frankenstein, the"
2653,Son of Dracula (1943),Horror,1943,Son of Dracula,1,1940,2.761904761904762,42,1.2058702719031174,Moderate,horror,horror son of dracula
2654,"Wolf Man, The (1941)",Horror,1941,"Wolf Man, The",1,1940,3.7611940298507465,134,0.9591592847373808,Popular,horror,"horror wolf man, the"
2655,Howling II: Your Sister Is a Werewolf (1985),Horror,1985,Howling II: Your Sister Is a Werewolf,1,1980,1.7659574468085106,47,1.0877333024598888,Moderate,horror,horror howling ii: your sister is a werewolf
2656,Tarantula (1955),Horror|Sci-Fi,1955,Tarantula,2,1950,2.774193548387097,62,1.1511840638273938,Popular,horror|scifi,horror|sci-fi tarantula
2657,"Rocky Horror Picture Show, The (1975)",Comedy|Horror|Musical|Sci-Fi,1975,"Rocky Horror Picture Show, The",4,1970,3.291159772911598,1233,1.2601772839374212,Blockbuster,comedy|horror|musical|scifi,"comedy|horror|musical|sci-fi rocky horror picture show, the"
2658,"Flying Saucer, The (1950)",Sci-Fi,1950,"Flying Saucer, The",1,1950,3.090909090909091,11,1.300349603340998,Moderate,scifi,"sci-fi flying saucer, the"
2659,It Came from Hollywood (1982),Comedy|Documentary,1982,It Came from Hollywood,2,1980,3.1739130434782608,46,1.017717442255232,Moderate,comedy|documentary,comedy|documentary it came from hollywood
2660,"Thing From Another World, The (1951)",Sci-Fi,1951,"Thing From Another World, The",1,1950,3.8962962962962964,135,1.1013836214973411,Popular,scifi,"sci-fi thing from another world, the"
2661,It Came from Outer Space (1953),Sci-Fi,1953,It Came from Outer Space,1,1950,3.3617021276595747,94,1.13451295816905,Popular,scifi,sci-fi it came from outer space
2662,"War of the Worlds, The (1953)",Action|Sci-Fi|War,1953,"War of the Worlds, The",3,1950,3.8584070796460175,565,0.8758709610298321,Blockbuster,action|scifi|war,"action|sci-fi|war war of the worlds, the"
2663,It Came from Beneath the Sea (1955),Sci-Fi,1955,It Came from Beneath the Sea,1,1950,3.0754716981132075,53,1.0714665830564558,Popular,scifi,sci-fi it came from beneath the sea
2664,Invasion of the Body Snatchers (1956),Horror|Sci-Fi,1956,Invasion of the Body Snatchers,2,1950,3.912420382165605,628,0.9832594957970826,Blockbuster,horror|scifi,horror|sci-fi invasion of the body snatchers
2665,Earth Vs. the Flying Saucers (1956),Sci-Fi,1956,Earth Vs. the Flying Saucers,1,1950,3.4225352112676055,71,1.1040441480689585,Popular,scifi,sci-fi earth vs. the flying saucers
2666,It Conquered the World (1956),Sci-Fi,1956,It Conquered the World,1,1950,3.2142857142857144,28,1.2279806626883454,Moderate,scifi,sci-fi it conquered the world
2667,"Mole People, The (1956)",Sci-Fi,1956,"Mole People, The",1,1950,2.6206896551724137,58,1.18214177032802,Popular,scifi,"sci-fi mole people, the"
2668,Swamp Thing (1982),Horror|Sci-Fi,1982,Swamp Thing,2,1980,2.5347985347985347,273,0.9508498789771107,Blockbuster,horror|scifi,horror|sci-fi swamp thing
2669,Pork Chop Hill (1959),War,1959,Pork Chop Hill,1,1950,3.7383177570093458,107,0.9146238385273306,Popular,war,war pork chop hill
2670,"Run Silent, Run Deep (1958)",War,1958,"Run Silent, Run Deep",1,1950,4.0,220,0.7402332101976055,Blockbuster,war,"war run silent, run deep"
2671,Notting Hill (1999),Comedy|Romance,1999,Notting Hill,2,1990,3.6628205128205127,780,0.9957043777117507,Blockbuster,comedy|romance,comedy|romance notting hill
2672,"Thirteenth Floor, The (1999)",Drama|Sci-Fi|Thriller,1999,"Thirteenth Floor, The",3,1990,3.1892583120204603,391,1.017784024380073,Blockbuster,drama|scifi|thriller,"drama|sci-fi|thriller thirteenth floor, the"
2673,Eternity and a Day (Mia eoniotita ke mia mera ) (1998),Drama,1998,Eternity and a Day (Mia eoniotita ke mia mera ),1,1990,3.857142857142857,7,1.4638501094227998,Niche,drama,drama eternity and a day (mia eoniotita ke mia mera )
2674,"Loss of Sexual Innocence, The (1999)",Drama,1999,"Loss of Sexual Innocence, The",1,1990,2.6923076923076925,26,1.2575923272422034,Moderate,drama,"drama loss of sexual innocence, the"
2675,Twice Upon a Yesterday (1998),Comedy|Drama|Romance,1998,Twice Upon a Yesterday,3,1990,3.4,10,1.3498971154211057,Niche,comedy|drama|romance,comedy|drama|romance twice upon a yesterday
2676,Instinct (1999),Drama|Thriller,1999,Instinct,2,1990,3.1353383458646618,266,1.029980434965072,Blockbuster,drama|thriller,drama|thriller instinct
2677,Buena Vista Social Club (1999),Documentary,1999,Buena Vista Social Club,1,1990,4.056521739130435,230,1.002758678234327,Blockbuster,documentary,documentary buena vista social club
2678,Desert Blue (1999),Drama,1999,Desert Blue,1,1990,3.12,25,1.0923979738782628,Moderate,drama,drama desert blue
2679,Finding North (1999),Drama|Romance,1999,Finding North,2,1990,2.6,5,1.1401754250991378,Niche,drama|romance,drama|romance finding north
2681,Free Enterprise (1998),Comedy|Romance|Sci-Fi,1998,Free Enterprise,3,1990,3.604651162790698,43,1.198004986151499,Moderate,comedy|romance|scifi,comedy|romance|sci-fi free enterprise
2682,Limbo (1999),Drama,1999,Limbo,1,1990,4.056818181818182,88,0.8353945250833196,Popular,drama,drama limbo
2683,Austin Powers: The Spy Who Shagged Me (1999),Comedy,1999,Austin Powers: The Spy Who Shagged Me,1,1990,3.388423988842399,1434,1.1510630537350934,Blockbuster,comedy,comedy austin powers: the spy who shagged me
2686,"Red Violin, The (Le Violon rouge) (1998)",Drama|Mystery,1998,"Red Violin, The (Le Violon rouge)",2,1990,3.9622641509433962,583,0.9553339238451687,Blockbuster,drama|mystery,"drama|mystery red violin, the (le violon rouge)"
2687,Tarzan (1999),Animation|Children's,1999,Tarzan,2,1990,3.665158371040724,442,1.0328432444497586,Blockbuster,animation|childrens,animation|children's tarzan
2688,"General's Daughter, The (1999)",Drama|Thriller,1999,"General's Daughter, The",2,1990,3.141823444283647,691,0.9913402598562661,Blockbuster,drama|thriller,"drama|thriller general's daughter, the"
2689,Get Bruce (1999),Documentary,1999,Get Bruce,1,1990,3.3902439024390243,41,1.1153037429437733,Moderate,documentary,documentary get bruce
2690,"Ideal Husband, An (1999)",Comedy,1999,"Ideal Husband, An",1,1990,3.7,390,0.9565092920128591,Blockbuster,comedy,"comedy ideal husband, an"
2691,"Legend of 1900, The (Leggenda del pianista sull'oceano) (1998)",Drama,1998,"Legend of 1900, The (Leggenda del pianista sull'oceano)",1,1990,2.95,20,1.0990426455975697,Moderate,drama,"drama legend of 1900, the (leggenda del pianista sull'oceano)"
2692,Run Lola Run (Lola rennt) (1998),Action|Crime|Romance,1998,Run Lola Run (Lola rennt),3,1990,4.224813432835821,1072,0.871169064757172,Blockbuster,action|crime|romance,action|crime|romance run lola run (lola rennt)
2693,Trekkies (1997),Documentary,1997,Trekkies,1,1990,3.857142857142857,224,0.9644547506479529,Blockbuster,documentary,documentary trekkies
2694,Big Daddy (1999),Comedy,1999,Big Daddy,1,1990,3.1352718078381794,791,1.0747539704104643,Blockbuster,comedy,comedy big daddy
2695,"Boys, The (1997)",Drama,1997,"Boys, The",1,1990,2.1818181818181817,11,1.0787197799411874,Moderate,drama,"drama boys, the"
2696,"Dinner Game, The (Le Dîner de cons) (1998)",Comedy,1998,"Dinner Game, The (Le Dîner de cons)",1,1990,3.691358024691358,81,1.1580368658708795,Popular,comedy,"comedy dinner game, the (le dîner de cons)"
2697,My Son the Fanatic (1998),Comedy|Drama|Romance,1998,My Son the Fanatic,3,1990,3.7291666666666665,48,0.8688359376342709,Moderate,comedy|drama|romance,comedy|drama|romance my son the fanatic
2699,Arachnophobia (1990),Action|Comedy|Sci-Fi|Thriller,1990,Arachnophobia,4,1990,3.0029261155815656,1367,0.9717790569531247,Blockbuster,action|comedy|scifi|thriller,action|comedy|sci-fi|thriller arachnophobia
2700,"South Park: Bigger, Longer and Uncut (1999)",Animation|Comedy,1999,"South Park: Bigger, Longer and Uncut",2,1990,3.760441292356186,1269,1.2353795291863596,Blockbuster,animation|comedy,"animation|comedy south park: bigger, longer and uncut"
2701,Wild Wild West (1999),Action|Sci-Fi|Western,1999,Wild Wild West,3,1990,2.158536585365854,902,1.065204522676568,Blockbuster,action|scifi|western,action|sci-fi|western wild wild west
2702,Summer of Sam (1999),Drama,1999,Summer of Sam,1,1990,3.070886075949367,395,1.0495529503640162,Blockbuster,drama,drama summer of sam
2704,"Lovers on the Bridge, The (Les Amants du Pont-Neuf) (1991)",Drama|Romance,1991,"Lovers on the Bridge, The (Les Amants du Pont-Neuf)",2,1990,3.073170731707317,41,1.3113017178063757,Moderate,drama|romance,"drama|romance lovers on the bridge, the (les amants du pont-neuf)"
2705,"Late August, Early September (Fin août, début septembre) (1998)",Drama,1998,"Late August, Early September (Fin août, début septembre)",1,1990,2.7142857142857144,7,1.7994708216848745,Niche,drama,"drama late august, early september (fin août, début septembre)"
2706,American Pie (1999),Comedy,1999,American Pie,1,1990,3.7098632109431247,1389,1.0870189233756298,Blockbuster,comedy,comedy american pie
2707,Arlington Road (1999),Thriller,1999,Arlington Road,1,1990,3.504731861198738,634,1.0058955787504822,Blockbuster,thriller,thriller arlington road
2708,"Autumn Tale, An (Conte d'automne) (1998)",Romance,1998,"Autumn Tale, An (Conte d'automne)",1,1990,3.8297872340425534,47,0.9164949521000058,Moderate,romance,"romance autumn tale, an (conte d'automne)"
2709,Muppets From Space (1999),Children's|Comedy,1999,Muppets From Space,2,1990,3.1767241379310347,232,1.0925848265578109,Blockbuster,childrens|comedy,children's|comedy muppets from space
2710,"Blair Witch Project, The (1999)",Horror,1999,"Blair Witch Project, The",1,1990,3.0315278900565885,1237,1.316367713886072,Blockbuster,horror,"horror blair witch project, the"
2711,My Life So Far (1999),Drama,1999,My Life So Far,1,1990,3.5625,32,0.981687158630159,Moderate,drama,drama my life so far
2712,Eyes Wide Shut (1999),Drama,1999,Eyes Wide Shut,1,1990,3.201058201058201,945,1.259623523675699,Blockbuster,drama,drama eyes wide shut
2713,Lake Placid (1999),Horror|Thriller,1999,Lake Placid,2,1990,2.501187648456057,421,1.1076029525143496,Blockbuster,horror|thriller,horror|thriller lake placid
2714,"Wood, The (1999)",Drama,1999,"Wood, The",1,1990,3.2528735632183907,87,1.0025362117753536,Popular,drama,"drama wood, the"
2715,"Velocity of Gary, The (1998)",Comedy|Romance,1998,"Velocity of Gary, The",2,1990,2.227272727272727,22,1.109775532079227,Moderate,comedy|romance,"comedy|romance velocity of gary, the"
2716,Ghostbusters (1984),Comedy|Horror,1984,Ghostbusters,2,1980,3.9055479138010085,2181,0.8842513212848715,Blockbuster,comedy|horror,comedy|horror ghostbusters
2717,Ghostbusters II (1989),Comedy|Horror,1989,Ghostbusters II,2,1980,2.9061946902654867,565,0.9875360829964562,Blockbuster,comedy|horror,comedy|horror ghostbusters ii
2718,Drop Dead Gorgeous (1999),Comedy,1999,Drop Dead Gorgeous,1,1990,3.1305483028720626,383,1.161638787402928,Blockbuster,comedy,comedy drop dead gorgeous
2719,"Haunting, The (1999)",Horror|Thriller,1999,"Haunting, The",2,1990,2.3823529411764706,476,1.0725393033709965,Blockbuster,horror|thriller,"horror|thriller haunting, the"
2720,Inspector Gadget (1999),Action|Adventure|Children's|Comedy,1999,Inspector Gadget,4,1990,2.1662198391420913,373,1.0494422097194462,Blockbuster,action|adventure|childrens|comedy,action|adventure|children's|comedy inspector gadget
2721,Trick (1999),Romance,1999,Trick,1,1990,3.764705882352941,85,1.098126747211439,Popular,romance,romance trick
2722,Deep Blue Sea (1999),Action|Sci-Fi|Thriller,1999,Deep Blue Sea,3,1990,2.8729096989966556,598,1.0706540347767945,Blockbuster,action|scifi|thriller,action|sci-fi|thriller deep blue sea
2723,Mystery Men (1999),Action|Adventure|Comedy,1999,Mystery Men,3,1990,3.0105509964830013,853,1.1459794184460466,Blockbuster,action|adventure|comedy,action|adventure|comedy mystery men
2724,Runaway Bride (1999),Comedy|Romance,1999,Runaway Bride,2,1990,3.12,650,1.0375388681526974,Blockbuster,comedy|romance,comedy|romance runaway bride
2725,Twin Falls Idaho (1999),Drama,1999,Twin Falls Idaho,1,1990,3.7473684210526317,95,1.0207258686798142,Popular,drama,drama twin falls idaho
2726,"Killing, The (1956)",Crime|Film-Noir,1956,"Killing, The",2,1950,4.1692307692307695,130,0.8457688721467742,Popular,crime|filmnoir,"crime|film-noir killing, the"
2727,Killer's Kiss (1955),Film-Noir,1955,Killer's Kiss,1,1950,3.46875,32,0.7613390156652904,Moderate,filmnoir,film-noir killer's kiss
2728,Spartacus (1960),Drama,1960,Spartacus,1,1960,4.018779342723005,426,0.8702261575667842,Blockbuster,drama,drama spartacus
2729,Lolita (1962),Drama,1962,Lolita,1,1960,3.8656716417910446,201,0.8642139038697484,Blockbuster,drama,drama lolita
2730,Barry Lyndon (1975),Drama,1975,Barry Lyndon,1,1970,3.5502958579881656,169,1.1593883989268114,Popular,drama,drama barry lyndon
2731,"400 Blows, The (Les Quatre cents coups) (1959)",Drama,1959,"400 Blows, The (Les Quatre cents coups)",1,1950,4.320855614973262,187,0.8698926614713699,Popular,drama,"drama 400 blows, the (les quatre cents coups)"
2732,Jules and Jim (Jules et Jim) (1961),Drama,1961,Jules and Jim (Jules et Jim),1,1960,3.97972972972973,148,1.04633857629975,Popular,drama,drama jules and jim (jules et jim)
2733,Vibes (1988),Adventure|Comedy,1988,Vibes,2,1980,2.44,50,1.1979574453278075,Moderate,adventure|comedy,adventure|comedy vibes
2734,"Mosquito Coast, The (1986)",Drama,1986,"Mosquito Coast, The",1,1980,3.3583690987124464,466,0.9053631844355219,Blockbuster,drama,"drama mosquito coast, the"
2735,"Golden Child, The (1986)",Action|Adventure|Comedy,1986,"Golden Child, The",3,1980,2.89760348583878,459,0.971411618413929,Blockbuster,action|adventure|comedy,"action|adventure|comedy golden child, the"
2736,Brighton Beach Memoirs (1986),Comedy,1986,Brighton Beach Memoirs,1,1980,3.4355555555555557,225,0.8846800156885708,Blockbuster,comedy,comedy brighton beach memoirs
2737,Assassination (1987),Action,1987,Assassination,1,1980,2.9130434782608696,23,0.9960395884000188,Moderate,action,action assassination
2738,Crimes of the Heart (1986),Comedy|Drama,1986,Crimes of the Heart,2,1980,3.4556962025316458,79,0.9844622162591132,Popular,comedy|drama,comedy|drama crimes of the heart
2739,"Color Purple, The (1985)",Drama,1985,"Color Purple, The",1,1980,3.8555555555555556,450,1.0421101505834316,Blockbuster,drama,"drama color purple, the"
2740,"Kindred, The (1986)",Horror,1986,"Kindred, The",1,1980,2.6470588235294117,17,0.9963167462326072,Moderate,horror,"horror kindred, the"
2741,No Mercy (1986),Action|Thriller,1986,No Mercy,2,1980,3.0163934426229506,61,1.1179117925651754,Popular,action|thriller,action|thriller no mercy
2743,Native Son (1986),Drama,1986,Native Son,1,1980,3.375,24,0.7696696072652383,Moderate,drama,drama native son
2744,Otello (1986),Drama,1986,Otello,1,1980,3.6842105263157894,38,0.9330352433277146,Moderate,drama,drama otello
2745,"Mission, The (1986)",Drama,1986,"Mission, The",1,1980,3.8951965065502185,229,0.9447099159270534,Blockbuster,drama,"drama mission, the"
2746,Little Shop of Horrors (1986),Comedy|Horror|Musical,1986,Little Shop of Horrors,3,1980,3.3322649572649574,936,1.0504216613441286,Blockbuster,comedy|horror|musical,comedy|horror|musical little shop of horrors
2747,"Little Shop of Horrors, The (1960)",Comedy|Horror,1960,"Little Shop of Horrors, The",2,1960,3.311797752808989,356,1.0620077311171907,Blockbuster,comedy|horror,"comedy|horror little shop of horrors, the"
2748,Allan Quartermain and the Lost City of Gold (1987),Action|Adventure,1987,Allan Quartermain and the Lost City of Gold,2,1980,2.051094890510949,137,0.980104795441401,Popular,action|adventure,action|adventure allan quartermain and the lost city of gold
2749,"Morning After, The (1986)",Drama|Mystery,1986,"Morning After, The",2,1980,3.218390804597701,87,0.768951072873041,Popular,drama|mystery,"drama|mystery morning after, the"
2750,Radio Days (1987),Comedy|Drama,1987,Radio Days,2,1980,3.6982456140350877,285,0.9307900680222874,Blockbuster,comedy|drama,comedy|drama radio days
2751,From the Hip (1987),Comedy,1987,From the Hip,1,1980,2.814814814814815,54,1.029271111837485,Popular,comedy,comedy from the hip
2752,Outrageous Fortune (1987),Comedy|Mystery,1987,Outrageous Fortune,2,1980,2.962162162162162,185,0.9346445939707658,Popular,comedy|mystery,comedy|mystery outrageous fortune
2753,"Bedroom Window, The (1987)",Thriller,1987,"Bedroom Window, The",1,1980,3.491228070175439,57,0.826412362857496,Popular,thriller,"thriller bedroom window, the"
2754,Deadtime Stories (1987),Horror,1987,Deadtime Stories,1,1980,1.8333333333333333,12,0.937436866561092,Moderate,horror,horror deadtime stories
2755,Light of Day (1987),Drama,1987,Light of Day,1,1980,2.6774193548387095,31,1.0766335425511488,Moderate,drama,drama light of day
2756,Wanted: Dead or Alive (1987),Action,1987,Wanted: Dead or Alive,1,1980,3.21875,32,0.8321900759926455,Moderate,action,action wanted: dead or alive
2757,Frances (1982),Drama,1982,Frances,1,1980,3.8222222222222224,135,0.7809931169710901,Popular,drama,drama frances
2758,Plenty (1985),Drama,1985,Plenty,1,1980,2.838709677419355,31,1.003220620254202,Moderate,drama,drama plenty
2759,Dick (1999),Comedy,1999,Dick,1,1990,3.3511627906976744,430,0.9941254237030657,Blockbuster,comedy,comedy dick
2760,"Gambler, The (A Játékos) (1997)",Drama,1997,"Gambler, The (A Játékos)",1,1990,3.4285714285714284,7,1.5118578920369088,Niche,drama,"drama gambler, the (a játékos)"
2761,"Iron Giant, The (1999)",Animation|Children's,1999,"Iron Giant, The",2,1990,4.0474777448071215,674,0.9398560733339559,Blockbuster,animation|childrens,"animation|children's iron giant, the"
2762,"Sixth Sense, The (1999)",Thriller,1999,"Sixth Sense, The",1,1990,4.406262708418057,2459,0.8010224229107727,Blockbuster,thriller,"thriller sixth sense, the"
2763,"Thomas Crown Affair, The (1999)",Action|Thriller,1999,"Thomas Crown Affair, The",2,1990,3.6418732782369148,1089,0.9434032663169153,Blockbuster,action|thriller,"action|thriller thomas crown affair, the"
2764,"Thomas Crown Affair, The (1968)",Crime|Drama|Thriller,1968,"Thomas Crown Affair, The",3,1960,3.6,280,1.0355681695049128,Blockbuster,crime|drama|thriller,"crime|drama|thriller thomas crown affair, the"
2765,"Acid House, The (1998)",Comedy|Drama,1998,"Acid House, The",2,1990,2.7142857142857144,7,1.3801311186847083,Niche,comedy|drama,"comedy|drama acid house, the"
2766,"Adventures of Sebastian Cole, The (1998)",Comedy|Drama,1998,"Adventures of Sebastian Cole, The",2,1990,3.515151515151515,33,0.8703882797784891,Moderate,comedy|drama,"comedy|drama adventures of sebastian cole, the"
2767,Illuminata (1998),Comedy,1998,Illuminata,1,1990,3.08,25,1.2556538801224908,Moderate,comedy,comedy illuminata
2768,Stiff Upper Lips (1998),Comedy,1998,Stiff Upper Lips,1,1990,3.230769230769231,13,1.1657505560686467,Moderate,comedy,comedy stiff upper lips
2769,"Yards, The (1999)",Crime|Mystery,1999,"Yards, The",2,1990,3.220779220779221,77,1.071439963484663,Popular,crime|mystery,"crime|mystery yards, the"
2770,Bowfinger (1999),Comedy,1999,Bowfinger,1,1990,3.2620320855614975,935,0.991830731654454,Blockbuster,comedy,comedy bowfinger
2771,Brokedown Palace (1999),Drama,1999,Brokedown Palace,1,1990,2.888888888888889,171,1.0258106948649666,Popular,drama,drama brokedown palace
2772,Detroit Rock City (1999),Comedy,1999,Detroit Rock City,1,1990,3.032520325203252,246,1.1060867541691588,Blockbuster,comedy,comedy detroit rock city
2773,Alice and Martin (Alice et Martin) (1998),Drama,1998,Alice and Martin (Alice et Martin),1,1990,2.9285714285714284,14,1.3280573269766118,Moderate,drama,drama alice and martin (alice et martin)
2774,Better Than Chocolate (1999),Comedy|Romance,1999,Better Than Chocolate,2,1990,3.514705882352941,68,1.1780663014920467,Popular,comedy|romance,comedy|romance better than chocolate
2775,Head On (1998),Drama,1998,Head On,1,1990,3.2857142857142856,14,1.266647387553302,Moderate,drama,drama head on
2776,"Marcello Mastroianni: I Remember Yes, I Remember (1997)",Documentary,1997,"Marcello Mastroianni: I Remember Yes, I Remember",1,1990,3.769230769230769,13,1.3634420996046581,Moderate,documentary,"documentary marcello mastroianni: i remember yes, i remember"
2777,Cobra (1925),Drama,1925,Cobra,1,1920,2.0,5,1.4142135623730951,Niche,drama,drama cobra
2778,Never Talk to Strangers (1995),Thriller,1995,Never Talk to Strangers,1,1990,2.5517241379310347,29,0.8695732490526489,Moderate,thriller,thriller never talk to strangers
2779,Heaven Can Wait (1978),Comedy,1978,Heaven Can Wait,1,1970,3.6202898550724636,345,0.8647791272895168,Blockbuster,comedy,comedy heaven can wait
2780,"Raven, The (1963)",Comedy|Horror,1963,"Raven, The",2,1960,3.182926829268293,82,1.134509724756734,Popular,comedy|horror,"comedy|horror raven, the"
2781,"Tingler, The (1959)",Horror,1959,"Tingler, The",1,1950,3.1746031746031744,63,1.12936868661759,Popular,horror,"horror tingler, the"
2782,Pit and the Pendulum (1961),Horror,1961,Pit and the Pendulum,1,1960,3.5046728971962615,107,0.984539273301783,Popular,horror,horror pit and the pendulum
2783,"Tomb of Ligeia, The (1965)",Horror,1965,"Tomb of Ligeia, The",1,1960,2.6,10,0.9660917830792958,Niche,horror,"horror tomb of ligeia, the"
2784,"Masque of the Red Death, The (1964)",Horror,1964,"Masque of the Red Death, The",1,1960,3.2063492063492065,63,1.0185177427109957,Popular,horror,"horror masque of the red death, the"
2785,Tales of Terror (1962),Horror,1962,Tales of Terror,1,1960,3.04,25,1.171893055416463,Moderate,horror,horror tales of terror
2786,Haunted Honeymoon (1986),Comedy,1986,Haunted Honeymoon,1,1980,2.4166666666666665,72,1.1475632481265268,Popular,comedy,comedy haunted honeymoon
2787,Cat's Eye (1985),Horror,1985,Cat's Eye,1,1980,2.9012345679012346,162,0.8719926245001911,Popular,horror,horror cat's eye
2788,And Now for Something Completely Different (1971),Comedy,1971,And Now for Something Completely Different,1,1970,4.137472283813747,451,0.8048142896946928,Blockbuster,comedy,comedy and now for something completely different
2789,Damien: Omen II (1978),Horror,1978,Damien: Omen II,1,1970,2.993939393939394,165,1.02110037308497,Popular,horror,horror damien: omen ii
2790,"Final Conflict, The (a.k.a. Omen III: The Final Conflict) (1981)",Horror,1981,"Final Conflict, The (a.k.a. Omen III: The Final Conflict)",1,1980,2.6557377049180326,61,0.9641100542579729,Popular,horror,"horror final conflict, the (a.k.a. omen iii: the final conflict)"
2791,Airplane! (1980),Comedy,1980,Airplane!,1,1980,3.9711149624494513,1731,0.983845160323899,Blockbuster,comedy,comedy airplane!
2792,Airplane II: The Sequel (1982),Comedy,1982,Airplane II: The Sequel,1,1980,2.9802867383512543,558,1.0420108599125526,Blockbuster,comedy,comedy airplane ii: the sequel
2793,"American Werewolf in Paris, An (1997)",Comedy|Horror,1997,"American Werewolf in Paris, An",2,1990,2.7547169811320753,265,1.1265672648238412,Blockbuster,comedy|horror,"comedy|horror american werewolf in paris, an"
2794,European Vacation (1985),Comedy,1985,European Vacation,1,1980,2.9220779220779223,385,1.0917092123496095,Blockbuster,comedy,comedy european vacation
2795,Vacation (1983),Comedy,1983,Vacation,1,1980,3.841530054644809,549,0.948695911255565,Blockbuster,comedy,comedy vacation
2796,Funny Farm (1988),Comedy,1988,Funny Farm,1,1980,2.95,240,1.0812204478753469,Blockbuster,comedy,comedy funny farm
2797,Big (1988),Comedy|Fantasy,1988,Big,2,1980,3.8558014755197854,1491,0.8853760878504783,Blockbuster,comedy|fantasy,comedy|fantasy big
2798,Problem Child (1990),Comedy,1990,Problem Child,1,1990,1.925,160,0.9748407384843972,Popular,comedy,comedy problem child
2799,Problem Child 2 (1991),Comedy,1991,Problem Child 2,1,1990,1.5555555555555556,99,1.0022650085642473,Popular,comedy,comedy problem child 2
2800,Little Nemo: Adventures in Slumberland (1992),Animation|Children's,1992,Little Nemo: Adventures in Slumberland,2,1990,3.0454545454545454,22,1.3965015038360862,Moderate,animation|childrens,animation|children's little nemo: adventures in slumberland
2801,Oscar and Lucinda (a.k.a. Oscar & Lucinda) (1997),Drama|Romance,1997,Oscar and Lucinda (a.k.a. Oscar & Lucinda),2,1990,3.5164835164835164,91,1.0683594626304114,Popular,drama|romance,drama|romance oscar and lucinda (a.k.a. oscar & lucinda)
2802,Tequila Sunrise (1988),Action|Romance|Thriller,1988,Tequila Sunrise,3,1980,3.088235294117647,306,0.8733159852132154,Blockbuster,action|romance|thriller,action|romance|thriller tequila sunrise
2803,"Pelican Brief, The (1993)",Thriller,1993,"Pelican Brief, The",1,1990,3.2745664739884393,346,0.961454491406984,Blockbuster,thriller,"thriller pelican brief, the"
2804,"Christmas Story, A (1983)",Comedy|Drama,1983,"Christmas Story, A",2,1980,4.238905325443787,1352,0.9006263055926309,Blockbuster,comedy|drama,"comedy|drama christmas story, a"
2805,Mickey Blue Eyes (1999),Comedy|Romance,1999,Mickey Blue Eyes,2,1990,2.8683035714285716,448,0.9497790991427556,Blockbuster,comedy|romance,comedy|romance mickey blue eyes
2806,Teaching Mrs. Tingle (1999),Comedy|Thriller,1999,Teaching Mrs. Tingle,2,1990,2.6331658291457285,199,1.073606932773435,Popular,comedy|thriller,comedy|thriller teaching mrs. tingle
2807,Universal Soldier: The Return (1999),Action|Sci-Fi,1999,Universal Soldier: The Return,2,1990,1.7582417582417582,91,0.8861986150677427,Popular,action|scifi,action|sci-fi universal soldier: the return
2808,Universal Soldier (1992),Action|Sci-Fi,1992,Universal Soldier,2,1990,2.512,375,1.0259937142128495,Blockbuster,action|scifi,action|sci-fi universal soldier
2809,Love Stinks (1999),Comedy,1999,Love Stinks,1,1990,2.55,20,1.190974832912761,Moderate,comedy,comedy love stinks
2810,Perfect Blue (1997),Animation|Mystery,1997,Perfect Blue,2,1990,3.926829268292683,41,1.1043152607484654,Moderate,animation|mystery,animation|mystery perfect blue
2812,In Too Deep (1999),Action|Thriller,1999,In Too Deep,2,1990,3.239130434782609,46,0.9703328777897855,Moderate,action|thriller,action|thriller in too deep
2813,"Source, The (1999)",Documentary,1999,"Source, The",1,1990,3.6551724137931036,29,1.2327629267209237,Moderate,documentary,"documentary source, the"
2814,"Bat, The (1959)",Horror,1959,"Bat, The",1,1950,2.625,8,0.5175491695067657,Niche,horror,"horror bat, the"
2815,Iron Eagle (1986),Action|War,1986,Iron Eagle,2,1980,2.5940959409594098,271,0.9876094472972957,Blockbuster,action|war,action|war iron eagle
2816,Iron Eagle II (1988),Action|War,1988,Iron Eagle II,2,1980,1.864864864864865,148,0.8463498950667941,Popular,action|war,action|war iron eagle ii
2817,Aces: Iron Eagle III (1992),Action|War,1992,Aces: Iron Eagle III,2,1990,1.64,125,0.9537701082309292,Popular,action|war,action|war aces: iron eagle iii
2818,Iron Eagle IV (1995),Action|War,1995,Iron Eagle IV,2,1990,1.603448275862069,58,0.8364430785136946,Popular,action|war,action|war iron eagle iv
2819,Three Days of the Condor (1975),Thriller,1975,Three Days of the Condor,1,1970,4.040752351097178,319,0.7657573622553222,Blockbuster,thriller,thriller three days of the condor
2820,Hamlet (1964),Drama,1964,Hamlet,1,1960,3.5660377358490565,53,1.1008638908788535,Popular,drama,drama hamlet
2822,Medicine Man (1992),Adventure|Romance,1992,Medicine Man,2,1990,3.049429657794677,263,1.0006818561785742,Blockbuster,adventure|romance,adventure|romance medicine man
2824,On the Ropes (1999),Documentary,1999,On the Ropes,1,1990,3.9285714285714284,14,0.7300459115473718,Moderate,documentary,documentary on the ropes
2826,"13th Warrior, The (1999)",Action|Horror|Thriller,1999,"13th Warrior, The",3,1990,3.1586666666666665,750,1.1404205222251302,Blockbuster,action|horror|thriller,"action|horror|thriller 13th warrior, the"
2827,"Astronaut's Wife, The (1999)",Sci-Fi|Thriller,1999,"Astronaut's Wife, The",2,1990,2.442073170731707,328,1.0621359102663732,Blockbuster,scifi|thriller,"sci-fi|thriller astronaut's wife, the"
2828,Dudley Do-Right (1999),Children's|Comedy,1999,Dudley Do-Right,2,1990,2.1074380165289255,121,1.0785920830150295,Popular,childrens|comedy,children's|comedy dudley do-right
2829,"Muse, The (1999)",Comedy|Drama,1999,"Muse, The",2,1990,2.9554140127388533,157,1.02121062548196,Popular,comedy|drama,"comedy|drama muse, the"
2830,Cabaret Balkan (Bure Baruta) (1998),Drama,1998,Cabaret Balkan (Bure Baruta),1,1990,3.5454545454545454,11,1.3684762594679063,Moderate,drama,drama cabaret balkan (bure baruta)
2831,"Dog of Flanders, A (1999)",Drama,1999,"Dog of Flanders, A",1,1990,3.25,8,1.2817398889233114,Niche,drama,"drama dog of flanders, a"
2833,Lucie Aubrac (1997),Romance|War,1997,Lucie Aubrac,2,1990,3.6666666666666665,6,1.3662601021279461,Niche,romance|war,romance|war lucie aubrac
2834,"Very Thought of You, The (1998)",Comedy|Romance,1998,"Very Thought of You, The",2,1990,3.5555555555555554,18,1.293523333527109,Moderate,comedy|romance,"comedy|romance very thought of you, the"
2835,Chill Factor (1999),Action|Thriller,1999,Chill Factor,2,1990,2.5357142857142856,56,0.9716768208390296,Popular,action|thriller,action|thriller chill factor
2836,Outside Providence (1999),Comedy,1999,Outside Providence,1,1990,3.294478527607362,163,0.8601788167342371,Popular,comedy,comedy outside providence
2837,Bedrooms & Hallways (1998),Comedy|Romance,1998,Bedrooms & Hallways,2,1990,3.380952380952381,21,1.1608699529314417,Moderate,comedy|romance,comedy|romance bedrooms & hallways
2839,West Beirut (West Beyrouth) (1998),Drama,1998,West Beirut (West Beyrouth),1,1990,4.3,10,0.6749485577105528,Niche,drama,drama west beirut (west beyrouth)
2840,Stigmata (1999),Thriller,1999,Stigmata,1,1990,2.899761336515513,419,1.134274609727245,Blockbuster,thriller,thriller stigmata
2841,Stir of Echoes (1999),Thriller,1999,Stir of Echoes,1,1990,3.6262833675564683,487,0.8772191997875327,Blockbuster,thriller,thriller stir of echoes
2842,Best Laid Plans (1999),Crime|Drama,1999,Best Laid Plans,2,1990,3.4523809523809526,42,0.9422956128876774,Moderate,crime|drama,crime|drama best laid plans
2843,"Black Cat, White Cat (Crna macka, beli macor) (1998)",Comedy|Romance,1998,"Black Cat, White Cat (Crna macka, beli macor)",2,1990,3.869565217391304,23,1.0576280419404613,Moderate,comedy|romance,"comedy|romance black cat, white cat (crna macka, beli macor)"
2844,"Minus Man, The (1999)",Drama|Mystery,1999,"Minus Man, The",2,1990,3.180722891566265,83,1.0836318598307813,Popular,drama|mystery,"drama|mystery minus man, the"
2846,"Adventures of Milo and Otis, The (1986)",Children's,1986,"Adventures of Milo and Otis, The",1,1980,3.3674698795180724,166,0.9926528196199209,Popular,childrens,"children's adventures of milo and otis, the"
2847,Only Angels Have Wings (1939),Drama,1939,Only Angels Have Wings,1,1930,3.909090909090909,33,0.9139076937674137,Moderate,drama,drama only angels have wings
2848,Othello (1952),Drama,1952,Othello,1,1950,3.951219512195122,41,0.9206307487857202,Moderate,drama,drama othello
2849,Queens Logic (1991),Comedy|Drama,1991,Queens Logic,2,1990,2.8,30,0.9965457582448797,Moderate,comedy|drama,comedy|drama queens logic
2850,Public Access (1993),Drama|Thriller,1993,Public Access,2,1990,2.7142857142857144,7,1.3801311186847085,Niche,drama|thriller,drama|thriller public access
2851,Saturn 3 (1979),Adventure|Sci-Fi|Thriller,1979,Saturn 3,3,1970,2.443609022556391,133,0.9326853852166682,Popular,adventure|scifi|thriller,adventure|sci-fi|thriller saturn 3
2852,"Soldier's Story, A (1984)",Drama,1984,"Soldier's Story, A",1,1980,3.7378048780487805,164,0.7252061680885838,Popular,drama,"drama soldier's story, a"
2853,"Communion (a.k.a. Alice, Sweet Alice/Holy Terror) (1977)",Horror,1977,"Communion (a.k.a. Alice, Sweet Alice/Holy Terror)",1,1970,2.892857142857143,28,1.1333099904225385,Moderate,horror,"horror communion (a.k.a. alice, sweet alice/holy terror)"
2854,Don't Look in the Basement! (1973),Horror,1973,Don't Look in the Basement!,1,1970,2.3636363636363638,11,1.0269106361049412,Moderate,horror,horror don't look in the basement!
2855,Nightmares (1983),Horror,1983,Nightmares,1,1980,2.3,10,0.8232726023485646,Niche,horror,horror nightmares
2856,I Saw What You Did (1965),Thriller,1965,I Saw What You Did,1,1960,2.7777777777777777,90,1.1394634828348413,Popular,thriller,thriller i saw what you did
2857,Yellow Submarine (1968),Animation|Musical,1968,Yellow Submarine,2,1960,3.6967418546365916,399,1.0754288199417832,Blockbuster,animation|musical,animation|musical yellow submarine
2858,American Beauty (1999),Comedy|Drama,1999,American Beauty,2,1990,4.3173862310385065,3428,0.975133456726425,Blockbuster,comedy|drama,comedy|drama american beauty
2859,Stop Making Sense (1984),Documentary,1984,Stop Making Sense,1,1980,4.2343096234309625,239,0.7748099823650613,Blockbuster,documentary,documentary stop making sense
2860,Blue Streak (1999),Comedy,1999,Blue Streak,1,1990,3.2578125,128,0.997998735659496,Popular,comedy,comedy blue streak
2861,For Love of the Game (1999),Comedy|Drama,1999,For Love of the Game,2,1990,3.152542372881356,354,1.2110945016666368,Blockbuster,comedy|drama,comedy|drama for love of the game
2862,Caligula (1980),Drama,1980,Caligula,1,1980,2.5842696629213484,89,1.1755945184927123,Popular,drama,drama caligula
2863,"Hard Day's Night, A (1964)",Comedy|Musical,1964,"Hard Day's Night, A",2,1960,3.88996138996139,518,1.0074459723914788,Blockbuster,comedy|musical,"comedy|musical hard day's night, a"
2864,Splendor (1999),Comedy,1999,Splendor,1,1990,2.8214285714285716,28,1.3067792306552617,Moderate,comedy,comedy splendor
2865,Sugar Town (1999),Comedy,1999,Sugar Town,1,1990,3.05,20,0.9986833437344548,Moderate,comedy,comedy sugar town
2866,"Buddy Holly Story, The (1978)",Drama,1978,"Buddy Holly Story, The",1,1970,3.6884422110552766,199,0.7676654136406935,Popular,drama,"drama buddy holly story, the"
2867,Fright Night (1985),Comedy|Horror,1985,Fright Night,2,1980,3.434640522875817,306,1.003588333174345,Blockbuster,comedy|horror,comedy|horror fright night
2868,Fright Night Part II (1989),Horror,1989,Fright Night Part II,1,1980,2.3015873015873014,63,0.9441657972725847,Popular,horror,horror fright night part ii
2870,Barefoot in the Park (1967),Comedy,1967,Barefoot in the Park,1,1960,3.5906735751295336,193,0.7992939997899223,Popular,comedy,comedy barefoot in the park
2871,Deliverance (1972),Adventure|Thriller,1972,Deliverance,2,1970,3.9410150891632374,729,0.9306027593184565,Blockbuster,adventure|thriller,adventure|thriller deliverance
2872,Excalibur (1981),Action|Drama|Fantasy|Romance,1981,Excalibur,4,1980,3.81266846361186,742,0.9698288706691156,Blockbuster,action|drama|fantasy|romance,action|drama|fantasy|romance excalibur
2873,Lulu on the Bridge (1998),Drama|Mystery|Romance,1998,Lulu on the Bridge,3,1990,2.6818181818181817,22,0.8387271329003273,Moderate,drama|mystery|romance,drama|mystery|romance lulu on the bridge
2874,"Pajama Game, The (1957)",Comedy,1957,"Pajama Game, The",1,1950,3.5223880597014925,67,0.9432087232489133,Popular,comedy,"comedy pajama game, the"
2875,Sommersby (1993),Drama|Mystery|Romance,1993,Sommersby,3,1990,3.2577319587628866,291,1.0499098534254943,Blockbuster,drama|mystery|romance,drama|mystery|romance sommersby
2876,Thumbelina (1994),Animation|Children's,1994,Thumbelina,2,1990,2.6511627906976742,43,1.232181977326876,Moderate,animation|childrens,animation|children's thumbelina
2877,Tommy (1975),Drama|Musical,1975,Tommy,2,1970,3.014218009478673,211,1.0532429421091245,Blockbuster,drama|musical,drama|musical tommy
2878,Hell Night (1981),Horror,1981,Hell Night,1,1980,2.264705882352941,34,1.162776810429861,Moderate,horror,horror hell night
2879,Operation Condor (Feiying gaiwak) (1990),Action|Adventure|Comedy,1990,Operation Condor (Feiying gaiwak),3,1990,3.4634146341463414,164,0.9489435126570898,Popular,action|adventure|comedy,action|adventure|comedy operation condor (feiying gaiwak)
2880,Operation Condor 2 (Longxiong hudi) (1990),Action|Adventure|Comedy,1990,Operation Condor 2 (Longxiong hudi),3,1990,3.4583333333333335,72,1.0337610806327473,Popular,action|adventure|comedy,action|adventure|comedy operation condor 2 (longxiong hudi)
2881,Double Jeopardy (1999),Action|Thriller,1999,Double Jeopardy,2,1990,3.2010178117048347,786,1.0492576603956243,Blockbuster,action|thriller,action|thriller double jeopardy
2882,Jakob the Liar (1999),Drama,1999,Jakob the Liar,1,1990,2.7966101694915255,118,1.2780816422827384,Popular,drama,drama jakob the liar
2883,Mumford (1999),Comedy,1999,Mumford,1,1990,3.5487364620938626,277,0.9452245683666713,Blockbuster,comedy,comedy mumford
2884,Dog Park (1998),Comedy|Romance,1998,Dog Park,2,1990,2.5714285714285716,42,0.8873874272227613,Moderate,comedy|romance,comedy|romance dog park
2885,Guinevere (1999),Drama|Romance,1999,Guinevere,2,1990,3.360655737704918,61,0.9315361307225447,Popular,drama|romance,drama|romance guinevere
2886,"Adventures of Elmo in Grouchland, The (1999)",Children's|Comedy,1999,"Adventures of Elmo in Grouchland, The",2,1990,2.242424242424242,33,1.3469944095629867,Moderate,childrens|comedy,"children's|comedy adventures of elmo in grouchland, the"
2888,Drive Me Crazy (1999),Comedy|Romance,1999,Drive Me Crazy,2,1990,2.7815126050420167,119,1.215435081935308,Popular,comedy|romance,comedy|romance drive me crazy
2889,"Mystery, Alaska (1999)",Comedy,1999,"Mystery, Alaska",1,1990,3.4355400696864113,287,0.9544842478180885,Blockbuster,comedy,"comedy mystery, alaska"
2890,Three Kings (1999),Drama|War,1999,Three Kings,2,1990,3.8070519098922624,1021,0.9955731555677033,Blockbuster,drama|war,drama|war three kings
2891,"Happy, Texas (1999)",Comedy,1999,"Happy, Texas",1,1990,3.4918918918918918,185,1.0006460897563987,Popular,comedy,"comedy happy, texas"
2892,New Rose Hotel (1998),Action|Drama,1998,New Rose Hotel,2,1990,2.5,12,1.3142574813455417,Moderate,action|drama,action|drama new rose hotel
2893,Plunkett & MaCleane (1999),Action|Drama,1999,Plunkett & MaCleane,2,1990,2.880952380952381,42,1.3288979654417294,Moderate,action|drama,action|drama plunkett & macleane
2894,Romance (1999),Drama|Romance,1999,Romance,2,1990,2.625,32,0.9755064854862866,Moderate,drama|romance,drama|romance romance
2896,Alvarez Kelly (1966),Western,1966,Alvarez Kelly,1,1960,3.3214285714285716,28,0.9048663264720757,Moderate,western,western alvarez kelly
2897,And the Ship Sails On (E la nave va) (1984),Comedy|War,1984,And the Ship Sails On (E la nave va),2,1980,3.25,20,1.2513150976809202,Moderate,comedy|war,comedy|war and the ship sails on (e la nave va)
2898,"Dark Half, The (1993)",Horror|Mystery,1993,"Dark Half, The",2,1990,2.7450980392156863,102,1.0116771146727364,Popular,horror|mystery,"horror|mystery dark half, the"
2899,Gulliver's Travels (1939),Adventure|Animation|Children's,1939,Gulliver's Travels,3,1930,3.547008547008547,117,0.9693201180753596,Popular,adventure|animation|childrens,adventure|animation|children's gulliver's travels
2900,Monkey Shines (1988),Horror|Sci-Fi,1988,Monkey Shines,2,1980,2.6832298136645965,161,1.1091796532147487,Popular,horror|scifi,horror|sci-fi monkey shines
2901,Phantasm (1979),Horror|Sci-Fi,1979,Phantasm,2,1970,3.203030303030303,330,1.1609096235685756,Blockbuster,horror|scifi,horror|sci-fi phantasm
2902,Psycho II (1983),Horror|Thriller,1983,Psycho II,2,1980,2.4207317073170733,164,0.9844481254116517,Popular,horror|thriller,horror|thriller psycho ii
2903,Psycho III (1986),Horror|Thriller,1986,Psycho III,2,1980,2.0510204081632653,98,0.9456623596973104,Popular,horror|thriller,horror|thriller psycho iii
2904,Rain (1932),Drama,1932,Rain,1,1930,3.764705882352941,17,1.200490095997562,Moderate,drama,drama rain
2905,Sanjuro (1962),Action|Adventure,1962,Sanjuro,2,1960,4.608695652173913,69,0.5994456091783236,Popular,action|adventure,action|adventure sanjuro
2906,Random Hearts (1999),Drama|Romance,1999,Random Hearts,2,1990,2.328,250,1.0357156112124777,Blockbuster,drama|romance,drama|romance random hearts
2907,Superstar (1999),Comedy,1999,Superstar,1,1990,2.4460093896713615,213,1.2374446966510906,Blockbuster,comedy,comedy superstar
2908,Boys Don't Cry (1999),Drama,1999,Boys Don't Cry,1,1990,4.014117647058823,850,1.0191514682498954,Blockbuster,drama,drama boys don't cry
2911,"Grandfather, The (El Abuelo) (1998)",Drama,1998,"Grandfather, The (El Abuelo)",1,1990,3.2857142857142856,7,1.3801311186847085,Niche,drama,"drama grandfather, the (el abuelo)"
2912,"Limey, The (1999)",Action|Crime|Drama,1999,"Limey, The",3,1990,3.679324894514768,474,1.0002720390716262,Blockbuster,action|crime|drama,"action|crime|drama limey, the"
2913,"Mating Habits of the Earthbound Human, The (1998)",Comedy,1998,"Mating Habits of the Earthbound Human, The",1,1990,3.2941176470588234,17,1.403776419268438,Moderate,comedy,"comedy mating habits of the earthbound human, the"
2914,Molly (1999),Comedy|Drama,1999,Molly,2,1990,2.1818181818181817,11,1.1677484162422844,Moderate,comedy|drama,comedy|drama molly
2915,Risky Business (1983),Comedy,1983,Risky Business,1,1980,3.6396713615023475,852,0.9059012093782746,Blockbuster,comedy,comedy risky business
2916,Total Recall (1990),Action|Adventure|Sci-Fi|Thriller,1990,Total Recall,4,1990,3.682364729458918,1996,0.9356806961519267,Blockbuster,action|adventure|scifi|thriller,action|adventure|sci-fi|thriller total recall
2917,Body Heat (1981),Crime|Thriller,1981,Body Heat,2,1980,4.031746031746032,504,0.8359374251173686,Blockbuster,crime|thriller,crime|thriller body heat
2918,Ferris Bueller's Day Off (1986),Comedy,1986,Ferris Bueller's Day Off,1,1980,4.11744738628649,1473,0.8623627813705966,Blockbuster,comedy,comedy ferris bueller's day off
2919,Year of Living Dangerously (1982),Drama|Romance,1982,Year of Living Dangerously,2,1980,3.895140664961637,391,0.880997056462714,Blockbuster,drama|romance,drama|romance year of living dangerously
2920,Children of Paradise (Les enfants du paradis) (1945),Drama|Romance,1945,Children of Paradise (Les enfants du paradis),2,1940,4.19,100,0.928722376453401,Popular,drama|romance,drama|romance children of paradise (les enfants du paradis)
2921,High Plains Drifter (1972),Western,1972,High Plains Drifter,1,1970,3.8832807570977916,317,0.8544029450118925,Blockbuster,western,western high plains drifter
2922,Hang 'em High (1967),Western,1967,Hang 'em High,1,1960,3.7468879668049793,241,0.7946701778492332,Blockbuster,western,western hang 'em high
2923,Citizen's Band (a.k.a. Handle with Care) (1977),Comedy,1977,Citizen's Band (a.k.a. Handle with Care),1,1970,3.411764705882353,17,0.7952062255644575,Moderate,comedy,comedy citizen's band (a.k.a. handle with care)
2924,Drunken Master (Zui quan) (1979),Action|Comedy,1979,Drunken Master (Zui quan),2,1970,3.9097744360902253,133,1.0477873267361122,Popular,action|comedy,action|comedy drunken master (zui quan)
2925,"Conformist, The (Il Conformista) (1970)",Drama,1970,"Conformist, The (Il Conformista)",1,1970,4.228070175438597,57,0.9639491661843318,Popular,drama,"drama conformist, the (il conformista)"
2926,Hairspray (1988),Comedy|Drama,1988,Hairspray,2,1980,3.350561797752809,445,1.0625826513168959,Blockbuster,comedy|drama,comedy|drama hairspray
2927,Brief Encounter (1946),Drama|Romance,1946,Brief Encounter,2,1940,4.08080808080808,99,0.9966962536173448,Popular,drama|romance,drama|romance brief encounter
2928,"Razor's Edge, The (1984)",Drama,1984,"Razor's Edge, The",1,1980,3.3376623376623376,77,1.020969477485797,Popular,drama,"drama razor's edge, the"
2929,Reds (1981),Drama,1981,Reds,1,1980,3.474418604651163,215,1.0971698986793876,Blockbuster,drama,drama reds
2930,Return with Honor (1998),Documentary,1998,Return with Honor,1,1990,4.4,5,0.8944271909999161,Niche,documentary,documentary return with honor
2931,Time of the Gypsies (Dom za vesanje) (1989),Drama,1989,Time of the Gypsies (Dom za vesanje),1,1980,4.3,10,1.0593499054713802,Niche,drama,drama time of the gypsies (dom za vesanje)
2932,Days of Heaven (1978),Drama,1978,Days of Heaven,1,1970,3.957627118644068,118,1.016059657349155,Popular,drama,drama days of heaven
2933,"Fire Within, The (Le Feu Follet) (1963)",Drama,1963,"Fire Within, The (Le Feu Follet)",1,1960,3.4444444444444446,9,1.3333333333333333,Niche,drama,"drama fire within, the (le feu follet)"
2934,"Love Bewitched, A (El Amor Brujo) (1986)",Musical,1986,"Love Bewitched, A (El Amor Brujo)",1,1980,2.4,5,1.5165750888103102,Niche,musical,"musical love bewitched, a (el amor brujo)"
2935,"Lady Eve, The (1941)",Comedy|Romance,1941,"Lady Eve, The",2,1940,4.1931034482758625,145,0.9376133392536393,Popular,comedy|romance,"comedy|romance lady eve, the"
2936,Sullivan's Travels (1942),Comedy,1942,Sullivan's Travels,1,1940,4.093167701863354,161,0.9340853964977243,Popular,comedy,comedy sullivan's travels
2937,"Palm Beach Story, The (1942)",Comedy,1942,"Palm Beach Story, The",1,1940,4.288461538461538,104,0.8205264344153145,Popular,comedy,"comedy palm beach story, the"
2938,Man Facing Southeast (Hombre Mirando al Sudeste) (1986),Drama,1986,Man Facing Southeast (Hombre Mirando al Sudeste),1,1980,3.7419354838709675,31,1.210171941929021,Moderate,drama,drama man facing southeast (hombre mirando al sudeste)
2939,Niagara (1953),Drama|Thriller,1953,Niagara,2,1950,3.5,52,0.9801960588196069,Popular,drama|thriller,drama|thriller niagara
2940,Gilda (1946),Film-Noir,1946,Gilda,1,1940,4.009345794392523,107,0.8954320882016696,Popular,filmnoir,film-noir gilda
2941,South Pacific (1958),Musical|Romance|War,1958,South Pacific,3,1950,3.6142857142857143,280,0.9434605278108473,Blockbuster,musical|romance|war,musical|romance|war south pacific
2942,Flashdance (1983),Drama|Romance,1983,Flashdance,2,1980,3.0994475138121547,362,1.050550428874673,Blockbuster,drama|romance,drama|romance flashdance
2943,Indochine (1992),Drama|Romance,1992,Indochine,2,1990,3.78125,160,0.8878769462589471,Popular,drama|romance,drama|romance indochine
2944,"Dirty Dozen, The (1967)",Action|War,1967,"Dirty Dozen, The",2,1960,4.0042432814710045,707,0.8253999546923992,Blockbuster,action|war,"action|war dirty dozen, the"
2945,Mike's Murder (1984),Mystery,1984,Mike's Murder,1,1980,2.6785714285714284,28,1.0202966681339751,Moderate,mystery,mystery mike's murder
2946,Help! (1965),Comedy|Musical,1965,Help!,2,1960,3.7731958762886597,291,0.9631681341300833,Blockbuster,comedy|musical,comedy|musical help!
2947,Goldfinger (1964),Action,1964,Goldfinger,1,1960,3.971014492753623,897,0.8420096978437596,Blockbuster,action,action goldfinger
2948,From Russia with Love (1963),Action,1963,From Russia with Love,1,1960,3.8897535667963683,771,0.8246440028276439,Blockbuster,action,action from russia with love
2949,Dr. No (1962),Action,1962,Dr. No,1,1960,3.874613003095975,646,0.8134943797071704,Blockbuster,action,action dr. no
2950,"Blue Lagoon, The (1980)",Adventure|Drama|Romance,1980,"Blue Lagoon, The",3,1980,2.332369942196532,346,1.0338859531860174,Blockbuster,adventure|drama|romance,"adventure|drama|romance blue lagoon, the"
2951,"Fistful of Dollars, A (1964)",Action|Western,1964,"Fistful of Dollars, A",2,1960,3.9942528735632186,522,0.8207748301018805,Blockbuster,action|western,"action|western fistful of dollars, a"
2952,"Hard 8 (a.k.a. Sydney, a.k.a. Hard Eight) (1996)",Crime|Thriller,1996,"Hard 8 (a.k.a. Sydney, a.k.a. Hard Eight)",2,1990,3.747311827956989,186,0.8978161369407631,Popular,crime|thriller,"crime|thriller hard 8 (a.k.a. sydney, a.k.a. hard eight)"
2953,Home Alone 2: Lost in New York (1992),Children's|Comedy,1992,Home Alone 2: Lost in New York,2,1990,2.3929618768328447,341,1.0755889064141433,Blockbuster,childrens|comedy,children's|comedy home alone 2: lost in new york
2956,Someone to Watch Over Me (1987),Action|Crime|Thriller,1987,Someone to Watch Over Me,3,1980,3.1347517730496453,141,0.9041164444285479,Popular,action|crime|thriller,action|crime|thriller someone to watch over me
2959,Fight Club (1999),Drama,1999,Fight Club,1,1990,4.077188146106134,1451,1.0800239229905064,Blockbuster,drama,drama fight club
2961,"Story of Us, The (1999)",Comedy|Drama,1999,"Story of Us, The",2,1990,2.817857142857143,280,1.1696746388977988,Blockbuster,comedy|drama,"comedy|drama story of us, the"
2962,Fever Pitch (1997),Comedy|Romance,1997,Fever Pitch,2,1990,3.4,10,1.3498971154211057,Niche,comedy|romance,comedy|romance fever pitch
2963,Joe the King (1999),Crime|Drama,1999,Joe the King,2,1990,3.7058823529411766,17,0.985184366143778,Moderate,crime|drama,crime|drama joe the king
2964,Julien Donkey-Boy (1999),Drama,1999,Julien Donkey-Boy,1,1990,3.3333333333333335,12,1.5569978883230458,Moderate,drama,drama julien donkey-boy
2965,"Omega Code, The (1999)",Action,1999,"Omega Code, The",1,1990,2.0277777777777777,72,1.0873436066560733,Popular,action,"action omega code, the"
2966,"Straight Story, The (1999)",Drama,1999,"Straight Story, The",1,1990,4.055944055944056,429,0.8999705896769685,Blockbuster,drama,"drama straight story, the"
2967,"Bad Seed, The (1956)",Drama|Thriller,1956,"Bad Seed, The",2,1950,3.748031496062992,127,0.9917797369472583,Popular,drama|thriller,"drama|thriller bad seed, the"
2968,Time Bandits (1981),Adventure|Fantasy|Sci-Fi,1981,Time Bandits,3,1980,3.6940594059405942,1010,0.9967560647232507,Blockbuster,adventure|fantasy|scifi,adventure|fantasy|sci-fi time bandits
2969,"Man and a Woman, A (Un Homme et une Femme) (1966)",Drama|Romance,1966,"Man and a Woman, A (Un Homme et une Femme)",2,1960,3.912087912087912,91,0.9960851330009861,Popular,drama|romance,"drama|romance man and a woman, a (un homme et une femme)"
2970,Fitzcarraldo (1982),Adventure|Drama,1982,Fitzcarraldo,2,1980,3.9591836734693877,98,0.8957904687226852,Popular,adventure|drama,adventure|drama fitzcarraldo
2971,All That Jazz (1979),Musical,1979,All That Jazz,1,1970,3.823343848580442,317,1.0096171343515727,Blockbuster,musical,musical all that jazz
2972,Red Sorghum (Hong Gao Liang) (1987),Drama|War,1987,Red Sorghum (Hong Gao Liang),2,1980,4.015384615384615,65,1.0382122207836966,Popular,drama|war,drama|war red sorghum (hong gao liang)
2973,Crimes and Misdemeanors (1989),Comedy,1989,Crimes and Misdemeanors,1,1980,4.05,460,0.8952184772469555,Blockbuster,comedy,comedy crimes and misdemeanors
2974,Bats (1999),Horror|Thriller,1999,Bats,2,1990,1.835820895522388,67,1.0673816012031803,Popular,horror|thriller,horror|thriller bats
2975,"Best Man, The (1999)",Drama,1999,"Best Man, The",1,1990,3.036036036036036,111,1.12757122675992,Popular,drama,"drama best man, the"
2976,Bringing Out the Dead (1999),Drama|Horror,1999,Bringing Out the Dead,2,1990,3.0718132854578095,557,1.1958617709195825,Blockbuster,drama|horror,drama|horror bringing out the dead
2977,Crazy in Alabama (1999),Comedy|Drama,1999,Crazy in Alabama,2,1990,2.911111111111111,45,1.2399087617134323,Moderate,comedy|drama,comedy|drama crazy in alabama
2978,Three to Tango (1999),Comedy|Romance,1999,Three to Tango,2,1990,2.8446601941747574,103,1.0170823472300663,Popular,comedy|romance,comedy|romance three to tango
2979,Body Shots (1999),Drama,1999,Body Shots,1,1990,2.189189189189189,37,1.1263963639717451,Moderate,drama,drama body shots
2981,"Brother, Can You Spare a Dime? (1975)",Documentary,1975,"Brother, Can You Spare a Dime?",1,1970,3.7333333333333334,15,1.2798809468443688,Moderate,documentary,"documentary brother, can you spare a dime?"
2982,"Guardian, The (1990)",Horror|Thriller,1990,"Guardian, The",2,1990,2.1052631578947367,38,0.9806085723261284,Moderate,horror|thriller,"horror|thriller guardian, the"
2983,"Ipcress File, The (1965)",Thriller,1965,"Ipcress File, The",1,1960,3.9876543209876543,81,0.901302212918811,Popular,thriller,"thriller ipcress file, the"
2984,On Any Sunday (1971),Documentary,1971,On Any Sunday,1,1970,3.4444444444444446,9,1.3333333333333333,Niche,documentary,documentary on any sunday
2985,Robocop (1987),Action|Crime|Sci-Fi,1987,Robocop,3,1980,3.451586655817738,1229,0.9936153698864353,Blockbuster,action|crime|scifi,action|crime|sci-fi robocop
2986,Robocop 2 (1990),Action|Crime|Sci-Fi,1990,Robocop 2,3,1990,2.3813387423935093,493,0.9818560452311494,Blockbuster,action|crime|scifi,action|crime|sci-fi robocop 2
2987,Who Framed Roger Rabbit? (1988),Adventure|Animation|Film-Noir,1988,Who Framed Roger Rabbit?,3,1980,3.6798221234018897,1799,0.964779520617792,Blockbuster,adventure|animation|filmnoir,adventure|animation|film-noir who framed roger rabbit?
2988,Melvin and Howard (1980),Drama,1980,Melvin and Howard,1,1980,3.638888888888889,108,0.7908156599990219,Popular,drama,drama melvin and howard
2989,For Your Eyes Only (1981),Action,1981,For Your Eyes Only,1,1980,3.501176470588235,425,0.8771865023029137,Blockbuster,action,action for your eyes only
2990,Licence to Kill (1989),Action,1989,Licence to Kill,1,1980,3.2,385,0.9677077726944912,Blockbuster,action,action licence to kill
2991,Live and Let Die (1973),Action,1973,Live and Let Die,1,1970,3.5924170616113744,422,0.8468128519153553,Blockbuster,action,action live and let die
2992,Rawhead Rex (1986),Horror|Thriller,1986,Rawhead Rex,2,1980,2.4838709677419355,31,1.2075034228229053,Moderate,horror|thriller,horror|thriller rawhead rex
2993,Thunderball (1965),Action,1965,Thunderball,1,1960,3.7054455445544554,404,0.8364346226218442,Blockbuster,action,action thunderball
2994,"City, The (1998)",Drama,1998,"City, The",1,1990,3.5,10,1.0801234497346435,Niche,drama,"drama city, the"
2995,"House on Haunted Hill, The (1999)",Horror,1999,"House on Haunted Hill, The",1,1990,2.30791788856305,341,1.0746663253703168,Blockbuster,horror,"horror house on haunted hill, the"
2996,Music of the Heart (1999),Drama,1999,Music of the Heart,1,1990,3.4285714285714284,133,1.1952286093343938,Popular,drama,drama music of the heart
2997,Being John Malkovich (1999),Comedy,1999,Being John Malkovich,1,1990,4.125390450691656,2241,1.0185260015256214,Blockbuster,comedy,comedy being john malkovich
2998,Dreaming of Joseph Lees (1998),Romance,1998,Dreaming of Joseph Lees,1,1990,3.5384615384615383,13,1.3301243435223526,Moderate,romance,romance dreaming of joseph lees
3000,"Princess Mononoke, The (Mononoke Hime) (1997)",Action|Adventure|Animation,1997,"Princess Mononoke, The (Mononoke Hime)",3,1990,4.147826086956521,345,0.9484701107898328,Blockbuster,action|adventure|animation,"action|adventure|animation princess mononoke, the (mononoke hime)"
3001,"Suburbans, The (1999)",Drama,1999,"Suburbans, The",1,1990,1.6666666666666667,6,0.5163977794943222,Niche,drama,"drama suburbans, the"
3002,My Best Fiend (Mein liebster Feind) (1999),Documentary,1999,My Best Fiend (Mein liebster Feind),1,1990,3.914285714285714,35,0.8868791472623199,Moderate,documentary,documentary my best fiend (mein liebster feind)
3003,Train of Life (Train De Vie) (1998),Comedy|Drama,1998,Train of Life (Train De Vie),2,1990,3.25,8,1.2817398889233114,Niche,comedy|drama,comedy|drama train of life (train de vie)
3004,"Bachelor, The (1999)",Comedy|Romance,1999,"Bachelor, The",2,1990,2.4801587301587302,252,1.0691263023616848,Blockbuster,comedy|romance,"comedy|romance bachelor, the"
3005,"Bone Collector, The (1999)",Thriller,1999,"Bone Collector, The",1,1990,3.3765625,640,0.9561991443205612,Blockbuster,thriller,"thriller bone collector, the"
3006,"Insider, The (1999)",Drama,1999,"Insider, The",1,1990,4.0588235294117645,884,0.8572792541944774,Blockbuster,drama,"drama insider, the"
3007,American Movie (1999),Documentary,1999,American Movie,1,1990,4.013559322033898,295,1.0431926445186288,Blockbuster,documentary,documentary american movie
3008,Last Night (1998),Thriller,1998,Last Night,1,1990,3.7254901960784315,51,1.0784884120387945,Popular,thriller,thriller last night
3010,Rosetta (1999),Drama,1999,Rosetta,1,1990,3.6,35,1.0346923384727063,Moderate,drama,drama rosetta
3011,"They Shoot Horses, Don't They? (1969)",Drama,1969,"They Shoot Horses, Don't They?",1,1960,3.610738255033557,149,0.949476451723799,Popular,drama,"drama they shoot horses, don't they?"
3012,Battling Butler (1926),Comedy,1926,Battling Butler,1,1920,3.4,10,1.5055453054181618,Niche,comedy,comedy battling butler
3013,Bride of Re-Animator (1990),Comedy|Horror,1990,Bride of Re-Animator,2,1990,2.8923076923076922,65,1.1608600922790626,Popular,comedy|horror,comedy|horror bride of re-animator
3014,Bustin' Loose (1981),Comedy,1981,Bustin' Loose,1,1980,2.9183673469387754,49,1.076969797895109,Moderate,comedy,comedy bustin' loose
3015,Coma (1978),Thriller,1978,Coma,1,1970,3.375,144,0.9074285500393807,Popular,thriller,thriller coma
3016,Creepshow (1982),Horror,1982,Creepshow,1,1980,3.1588366890380315,447,0.9178384080135719,Blockbuster,horror,horror creepshow
3017,Creepshow 2 (1987),Horror,1987,Creepshow 2,1,1980,2.5288461538461537,104,1.0516443967742215,Popular,horror,horror creepshow 2
3018,Re-Animator (1985),Horror,1985,Re-Animator,1,1980,3.475806451612903,248,1.2002949008585493,Blockbuster,horror,horror re-animator
3019,Drugstore Cowboy (1989),Crime|Drama,1989,Drugstore Cowboy,2,1980,3.920673076923077,416,0.9056478896859853,Blockbuster,crime|drama,crime|drama drugstore cowboy
3020,Falling Down (1993),Action|Drama,1993,Falling Down,2,1990,3.4522900763358777,524,1.023441548908071,Blockbuster,action|drama,action|drama falling down
3021,"Funhouse, The (1981)",Horror,1981,"Funhouse, The",1,1980,2.861111111111111,36,1.4373145152933704,Moderate,horror,"horror funhouse, the"
3022,"General, The (1927)",Comedy,1927,"General, The",1,1920,4.368932038834951,206,0.9105376729687439,Blockbuster,comedy,"comedy general, the"
3024,Piranha (1978),Horror|Sci-Fi,1978,Piranha,2,1970,2.347826086956522,161,1.0738998414960388,Popular,horror|scifi,horror|sci-fi piranha
3025,Rough Night in Jericho (1967),Western,1967,Rough Night in Jericho,1,1960,3.2857142857142856,14,0.9944903161976938,Moderate,western,western rough night in jericho
3026,Slaughterhouse (1987),Horror,1987,Slaughterhouse,1,1980,1.5,8,1.0690449676496976,Niche,horror,horror slaughterhouse
3027,Slaughterhouse 2 (1988),Horror,1988,Slaughterhouse 2,1,1980,1.1428571428571428,7,0.3779644730092272,Niche,horror,horror slaughterhouse 2
3028,"Taming of the Shrew, The (1967)",Comedy,1967,"Taming of the Shrew, The",1,1960,3.762589928057554,139,1.0256333060351275,Popular,comedy,"comedy taming of the shrew, the"
3029,Nighthawks (1981),Action|Drama,1981,Nighthawks,2,1980,3.2736842105263158,190,0.8901828510002769,Popular,action|drama,action|drama nighthawks
3030,Yojimbo (1961),Comedy|Drama|Western,1961,Yojimbo,3,1960,4.404651162790698,215,0.8532383305806214,Blockbuster,comedy|drama|western,comedy|drama|western yojimbo
3031,Repossessed (1990),Comedy,1990,Repossessed,1,1990,2.150943396226415,53,1.1162476016873941,Popular,comedy,comedy repossessed
3032,"Omega Man, The (1971)",Sci-Fi,1971,"Omega Man, The",1,1970,3.5401785714285716,224,1.001430351166924,Blockbuster,scifi,"sci-fi omega man, the"
3033,Spaceballs (1987),Comedy|Sci-Fi,1987,Spaceballs,2,1980,3.2836484983314795,899,1.1716156933393935,Blockbuster,comedy|scifi,comedy|sci-fi spaceballs
3034,Robin Hood (1973),Animation|Children's,1973,Robin Hood,2,1970,3.7434402332361514,343,0.9573091255014582,Blockbuster,animation|childrens,animation|children's robin hood
3035,Mister Roberts (1955),Comedy|Drama|War,1955,Mister Roberts,3,1950,4.149643705463183,421,0.8187860447257672,Blockbuster,comedy|drama|war,comedy|drama|war mister roberts
3036,Quest for Fire (1981),Adventure,1981,Quest for Fire,1,1980,3.2298850574712645,174,1.1550457231425937,Popular,adventure,adventure quest for fire
3037,Little Big Man (1970),Comedy|Drama|Western,1970,Little Big Man,3,1970,4.04399323181049,591,0.8445801042509161,Blockbuster,comedy|drama|western,comedy|drama|western little big man
3038,"Face in the Crowd, A (1957)",Drama,1957,"Face in the Crowd, A",1,1950,4.202702702702703,74,0.8272703046640174,Popular,drama,"drama face in the crowd, a"
3039,Trading Places (1983),Comedy,1983,Trading Places,1,1980,3.828367103694875,839,0.8066584947340265,Blockbuster,comedy,comedy trading places
3040,Meatballs (1979),Comedy,1979,Meatballs,1,1970,3.311111111111111,315,1.0024033398626868,Blockbuster,comedy,comedy meatballs
3041,Meatballs Part II (1984),Comedy,1984,Meatballs Part II,1,1980,1.6986301369863013,73,0.8609576629617051,Popular,comedy,comedy meatballs part ii
3042,Meatballs III (1987),Comedy,1987,Meatballs III,1,1980,1.5538461538461539,65,0.8665803704570847,Popular,comedy,comedy meatballs iii
3043,Meatballs 4 (1992),Comedy,1992,Meatballs 4,1,1990,1.725,40,1.1319939294935535,Moderate,comedy,comedy meatballs 4
3044,Dead Again (1991),Mystery|Romance|Thriller,1991,Dead Again,3,1990,3.855917667238422,583,0.8594502798810855,Blockbuster,mystery|romance|thriller,mystery|romance|thriller dead again
3045,Peter's Friends (1992),Comedy|Drama,1992,Peter's Friends,2,1990,3.093220338983051,118,1.0126320796881556,Popular,comedy|drama,comedy|drama peter's friends
3046,"Incredibly True Adventure of Two Girls in Love, The (1995)",Comedy|Romance,1995,"Incredibly True Adventure of Two Girls in Love, The",2,1990,3.4941176470588236,85,0.9589618569772494,Popular,comedy|romance,"comedy|romance incredibly true adventure of two girls in love, the"
3047,Experience Preferred... But Not Essential (1982),Drama,1982,Experience Preferred... But Not Essential,1,1980,3.5555555555555554,18,0.7838233761296741,Moderate,drama,drama experience preferred... but not essential
3048,Under the Rainbow (1981),Comedy,1981,Under the Rainbow,1,1980,2.352112676056338,71,1.083626076115291,Popular,comedy,comedy under the rainbow
3049,How I Won the War (1967),Comedy|War,1967,How I Won the War,2,1960,3.2432432432432434,37,0.9833447853967434,Moderate,comedy|war,comedy|war how i won the war
3050,Light It Up (1999),Drama,1999,Light It Up,1,1990,3.125,16,1.3601470508735443,Moderate,drama,drama light it up
3051,Anywhere But Here (1999),Drama,1999,Anywhere But Here,1,1990,2.950310559006211,161,0.9340853964977243,Popular,drama,drama anywhere but here
3052,Dogma (1999),Comedy,1999,Dogma,1,1990,3.7128412537917086,989,1.112337381135099,Blockbuster,comedy,comedy dogma
3053,"Messenger: The Story of Joan of Arc, The (1999)",Drama|War,1999,"Messenger: The Story of Joan of Arc, The",2,1990,3.0175953079178885,341,1.1756030094137333,Blockbuster,drama|war,"drama|war messenger: the story of joan of arc, the"
3054,Pokémon: The First Movie (1998),Animation|Children's,1998,Pokémon: The First Movie,2,1990,1.9779411764705883,136,1.2139126319450024,Popular,animation|childrens,animation|children's pokémon: the first movie
3055,Felicia's Journey (1999),Thriller,1999,Felicia's Journey,1,1990,3.3902439024390243,82,1.0031567158561512,Popular,thriller,thriller felicia's journey
3056,Oxygen (1999),Thriller,1999,Oxygen,1,1990,3.6666666666666665,6,0.5163977794943222,Niche,thriller,thriller oxygen
3058,"Ape, The (1940)",Horror|Sci-Fi,1940,"Ape, The",2,1940,2.1666666666666665,12,1.1146408580454255,Moderate,horror|scifi,"horror|sci-fi ape, the"
3060,"Commitments, The (1991)",Comedy|Drama,1991,"Commitments, The",2,1990,3.8315412186379927,558,0.8261490279791102,Blockbuster,comedy|drama,"comedy|drama commitments, the"
3061,Holiday Inn (1942),Comedy|Musical,1942,Holiday Inn,2,1940,3.88,275,0.8817699519575288,Blockbuster,comedy|musical,comedy|musical holiday inn
3062,"Longest Day, The (1962)",Action|Drama|War,1962,"Longest Day, The",3,1960,3.971590909090909,352,0.8765964826654242,Blockbuster,action|drama|war,"action|drama|war longest day, the"
3063,Poison Ivy (1992),Thriller,1992,Poison Ivy,1,1990,2.7194244604316546,139,1.000208507091507,Popular,thriller,thriller poison ivy
3064,Poison Ivy: New Seduction (1997),Thriller,1997,Poison Ivy: New Seduction,1,1990,2.5,60,1.1571443517761548,Popular,thriller,thriller poison ivy: new seduction
3066,Tora! Tora! Tora! (1970),War,1970,Tora! Tora! Tora!,1,1970,3.7010309278350517,194,0.9781546383102411,Popular,war,war tora! tora! tora!
3067,Women on the Verge of a Nervous Breakdown (1988),Comedy|Drama,1988,Women on the Verge of a Nervous Breakdown,2,1980,3.8923512747875355,353,0.8821289917430749,Blockbuster,comedy|drama,comedy|drama women on the verge of a nervous breakdown
3068,"Verdict, The (1982)",Drama,1982,"Verdict, The",1,1980,3.865435356200528,379,0.759659494812512,Blockbuster,drama,"drama verdict, the"
3069,"Effect of Gamma Rays on Man-in-the-Moon Marigolds, The (1972)",Drama,1972,"Effect of Gamma Rays on Man-in-the-Moon Marigolds, The",1,1970,3.8181818181818183,55,0.7719841941125453,Popular,drama,"drama effect of gamma rays on man-in-the-moon marigolds, the"
3070,"Adventures of Buckaroo Bonzai Across the 8th Dimension, The (1984)",Adventure|Comedy|Sci-Fi,1984,"Adventures of Buckaroo Bonzai Across the 8th Dimension, The",3,1980,3.3878887070376433,611,1.1615918814579336,Blockbuster,adventure|comedy|scifi,"adventure|comedy|sci-fi adventures of buckaroo bonzai across the 8th dimension, the"
3071,Stand and Deliver (1987),Drama,1987,Stand and Deliver,1,1980,3.764525993883792,327,0.7731469069068756,Blockbuster,drama,drama stand and deliver
3072,Moonstruck (1987),Comedy,1987,Moonstruck,1,1980,3.7871690427698574,982,0.9977131496525963,Blockbuster,comedy,comedy moonstruck
3073,"Sandpiper, The (1965)",Drama|Romance,1965,"Sandpiper, The",2,1960,3.242424242424242,33,1.0905933886623096,Moderate,drama|romance,"drama|romance sandpiper, the"
3074,Jeremiah Johnson (1972),Western,1972,Jeremiah Johnson,1,1970,3.7882882882882885,222,0.9955774366421245,Blockbuster,western,western jeremiah johnson
3075,Repulsion (1965),Thriller,1965,Repulsion,1,1960,3.9855072463768115,69,0.8827222870054484,Popular,thriller,thriller repulsion
3076,Irma la Douce (1963),Comedy,1963,Irma la Douce,1,1960,3.7096774193548385,93,0.9507507921236261,Popular,comedy,comedy irma la douce
3077,42 Up (1998),Documentary,1998,42 Up,1,1990,4.2272727272727275,88,0.906265200931859,Popular,documentary,documentary 42 up
3078,Liberty Heights (1999),Drama,1999,Liberty Heights,1,1990,3.6516129032258067,155,0.9229649314938733,Popular,drama,drama liberty heights
3079,Mansfield Park (1999),Drama,1999,Mansfield Park,1,1990,3.882758620689655,145,0.8457692773434632,Popular,drama,drama mansfield park
3081,Sleepy Hollow (1999),Horror|Romance,1999,Sleepy Hollow,2,1990,3.516885553470919,1066,0.9395813971727877,Blockbuster,horror|romance,horror|romance sleepy hollow
3082,"World Is Not Enough, The (1999)",Action|Thriller,1999,"World Is Not Enough, The",2,1990,3.379350348027842,862,0.9728918279732646,Blockbuster,action|thriller,"action|thriller world is not enough, the"
3083,All About My Mother (Todo Sobre Mi Madre) (1999),Comedy|Drama,1999,All About My Mother (Todo Sobre Mi Madre),2,1990,4.086294416243655,394,0.9743086409638289,Blockbuster,comedy|drama,comedy|drama all about my mother (todo sobre mi madre)
3086,March of the Wooden Soldiers (a.k.a. Laurel & Hardy in Toyland) (1934),Comedy,1934,March of the Wooden Soldiers (a.k.a. Laurel & Hardy in Toyland),1,1930,3.580246913580247,81,1.093894390821895,Popular,comedy,comedy march of the wooden soldiers (a.k.a. laurel & hardy in toyland)
3087,Scrooged (1988),Comedy,1988,Scrooged,1,1980,3.4786821705426356,516,0.9060374666763504,Blockbuster,comedy,comedy scrooged
3088,Harvey (1950),Comedy,1950,Harvey,1,1950,4.089887640449438,356,0.8641915468189274,Blockbuster,comedy,comedy harvey
3089,"Bicycle Thief, The (Ladri di biciclette) (1948)",Drama,1948,"Bicycle Thief, The (Ladri di biciclette)",1,1940,4.357142857142857,252,0.7930403014661823,Blockbuster,drama,"drama bicycle thief, the (ladri di biciclette)"
3090,Matewan (1987),Drama,1987,Matewan,1,1980,4.141242937853107,177,0.82389363333804,Popular,drama,drama matewan
3091,Kagemusha (1980),Drama|War,1980,Kagemusha,2,1980,4.283687943262412,141,0.8394406397353602,Popular,drama|war,drama|war kagemusha
3092,Chushingura (1962),Drama,1962,Chushingura,1,1960,4.0,20,1.1239029738980326,Moderate,drama,drama chushingura
3093,McCabe & Mrs. Miller (1971),Drama|Western,1971,McCabe & Mrs. Miller,2,1970,3.6971153846153846,208,1.1248580570266733,Blockbuster,drama|western,drama|western mccabe & mrs. miller
3094,Maurice (1987),Drama|Romance,1987,Maurice,2,1980,3.8514851485148514,101,0.9631836648725037,Popular,drama|romance,drama|romance maurice
3095,"Grapes of Wrath, The (1940)",Drama,1940,"Grapes of Wrath, The",1,1940,4.134357005758157,521,0.9391024864167348,Blockbuster,drama,"drama grapes of wrath, the"
3096,My Man Godfrey (1957),Comedy,1957,My Man Godfrey,1,1950,3.956989247311828,93,0.8586386912182771,Popular,comedy,comedy my man godfrey
3097,"Shop Around the Corner, The (1940)",Comedy|Romance,1940,"Shop Around the Corner, The",2,1940,4.038834951456311,206,0.8372117498515593,Blockbuster,comedy|romance,"comedy|romance shop around the corner, the"
3098,"Natural, The (1984)",Drama,1984,"Natural, The",1,1980,3.832116788321168,548,0.8747470196062164,Blockbuster,drama,"drama natural, the"
3099,Shampoo (1975),Comedy|Romance,1975,Shampoo,2,1970,3.238095238095238,273,1.017356380823476,Blockbuster,comedy|romance,comedy|romance shampoo
3100,"River Runs Through It, A (1992)",Drama,1992,"River Runs Through It, A",1,1990,3.756019261637239,623,0.94112449652337,Blockbuster,drama,"drama river runs through it, a"
3101,Fatal Attraction (1987),Thriller,1987,Fatal Attraction,1,1980,3.669576059850374,802,0.9277505959927909,Blockbuster,thriller,thriller fatal attraction
3102,Jagged Edge (1985),Thriller,1985,Jagged Edge,1,1980,3.6434426229508197,244,0.8606139740511926,Blockbuster,thriller,thriller jagged edge
3103,Stanley & Iris (1990),Drama|Romance,1990,Stanley & Iris,2,1990,3.0588235294117645,68,0.8958003665725621,Popular,drama|romance,drama|romance stanley & iris
3104,Midnight Run (1988),Action|Adventure|Comedy|Crime,1988,Midnight Run,4,1980,3.8562091503267975,765,0.8623775476744016,Blockbuster,action|adventure|comedy|crime,action|adventure|comedy|crime midnight run
3105,Awakenings (1990),Drama,1990,Awakenings,1,1990,3.7808823529411764,680,0.8584256838941415,Blockbuster,drama,drama awakenings
3106,Come See the Paradise (1990),Drama|Romance,1990,Come See the Paradise,2,1990,3.24,25,1.1284207253207168,Moderate,drama|romance,drama|romance come see the paradise
3107,Backdraft (1991),Action|Drama,1991,Backdraft,2,1990,3.440736478711162,869,0.8930078675153251,Blockbuster,action|drama,action|drama backdraft
3108,"Fisher King, The (1991)",Comedy|Drama|Romance,1991,"Fisher King, The",3,1990,3.6264550264550266,945,1.0246633512571626,Blockbuster,comedy|drama|romance,"comedy|drama|romance fisher king, the"
3109,"River, The (1984)",Drama,1984,"River, The",1,1980,3.21875,64,0.9166666666666666,Popular,drama,"drama river, the"
3110,Country (1984),Drama,1984,Country,1,1980,3.393939393939394,33,0.9662878045448577,Moderate,drama,drama country
3111,Places in the Heart (1984),Drama,1984,Places in the Heart,1,1980,3.699530516431925,213,0.9182888954608016,Blockbuster,drama,drama places in the heart
3112,'Night Mother (1986),Drama,1986,'Night Mother,1,1980,3.3714285714285714,70,1.1186356670934383,Popular,drama,drama 'night mother
3113,End of Days (1999),Action|Thriller,1999,End of Days,2,1990,2.629432624113475,564,1.083995813831617,Blockbuster,action|thriller,action|thriller end of days
3114,Toy Story 2 (1999),Animation|Children's|Comedy,1999,Toy Story 2,3,1990,4.218927444794953,1585,0.8929550931564446,Blockbuster,animation|childrens|comedy,animation|children's|comedy toy story 2
3115,Flawless (1999),Drama,1999,Flawless,1,1990,3.1636363636363636,110,1.0796471792641695,Popular,drama,drama flawless
3116,Miss Julie (1999),Drama,1999,Miss Julie,1,1990,2.727272727272727,11,1.0090499582190258,Moderate,drama,drama miss julie
3117,Ride with the Devil (1999),Drama|Romance|War,1999,Ride with the Devil,3,1990,3.3013698630136985,73,1.126510486054284,Popular,drama|romance|war,drama|romance|war ride with the devil
3118,Tumbleweeds (1999),Drama,1999,Tumbleweeds,1,1990,3.5303030303030303,66,0.9151661802804655,Popular,drama,drama tumbleweeds
3120,"Distinguished Gentleman, The (1992)",Comedy,1992,"Distinguished Gentleman, The",1,1990,3.0153846153846153,130,0.939937449548535,Popular,comedy,"comedy distinguished gentleman, the"
3121,"Hitch-Hiker, The (1953)",Film-Noir,1953,"Hitch-Hiker, The",1,1950,3.5555555555555554,18,0.9217771979249536,Moderate,filmnoir,"film-noir hitch-hiker, the"
3122,Santa Fe Trail (1940),Drama|Romance|Western,1940,Santa Fe Trail,3,1940,3.3793103448275863,29,0.6768515929047769,Moderate,drama|romance|western,drama|romance|western santa fe trail
3124,Agnes Browne (1999),Comedy|Drama,1999,Agnes Browne,2,1990,3.323529411764706,34,1.1473444500181806,Moderate,comedy|drama,comedy|drama agnes browne
3125,"End of the Affair, The (1999)",Drama,1999,"End of the Affair, The",1,1990,3.515,200,1.1252135475713891,Popular,drama,"drama end of the affair, the"
3127,Holy Smoke (1999),Drama,1999,Holy Smoke,1,1990,3.232142857142857,56,1.1117728909444415,Popular,drama,drama holy smoke
3128,"Map of the World, A (1999)",Drama,1999,"Map of the World, A",1,1990,3.450980392156863,51,0.9861789997803863,Popular,drama,"drama map of the world, a"
3129,Sweet and Lowdown (1999),Comedy|Drama,1999,Sweet and Lowdown,2,1990,3.701388888888889,288,0.9112526211362474,Blockbuster,comedy|drama,comedy|drama sweet and lowdown
3130,Bonfire of the Vanities (1990),Comedy,1990,Bonfire of the Vanities,1,1990,2.3728813559322033,118,0.9500032403857603,Popular,comedy,comedy bonfire of the vanities
3132,Daddy Long Legs (1919),Comedy,1919,Daddy Long Legs,1,1910,3.6315789473684212,38,0.8517407495298512,Moderate,comedy,comedy daddy long legs
3133,Go West (1925),Comedy,1925,Go West,1,1920,3.7142857142857144,42,1.1106077063265483,Moderate,comedy,comedy go west
3134,"Grand Illusion (Grande illusion, La) (1937)",Drama|War,1937,"Grand Illusion (Grande illusion, La)",2,1930,4.33939393939394,165,0.9784069287651881,Popular,drama|war,"drama|war grand illusion (grande illusion, la)"
3135,"Great Santini, The (1979)",Drama,1979,"Great Santini, The",1,1970,3.948717948717949,195,0.8894779526691093,Popular,drama,"drama great santini, the"
3137,"Sea Wolves, The (1980)",Action|War,1980,"Sea Wolves, The",2,1980,3.8125,16,0.75,Moderate,action|war,"action|war sea wolves, the"
3138,Stealing Home (1988),Drama,1988,Stealing Home,1,1980,3.196969696969697,66,1.0110116330411447,Popular,drama,drama stealing home
3139,Tarzan the Fearless (1933),Action|Adventure,1933,Tarzan the Fearless,2,1930,3.176470588235294,17,1.1850788010532811,Moderate,action|adventure,action|adventure tarzan the fearless
3140,"Three Ages, The (1923)",Comedy,1923,"Three Ages, The",1,1920,3.4444444444444446,9,1.509230856356236,Niche,comedy,"comedy three ages, the"
3141,"Two Jakes, The (1990)",Drama,1990,"Two Jakes, The",1,1990,3.0483870967741935,62,0.9482930195769229,Popular,drama,"drama two jakes, the"
3142,U2: Rattle and Hum (1988),Documentary|Musical,1988,U2: Rattle and Hum,2,1980,3.3846153846153846,130,1.0953362400793856,Popular,documentary|musical,documentary|musical u2: rattle and hum
3143,Hell in the Pacific (1968),Drama|War,1968,Hell in the Pacific,2,1960,3.696969696969697,33,1.0453721970202912,Moderate,drama|war,drama|war hell in the pacific
3144,"Glass Bottom Boat, The (1966)",Comedy|Romance,1966,"Glass Bottom Boat, The",2,1960,3.2653061224489797,49,0.9304011277419011,Moderate,comedy|romance,"comedy|romance glass bottom boat, the"
3145,"Cradle Will Rock, The (1999)",Drama,1999,"Cradle Will Rock, The",1,1990,3.359073359073359,259,1.0335574480760883,Blockbuster,drama,"drama cradle will rock, the"
3146,Deuce Bigalow: Male Gigolo (1999),Comedy,1999,Deuce Bigalow: Male Gigolo,1,1990,2.762987012987013,308,1.2263370048001443,Blockbuster,comedy,comedy deuce bigalow: male gigolo
3147,"Green Mile, The (1999)",Drama|Thriller,1999,"Green Mile, The",2,1990,4.154664484451718,1222,0.9174656241682333,Blockbuster,drama|thriller,"drama|thriller green mile, the"
3148,"Cider House Rules, The (1999)",Drama,1999,"Cider House Rules, The",1,1990,3.952180028129395,711,0.8978645408642706,Blockbuster,drama,"drama cider house rules, the"
3149,Diamonds (1999),Mystery,1999,Diamonds,1,1990,2.4444444444444446,9,1.3333333333333333,Niche,mystery,mystery diamonds
3150,"War Zone, The (1999)",Drama,1999,"War Zone, The",1,1990,3.683333333333333,60,1.1422794141045376,Popular,drama,"drama war zone, the"
3152,"Last Picture Show, The (1971)",Drama,1971,"Last Picture Show, The",1,1970,3.9717514124293785,354,0.8996655250754751,Blockbuster,drama,"drama last picture show, the"
3153,"7th Voyage of Sinbad, The (1958)",Action|Adventure|Fantasy,1958,"7th Voyage of Sinbad, The",3,1950,3.616279069767442,258,0.9315307428796272,Blockbuster,action|adventure|fantasy,"action|adventure|fantasy 7th voyage of sinbad, the"
3154,Blood on the Sun (1945),Drama|War,1945,Blood on the Sun,2,1940,3.5,8,0.7559289460184544,Niche,drama|war,drama|war blood on the sun
3155,Anna and the King (1999),Drama|Romance,1999,Anna and the King,2,1990,3.4144144144144146,333,1.0012203559843265,Blockbuster,drama|romance,drama|romance anna and the king
3156,Bicentennial Man (1999),Comedy|Drama|Sci-Fi,1999,Bicentennial Man,3,1990,2.906005221932115,383,1.245532527660186,Blockbuster,comedy|drama|scifi,comedy|drama|sci-fi bicentennial man
3157,Stuart Little (1999),Children's|Comedy,1999,Stuart Little,2,1990,3.15,520,1.0278398321803697,Blockbuster,childrens|comedy,children's|comedy stuart little
3158,"Emperor and the Assassin, The (Jing ke ci qin wang) (1999)",Drama,1999,"Emperor and the Assassin, The (Jing ke ci qin wang)",1,1990,3.6363636363636362,44,0.9172990963340728,Moderate,drama,"drama emperor and the assassin, the (jing ke ci qin wang)"
3159,Fantasia 2000 (1999),Animation|Children's|Musical,1999,Fantasia 2000,3,1990,3.8057395143487858,453,1.063165540917942,Blockbuster,animation|childrens|musical,animation|children's|musical fantasia 2000
3160,Magnolia (1999),Drama,1999,Magnolia,1,1990,3.8939802336028753,1113,1.1322169265090871,Blockbuster,drama,drama magnolia
3161,Onegin (1999),Drama,1999,Onegin,1,1990,3.473684210526316,19,1.0202625507753482,Moderate,drama,drama onegin
3162,Simpatico (1999),Comedy|Drama,1999,Simpatico,2,1990,2.4761904761904763,21,0.9807674351775562,Moderate,comedy|drama,comedy|drama simpatico
3163,Topsy-Turvy (1999),Drama,1999,Topsy-Turvy,1,1990,3.7039473684210527,304,1.1537787868434528,Blockbuster,drama,drama topsy-turvy
3165,Boiling Point (1993),Action|Drama,1993,Boiling Point,2,1990,2.622950819672131,61,1.035437659900867,Popular,action|drama,action|drama boiling point
3166,Brenda Starr (1989),Adventure,1989,Brenda Starr,1,1980,1.1666666666666667,6,0.408248290463863,Niche,adventure,adventure brenda starr
3167,Carnal Knowledge (1971),Drama,1971,Carnal Knowledge,1,1970,3.6325301204819276,166,0.9616410763342624,Popular,drama,drama carnal knowledge
3168,Easy Rider (1969),Adventure|Drama,1969,Easy Rider,2,1960,3.7711340206185566,485,0.9891935486190069,Blockbuster,adventure|drama,adventure|drama easy rider
3169,"Falcon and the Snowman, The (1984)",Drama,1984,"Falcon and the Snowman, The",1,1980,3.513833992094862,253,0.8338131500266786,Blockbuster,drama,"drama falcon and the snowman, the"
3171,Room at the Top (1959),Drama,1959,Room at the Top,1,1950,3.92,25,0.7023769168568493,Moderate,drama,drama room at the top
3173,Any Given Sunday (1999),Drama,1999,Any Given Sunday,1,1990,3.1262939958592133,483,1.065583885539544,Blockbuster,drama,drama any given sunday
3174,Man on the Moon (1999),Comedy|Drama,1999,Man on the Moon,2,1990,3.48512585812357,874,1.021143394895564,Blockbuster,comedy|drama,comedy|drama man on the moon
3175,Galaxy Quest (1999),Adventure|Comedy|Sci-Fi,1999,Galaxy Quest,3,1990,3.771412037037037,1728,0.9567084793369524,Blockbuster,adventure|comedy|scifi,adventure|comedy|sci-fi galaxy quest
3176,"Talented Mr. Ripley, The (1999)",Drama|Mystery|Thriller,1999,"Talented Mr. Ripley, The",3,1990,3.503380916604057,1331,1.0804951475208027,Blockbuster,drama|mystery|thriller,"drama|mystery|thriller talented mr. ripley, the"
3177,Next Friday (1999),Comedy,1999,Next Friday,1,1990,2.6011904761904763,168,1.073021817014451,Popular,comedy,comedy next friday
3178,"Hurricane, The (1999)",Drama,1999,"Hurricane, The",1,1990,3.848722986247544,509,0.9488406414546671,Blockbuster,drama,"drama hurricane, the"
3179,Angela's Ashes (1999),Drama,1999,Angela's Ashes,1,1990,3.4133333333333336,225,1.0101272904229162,Blockbuster,drama,drama angela's ashes
3180,Play it to the Bone (1999),Comedy|Drama,1999,Play it to the Bone,2,1990,2.2,70,0.9570486032514268,Popular,comedy|drama,comedy|drama play it to the bone
3181,Titus (1999),Drama,1999,Titus,1,1990,3.7116564417177913,163,1.1532237497734694,Popular,drama,drama titus
3182,Mr. Death: The Rise and Fall of Fred A. Leuchter Jr. (1999),Documentary,1999,Mr. Death: The Rise and Fall of Fred A. Leuchter Jr.,1,1990,3.9596774193548385,124,0.9744641516754751,Popular,documentary,documentary mr. death: the rise and fall of fred a. leuchter jr.
3183,"Third Miracle, The (1999)",Drama,1999,"Third Miracle, The",1,1990,3.6222222222222222,45,1.072145022604195,Moderate,drama,"drama third miracle, the"
3184,Montana (1998),Action|Comedy|Crime|Drama,1998,Montana,4,1990,3.0,5,1.0,Niche,action|comedy|crime|drama,action|comedy|crime|drama montana
3185,Snow Falling on Cedars (1999),Drama,1999,Snow Falling on Cedars,1,1990,3.4120603015075375,398,1.079254933025725,Blockbuster,drama,drama snow falling on cedars
3186,"Girl, Interrupted (1999)",Drama,1999,"Girl, Interrupted",1,1990,3.4779582366589326,431,0.980674427695292,Blockbuster,drama,"drama girl, interrupted"
3188,"Life and Times of Hank Greenberg, The (1998)",Documentary,1998,"Life and Times of Hank Greenberg, The",1,1990,3.7037037037037037,54,1.0750977073565837,Popular,documentary,"documentary life and times of hank greenberg, the"
3189,My Dog Skip (1999),Comedy,1999,My Dog Skip,1,1990,3.6433333333333335,300,0.9340039794710627,Blockbuster,comedy,comedy my dog skip
3190,Supernova (2000),Adventure|Sci-Fi,2000,Supernova,2,2000,2.1490683229813663,161,0.9887566695364413,Popular,adventure|scifi,adventure|sci-fi supernova
3192,"Terrorist, The (Malli) (1998)",Drama,1998,"Terrorist, The (Malli)",1,1990,4.083333333333333,24,0.7755316082290385,Moderate,drama,"drama terrorist, the (malli)"
3194,"Way We Were, The (1973)",Drama,1973,"Way We Were, The",1,1970,3.3045454545454547,220,1.0697062596538898,Blockbuster,drama,"drama way we were, the"
3196,Stalag 17 (1953),Drama|War,1953,Stalag 17,2,1950,4.228426395939087,394,0.7870478618278832,Blockbuster,drama|war,drama|war stalag 17
3197,"Presidio, The (1988)",Action,1988,"Presidio, The",1,1980,3.302788844621514,251,0.8602047379752447,Blockbuster,action,"action presidio, the"
3198,Papillon (1973),Drama,1973,Papillon,1,1970,4.073846153846154,325,0.7978127745103419,Blockbuster,drama,drama papillon
3199,Pal Joey (1957),Comedy|Musical|Romance,1957,Pal Joey,3,1950,3.3472222222222223,72,0.9517918197965415,Popular,comedy|musical|romance,comedy|musical|romance pal joey
3200,"Last Detail, The (1973)",Comedy|Drama,1973,"Last Detail, The",2,1970,3.8488372093023258,172,0.8854567904365397,Popular,comedy|drama,"comedy|drama last detail, the"
3201,Five Easy Pieces (1970),Drama,1970,Five Easy Pieces,1,1970,3.9526462395543174,359,0.95161577687346,Blockbuster,drama,drama five easy pieces
3203,Dead Calm (1989),Thriller,1989,Dead Calm,1,1980,3.6780684104627768,497,0.8689200584007821,Blockbuster,thriller,thriller dead calm
3204,"Boys from Brazil, The (1978)",Thriller,1978,"Boys from Brazil, The",1,1970,3.661764705882353,204,0.8528762253070497,Blockbuster,thriller,"thriller boys from brazil, the"
3206,Against All Odds (1984),Romance,1984,Against All Odds,1,1980,3.2481203007518795,133,1.0180642284732717,Popular,romance,romance against all odds
3207,"Snows of Kilimanjaro, The (1952)",Adventure,1952,"Snows of Kilimanjaro, The",1,1950,3.2,5,0.8366600265340756,Niche,adventure,"adventure snows of kilimanjaro, the"
3208,Loaded Weapon 1 (1993),Action|Comedy,1993,Loaded Weapon 1,2,1990,2.7613636363636362,264,1.1402853173256247,Blockbuster,action|comedy,action|comedy loaded weapon 1
3210,Fast Times at Ridgemont High (1982),Comedy,1982,Fast Times at Ridgemont High,1,1980,3.8374717832957113,886,0.9415673534717642,Blockbuster,comedy,comedy fast times at ridgemont high
3211,"Cry in the Dark, A (1988)",Drama,1988,"Cry in the Dark, A",1,1980,3.515151515151515,66,0.7694638341563507,Popular,drama,"drama cry in the dark, a"
3213,Batman: Mask of the Phantasm (1993),Animation|Children's,1993,Batman: Mask of the Phantasm,2,1990,3.560344827586207,232,1.0550951874618542,Blockbuster,animation|childrens,animation|children's batman: mask of the phantasm
3214,American Flyers (1985),Drama,1985,American Flyers,1,1980,3.329896907216495,97,0.9323095145539569,Popular,drama,drama american flyers
3215,Voyage of the Damned (1976),Drama,1976,Voyage of the Damned,1,1970,3.1818181818181817,11,1.0787197799411874,Moderate,drama,drama voyage of the damned
3217,"Star Is Born, A (1937)",Drama,1937,"Star Is Born, A",1,1930,3.3516483516483517,91,0.993015904243525,Popular,drama,"drama star is born, a"
3218,Poison (1991),Drama,1991,Poison,1,1990,3.1875,32,1.0297979758028961,Moderate,drama,drama poison
3219,Pacific Heights (1990),Thriller,1990,Pacific Heights,1,1990,3.2550335570469797,447,0.9070305546796756,Blockbuster,thriller,thriller pacific heights
3221,"Draughtsman's Contract, The (1982)",Drama,1982,"Draughtsman's Contract, The",1,1980,3.413793103448276,29,1.1807153212992278,Moderate,drama,"drama draughtsman's contract, the"
3222,Carmen (1984),Drama,1984,Carmen,1,1980,4.166666666666667,30,0.7914775938769176,Moderate,drama,drama carmen
3223,"Zed & Two Noughts, A (1985)",Drama,1985,"Zed & Two Noughts, A",1,1980,3.413793103448276,29,1.0527936095153947,Moderate,drama,"drama zed & two noughts, a"
3224,Woman in the Dunes (Suna no onna) (1964),Drama,1964,Woman in the Dunes (Suna no onna),1,1960,4.0519480519480515,77,0.9719229974927879,Popular,drama,drama woman in the dunes (suna no onna)
3225,Down to You (2000),Comedy|Romance,2000,Down to You,2,2000,2.6885245901639343,122,1.3053099895472398,Popular,comedy|romance,comedy|romance down to you
3230,"Odessa File, The (1974)",Thriller,1974,"Odessa File, The",1,1970,3.6666666666666665,78,0.877817048457576,Popular,thriller,"thriller odessa file, the"
3232,Seven Chances (1925),Comedy,1925,Seven Chances,1,1920,4.0,5,1.7320508075688772,Niche,comedy,comedy seven chances
3235,Where the Buffalo Roam (1980),Comedy,1980,Where the Buffalo Roam,1,1980,3.0,71,1.1832159566199232,Popular,comedy,comedy where the buffalo roam
3238,Eye of the Beholder (1999),Thriller,1999,Eye of the Beholder,1,1990,2.134831460674157,267,1.119119665125748,Blockbuster,thriller,thriller eye of the beholder
3239,Isn't She Great? (2000),Comedy,2000,Isn't She Great?,1,2000,2.3783783783783785,37,1.0097125925329047,Moderate,comedy,comedy isn't she great?
3240,"Big Tease, The (1999)",Comedy,1999,"Big Tease, The",1,1990,3.272727272727273,33,1.0084867151060812,Moderate,comedy,"comedy big tease, the"
3241,"Cup, The (Phörpa) (1999)",Comedy,1999,"Cup, The (Phörpa)",1,1990,3.6666666666666665,57,1.023532631438318,Popular,comedy,"comedy cup, the (phörpa)"
3243,Encino Man (1992),Comedy,1992,Encino Man,1,1990,2.5017064846416384,293,1.039047816805603,Blockbuster,comedy,comedy encino man
3244,"Goodbye Girl, The (1977)",Comedy|Romance,1977,"Goodbye Girl, The",2,1970,3.6956521739130435,322,0.8933362039815521,Blockbuster,comedy|romance,"comedy|romance goodbye girl, the"
3245,I Am Cuba (Soy Cuba/Ya Kuba) (1964),Drama,1964,I Am Cuba (Soy Cuba/Ya Kuba),1,1960,4.8,5,0.44721359549995804,Niche,drama,drama i am cuba (soy cuba/ya kuba)
3246,Malcolm X (1992),Drama,1992,Malcolm X,1,1990,3.903157894736842,475,0.906545889461863,Blockbuster,drama,drama malcolm x
3247,Sister Act (1992),Comedy|Crime,1992,Sister Act,2,1990,3.1681681681681684,666,1.0370324674735274,Blockbuster,comedy|crime,comedy|crime sister act
3248,Sister Act 2: Back in the Habit (1993),Comedy,1993,Sister Act 2: Back in the Habit,1,1990,2.5396039603960396,202,1.0607965849356333,Blockbuster,comedy,comedy sister act 2: back in the habit
3249,"Hand That Rocks the Cradle, The (1992)",Thriller,1992,"Hand That Rocks the Cradle, The",1,1990,3.135294117647059,340,0.980302269000926,Blockbuster,thriller,"thriller hand that rocks the cradle, the"
3250,Alive (1993),Drama,1993,Alive,1,1990,3.401639344262295,366,0.847169366375166,Blockbuster,drama,drama alive
3251,Agnes of God (1985),Drama|Mystery,1985,Agnes of God,2,1980,3.380434782608696,276,0.9362485059118306,Blockbuster,drama|mystery,drama|mystery agnes of god
3252,Scent of a Woman (1992),Drama,1992,Scent of a Woman,1,1990,3.7135135135135133,555,0.9627058818191868,Blockbuster,drama,drama scent of a woman
3253,Wayne's World (1992),Comedy,1992,Wayne's World,1,1990,3.600892857142857,1120,0.9408793194574496,Blockbuster,comedy,comedy wayne's world
3254,Wayne's World 2 (1993),Comedy,1993,Wayne's World 2,1,1990,2.884526558891455,433,0.9744731814437875,Blockbuster,comedy,comedy wayne's world 2
3255,"League of Their Own, A (1992)",Comedy|Drama,1992,"League of Their Own, A",2,1990,3.6797088262056414,1099,0.86484545237199,Blockbuster,comedy|drama,"comedy|drama league of their own, a"
3256,Patriot Games (1992),Action|Thriller,1992,Patriot Games,2,1990,3.75,1052,0.8226399221313665,Blockbuster,action|thriller,action|thriller patriot games
3257,"Bodyguard, The (1992)",Action|Drama|Romance|Thriller,1992,"Bodyguard, The",4,1990,2.8594249201277955,626,1.036632542781671,Blockbuster,action|drama|romance|thriller,"action|drama|romance|thriller bodyguard, the"
3258,Death Becomes Her (1992),Comedy,1992,Death Becomes Her,1,1990,2.752212389380531,339,1.0279897092535781,Blockbuster,comedy,comedy death becomes her
3259,Far and Away (1992),Drama|Romance,1992,Far and Away,2,1990,3.369727047146402,403,0.9873713405387959,Blockbuster,drama|romance,drama|romance far and away
3260,Howards End (1992),Drama,1992,Howards End,1,1990,3.7291666666666665,480,0.9657946058031535,Blockbuster,drama,drama howards end
3261,Singles (1992),Comedy|Drama|Romance,1992,Singles,3,1990,3.4825174825174825,429,0.8580553991641618,Blockbuster,comedy|drama|romance,comedy|drama|romance singles
3262,Twin Peaks: Fire Walk with Me (1992),Drama|Mystery,1992,Twin Peaks: Fire Walk with Me,2,1990,2.9693251533742333,163,1.244361668295796,Popular,drama|mystery,drama|mystery twin peaks: fire walk with me
3263,White Men Can't Jump (1992),Comedy,1992,White Men Can't Jump,1,1990,3.188905547226387,667,0.9381775037821017,Blockbuster,comedy,comedy white men can't jump
3264,Buffy the Vampire Slayer (1992),Comedy|Horror,1992,Buffy the Vampire Slayer,2,1990,3.091796875,512,1.0035997312170932,Blockbuster,comedy|horror,comedy|horror buffy the vampire slayer
3265,Hard-Boiled (Lashou shentan) (1992),Action|Crime,1992,Hard-Boiled (Lashou shentan),2,1990,4.137614678899083,327,0.9281013990402303,Blockbuster,action|crime,action|crime hard-boiled (lashou shentan)
3266,Man Bites Dog (C'est arrivé près de chez vous) (1992),Action|Comedy|Crime|Drama,1992,Man Bites Dog (C'est arrivé près de chez vous),4,1990,3.655844155844156,154,1.0929355453423648,Popular,action|comedy|crime|drama,action|comedy|crime|drama man bites dog (c'est arrivé près de chez vous)
3267,"Mariachi, El (1992)",Action|Thriller,1992,"Mariachi, El",2,1990,3.6873706004140785,483,0.9332415295152054,Blockbuster,action|thriller,"action|thriller mariachi, el"
3268,Stop! Or My Mom Will Shoot (1992),Action|Comedy,1992,Stop! Or My Mom Will Shoot,2,1990,1.782122905027933,179,1.0125693020979174,Popular,action|comedy,action|comedy stop! or my mom will shoot
3269,Forever Young (1992),Adventure|Romance|Sci-Fi,1992,Forever Young,3,1990,3.20335429769392,477,0.9362838140820084,Blockbuster,adventure|romance|scifi,adventure|romance|sci-fi forever young
3270,"Cutting Edge, The (1992)",Drama,1992,"Cutting Edge, The",1,1990,3.285,200,0.9317272014326122,Popular,drama,"drama cutting edge, the"
3271,Of Mice and Men (1992),Drama,1992,Of Mice and Men,1,1990,3.847560975609756,328,0.8283546360095015,Blockbuster,drama,drama of mice and men
3272,Bad Lieutenant (1992),Crime|Drama,1992,Bad Lieutenant,2,1990,3.2046783625730995,171,1.1525834340347867,Popular,crime|drama,crime|drama bad lieutenant
3273,Scream 3 (2000),Horror|Mystery|Thriller,2000,Scream 3,3,2000,2.733102253032929,577,1.140249840866295,Blockbuster,horror|mystery|thriller,horror|mystery|thriller scream 3
3274,Single White Female (1992),Action,1992,Single White Female,1,1990,3.1073059360730593,438,0.8923224794507331,Blockbuster,action,action single white female
3275,"Boondock Saints, The (1999)",Action|Comedy,1999,"Boondock Saints, The",2,1990,3.619565217391304,92,1.1752240030047096,Popular,action|comedy,"action|comedy boondock saints, the"
3276,Gun Shy (2000),Comedy,2000,Gun Shy,1,2000,2.652173913043478,46,1.0374625306079537,Moderate,comedy,comedy gun shy
3281,"Brandon Teena Story, The (1998)",Documentary,1998,"Brandon Teena Story, The",1,1990,4.040816326530612,49,0.815454466168748,Moderate,documentary,"documentary brandon teena story, the"
3282,Different for Girls (1996),Comedy,1996,Different for Girls,1,1990,3.7,10,0.8232726023485646,Niche,comedy,comedy different for girls
3283,Minnie and Moskowitz (1971),Action,1971,Minnie and Moskowitz,1,1970,3.466666666666667,15,0.5163977794943222,Moderate,action,action minnie and moskowitz
3284,They Might Be Giants (1971),Comedy|Romance,1971,They Might Be Giants,2,1970,3.7333333333333334,45,1.031327476428493,Moderate,comedy|romance,comedy|romance they might be giants
3285,"Beach, The (2000)",Adventure|Drama,2000,"Beach, The",2,2000,2.702127659574468,423,1.0868320905931543,Blockbuster,adventure|drama,"adventure|drama beach, the"
3286,Snow Day (2000),Comedy,2000,Snow Day,1,2000,2.2131147540983607,122,1.07741278872175,Popular,comedy,comedy snow day
3287,"Tigger Movie, The (2000)",Animation|Children's,2000,"Tigger Movie, The",2,2000,2.7286821705426356,129,1.130209728770617,Popular,animation|childrens,"animation|children's tigger movie, the"
3289,Not One Less (Yi ge dou bu neng shao) (1999),Drama,1999,Not One Less (Yi ge dou bu neng shao),1,1990,3.769230769230769,52,1.0406518435225334,Popular,drama,drama not one less (yi ge dou bu neng shao)
3292,"Big Combo, The (1955)",Film-Noir,1955,"Big Combo, The",1,1950,3.8333333333333335,6,0.752772652709081,Niche,filmnoir,"film-noir big combo, the"
3293,Conceiving Ada (1997),Drama|Sci-Fi,1997,Conceiving Ada,2,1990,3.4,5,1.140175425099138,Niche,drama|scifi,drama|sci-fi conceiving ada
3296,To Sir with Love (1967),Drama,1967,To Sir with Love,1,1960,3.793103448275862,203,0.8363947408447777,Blockbuster,drama,drama to sir with love
3298,Boiler Room (2000),Drama,2000,Boiler Room,1,2000,3.4593220338983053,590,0.9013513047397935,Blockbuster,drama,drama boiler room
3299,Hanging Up (2000),Comedy|Drama,2000,Hanging Up,2,2000,2.2954545454545454,176,0.9758113507270721,Popular,comedy|drama,comedy|drama hanging up
3300,Pitch Black (2000),Action|Sci-Fi,2000,Pitch Black,2,2000,3.300738007380074,542,1.0756760370940117,Blockbuster,action|scifi,action|sci-fi pitch black
3301,"Whole Nine Yards, The (2000)",Comedy|Crime,2000,"Whole Nine Yards, The",2,2000,3.3787375415282392,602,0.9632583366785024,Blockbuster,comedy|crime,"comedy|crime whole nine yards, the"
3302,Beautiful People (1999),Comedy,1999,Beautiful People,1,1990,3.339622641509434,53,1.0731584624981299,Popular,comedy,comedy beautiful people
3303,Black Tar Heroin: The Dark End of the Street (1999),Documentary,1999,Black Tar Heroin: The Dark End of the Street,1,1990,3.5,6,1.378404875209022,Niche,documentary,documentary black tar heroin: the dark end of the street
3304,Blue Collar (1978),Crime|Drama,1978,Blue Collar,2,1970,3.5714285714285716,56,0.8915184769847425,Popular,crime|drama,crime|drama blue collar
3306,"Circus, The (1928)",Comedy,1928,"Circus, The",1,1920,3.9583333333333335,24,1.082636342118332,Moderate,comedy,"comedy circus, the"
3307,City Lights (1931),Comedy|Drama|Romance,1931,City Lights,3,1930,4.387453874538745,271,0.8262304923980148,Blockbuster,comedy|drama|romance,comedy|drama|romance city lights
3308,"Flamingo Kid, The (1984)",Comedy|Drama,1984,"Flamingo Kid, The",2,1980,3.197278911564626,294,0.8793377571935116,Blockbuster,comedy|drama,"comedy|drama flamingo kid, the"
3309,"Dog's Life, A (1920)",Comedy,1920,"Dog's Life, A",1,1920,3.6666666666666665,24,1.307725096316589,Moderate,comedy,"comedy dog's life, a"
3310,"Kid, The (1921)",Action,1921,"Kid, The",1,1920,3.7903225806451615,62,1.0733293808564195,Popular,action,"action kid, the"
3311,"Man from Laramie, The (1955)",Western,1955,"Man from Laramie, The",1,1950,3.787878787878788,33,0.8572330399888265,Moderate,western,"western man from laramie, the"
3313,Class Reunion (1982),Comedy,1982,Class Reunion,1,1980,2.25,20,0.8506963092234008,Moderate,comedy,comedy class reunion
3316,Reindeer Games (2000),Action|Thriller,2000,Reindeer Games,2,2000,2.7681660899653977,289,1.0695714484920817,Blockbuster,action|thriller,action|thriller reindeer games
3317,Wonder Boys (2000),Comedy|Drama,2000,Wonder Boys,2,2000,3.9495967741935485,496,0.8804726914066133,Blockbuster,comedy|drama,comedy|drama wonder boys
3318,Deterrence (1998),Thriller,1998,Deterrence,1,1990,3.4791666666666665,48,1.0516366845598613,Moderate,thriller,thriller deterrence
3319,Judy Berlin (1999),Drama,1999,Judy Berlin,1,1990,3.107142857142857,28,1.1333099904225385,Moderate,drama,drama judy berlin
3320,Mifune (Mifunes sidste sang) (1999),Comedy|Romance,1999,Mifune (Mifunes sidste sang),2,1990,3.511111111111111,45,1.1000459127241053,Moderate,comedy|romance,comedy|romance mifune (mifunes sidste sang)
3324,Drowning Mona (2000),Comedy,2000,Drowning Mona,1,2000,2.763157894736842,190,1.1871046660530218,Popular,comedy,comedy drowning mona
3325,"Next Best Thing, The (2000)",Comedy|Drama,2000,"Next Best Thing, The",2,2000,2.33125,160,1.108695618663106,Popular,comedy|drama,"comedy|drama next best thing, the"
3326,What Planet Are You From? (2000),Comedy|Sci-Fi,2000,What Planet Are You From?,2,2000,2.8555555555555556,180,1.1092411328250888,Popular,comedy|scifi,comedy|sci-fi what planet are you from?
3327,Beyond the Mat (2000),Documentary,2000,Beyond the Mat,1,2000,3.529850746268657,134,1.2606854473280407,Popular,documentary,documentary beyond the mat
3328,Ghost Dog: The Way of the Samurai (1999),Crime|Drama,1999,Ghost Dog: The Way of the Samurai,2,1990,3.843949044585987,314,1.0655114765503115,Blockbuster,crime|drama,crime|drama ghost dog: the way of the samurai
3329,"Year My Voice Broke, The (1987)",Drama,1987,"Year My Voice Broke, The",1,1980,3.814814814814815,27,0.7862783338192769,Moderate,drama,"drama year my voice broke, the"
3330,Splendor in the Grass (1961),Drama,1961,Splendor in the Grass,1,1960,3.759259259259259,108,0.9459245625053025,Popular,drama,drama splendor in the grass
3331,My Tutor (1983),Drama,1983,My Tutor,1,1980,2.3142857142857145,35,1.0508100116920607,Moderate,drama,drama my tutor
3333,"Killing of Sister George, The (1968)",Drama,1968,"Killing of Sister George, The",1,1960,3.5,16,1.1547005383792515,Moderate,drama,"drama killing of sister george, the"
3334,Key Largo (1948),Crime|Drama|Film-Noir|Thriller,1948,Key Largo,4,1940,4.082429501084599,461,0.7841745576508613,Blockbuster,crime|drama|filmnoir|thriller,crime|drama|film-noir|thriller key largo
3335,Jail Bait (1954),Crime|Drama,1954,Jail Bait,2,1950,2.6666666666666665,12,1.2309149097933272,Moderate,crime|drama,crime|drama jail bait
3338,For All Mankind (1989),Documentary,1989,For All Mankind,1,1980,4.444444444444445,27,0.8915558282417287,Moderate,documentary,documentary for all mankind
3339,Cross of Iron (1977),War,1977,Cross of Iron,1,1970,3.744186046511628,43,0.7588532468645403,Moderate,war,war cross of iron
3340,Bride of the Monster (1956),Horror|Sci-Fi,1956,Bride of the Monster,2,1950,2.8028169014084505,71,1.3587780046777234,Popular,horror|scifi,horror|sci-fi bride of the monster
3341,Born Yesterday (1950),Comedy,1950,Born Yesterday,1,1950,4.03954802259887,177,0.8143707967232905,Popular,comedy,comedy born yesterday
3342,Birdy (1984),Drama|War,1984,Birdy,2,1980,3.8565022421524664,223,0.9285464562375683,Blockbuster,drama|war,drama|war birdy
3343,And God Created Woman (1988),Comedy|Drama|Romance,1988,And God Created Woman,3,1980,2.375,40,1.0299987552892653,Moderate,comedy|drama|romance,comedy|drama|romance and god created woman
3344,Blood Feast (1963),Horror,1963,Blood Feast,1,1960,2.6,20,1.142481141154959,Moderate,horror,horror blood feast
3345,"Charlie, the Lonesome Cougar (1967)",Adventure|Children's,1967,"Charlie, the Lonesome Cougar",2,1960,3.130434782608696,23,0.8148813536665076,Moderate,adventure|childrens,"adventure|children's charlie, the lonesome cougar"
3346,Color Me Blood Red (1965),Horror,1965,Color Me Blood Red,1,1960,2.8,5,1.0954451150103321,Niche,horror,horror color me blood red
3347,Never Cry Wolf (1983),Drama,1983,Never Cry Wolf,1,1980,3.981132075471698,212,0.721782050514531,Blockbuster,drama,drama never cry wolf
3349,"Perils of Pauline, The (1947)",Comedy,1947,"Perils of Pauline, The",1,1940,3.4,25,1.1180339887498947,Moderate,comedy,"comedy perils of pauline, the"
3350,"Raisin in the Sun, A (1961)",Drama,1961,"Raisin in the Sun, A",1,1960,3.972027972027972,143,0.8553399451371757,Popular,drama,"drama raisin in the sun, a"
3351,Two Thousand Maniacs! (1964),Horror,1964,Two Thousand Maniacs!,1,1960,3.2666666666666666,15,1.0997835284835873,Moderate,horror,horror two thousand maniacs!
3354,Mission to Mars (2000),Sci-Fi,2000,Mission to Mars,1,2000,2.5952080706179066,793,1.1175040904882698,Blockbuster,scifi,sci-fi mission to mars
3355,"Ninth Gate, The (2000)",Thriller,2000,"Ninth Gate, The",1,2000,2.8758389261744965,298,1.1076806238895114,Blockbuster,thriller,"thriller ninth gate, the"
3357,East-West (Est-ouest) (1999),Drama|Romance,1999,East-West (Est-ouest),2,1990,3.766990291262136,103,1.122006985885295,Popular,drama|romance,drama|romance east-west (est-ouest)
3358,Defending Your Life (1991),Comedy|Romance,1991,Defending Your Life,2,1990,3.681614349775785,446,1.0131597450141894,Blockbuster,comedy|romance,comedy|romance defending your life
3359,Breaking Away (1979),Drama,1979,Breaking Away,1,1970,4.0807692307692305,520,0.7981284614993277,Blockbuster,drama,drama breaking away
3360,Hoosiers (1986),Drama,1986,Hoosiers,1,1980,3.91864406779661,590,0.878042771788702,Blockbuster,drama,drama hoosiers
3361,Bull Durham (1988),Comedy,1988,Bull Durham,1,1980,3.837442922374429,1095,0.9195543989735051,Blockbuster,comedy,comedy bull durham
3362,Dog Day Afternoon (1975),Comedy|Crime|Drama,1975,Dog Day Afternoon,3,1970,3.969934640522876,765,0.8331392854865126,Blockbuster,comedy|crime|drama,comedy|crime|drama dog day afternoon
3363,American Graffiti (1973),Comedy|Drama,1973,American Graffiti,2,1970,4.026262626262627,990,0.8408895403842137,Blockbuster,comedy|drama,comedy|drama american graffiti
3364,"Asphalt Jungle, The (1950)",Crime|Film-Noir,1950,"Asphalt Jungle, The",2,1950,3.9271523178807946,151,0.8334613588191065,Popular,crime|filmnoir,"crime|film-noir asphalt jungle, the"
3365,"Searchers, The (1956)",Western,1956,"Searchers, The",1,1950,4.085714285714285,245,0.9734171683335759,Blockbuster,western,"western searchers, the"
3366,Where Eagles Dare (1969),Action|Adventure|War,1969,Where Eagles Dare,3,1960,3.811320754716981,265,0.7847167934797403,Blockbuster,action|adventure|war,action|adventure|war where eagles dare
3367,"Devil's Brigade, The (1968)",War,1968,"Devil's Brigade, The",1,1960,3.372093023255814,43,0.8735056849367571,Moderate,war,"war devil's brigade, the"
3368,"Big Country, The (1958)",Romance|Western,1958,"Big Country, The",2,1950,3.6507936507936507,63,1.0185177427109955,Popular,romance|western,"romance|western big country, the"
3370,Betrayed (1988),Drama|Thriller,1988,Betrayed,2,1980,3.4302325581395348,86,0.7902449013463909,Popular,drama|thriller,drama|thriller betrayed
3371,Bound for Glory (1976),Drama,1976,Bound for Glory,1,1970,3.7083333333333335,48,1.0305613701224459,Moderate,drama,drama bound for glory
3372,"Bridge at Remagen, The (1969)",Action|War,1969,"Bridge at Remagen, The",2,1960,3.5535714285714284,56,0.8072319224506527,Popular,action|war,"action|war bridge at remagen, the"
3374,Daughters of the Dust (1992),Drama,1992,Daughters of the Dust,1,1990,2.6,15,0.828078671210825,Moderate,drama,drama daughters of the dust
3375,Destination Moon (1950),Sci-Fi,1950,Destination Moon,1,1950,3.3384615384615386,65,1.0349656255904571,Popular,scifi,sci-fi destination moon
3379,On the Beach (1959),Drama,1959,On the Beach,1,1950,3.9473684210526314,95,0.8674788740162505,Popular,drama,drama on the beach
3384,"Taking of Pelham One Two Three, The (1974)",Action,1974,"Taking of Pelham One Two Three, The",1,1970,3.800724637681159,276,0.8136111536565941,Blockbuster,action,"action taking of pelham one two three, the"
3385,Volunteers (1985),Comedy,1985,Volunteers,1,1980,2.5531914893617023,141,0.921377322389023,Popular,comedy,comedy volunteers
3386,JFK (1991),Drama|Mystery,1991,JFK,2,1990,3.755291005291005,756,0.9911721844915333,Blockbuster,drama|mystery,drama|mystery jfk
3387,Who's Harry Crumb? (1989),Comedy,1989,Who's Harry Crumb?,1,1980,2.722543352601156,173,1.0192395732616781,Popular,comedy,comedy who's harry crumb?
3388,Harry and the Hendersons (1987),Comedy,1987,Harry and the Hendersons,1,1980,2.7181208053691277,298,0.9784240534934573,Blockbuster,comedy,comedy harry and the hendersons
3389,Let's Get Harry (1986),Action|Adventure,1986,Let's Get Harry,2,1980,2.710526315789474,38,0.9838670185038084,Moderate,action|adventure,action|adventure let's get harry
3390,Shanghai Surprise (1986),Adventure,1986,Shanghai Surprise,1,1980,1.6666666666666667,33,0.9242113755341181,Moderate,adventure,adventure shanghai surprise
3391,Who's That Girl? (1987),Comedy,1987,Who's That Girl?,1,1980,2.28125,96,1.0331670777402442,Popular,comedy,comedy who's that girl?
3392,She-Devil (1989),Comedy,1989,She-Devil,1,1980,1.9363057324840764,157,1.0107215540269343,Popular,comedy,comedy she-devil
3393,Date with an Angel (1987),Comedy|Fantasy,1987,Date with an Angel,2,1980,2.1372549019607843,51,1.0773970084075277,Popular,comedy|fantasy,comedy|fantasy date with an angel
3394,Blind Date (1987),Comedy|Romance,1987,Blind Date,2,1980,2.6714285714285713,210,1.0173814108115675,Blockbuster,comedy|romance,comedy|romance blind date
3395,Nadine (1987),Comedy,1987,Nadine,1,1980,2.8363636363636364,55,0.9182034867596852,Popular,comedy,comedy nadine
3396,"Muppet Movie, The (1979)",Children's|Comedy,1979,"Muppet Movie, The",2,1970,3.8561827956989245,744,0.9479108992233748,Blockbuster,childrens|comedy,"children's|comedy muppet movie, the"
3397,"Great Muppet Caper, The (1981)",Children's|Comedy,1981,"Great Muppet Caper, The",2,1980,3.7374301675977653,358,0.9187106355128659,Blockbuster,childrens|comedy,"children's|comedy great muppet caper, the"
3398,"Muppets Take Manhattan, The (1984)",Children's|Comedy,1984,"Muppets Take Manhattan, The",2,1980,3.504398826979472,341,0.9750466078747366,Blockbuster,childrens|comedy,"children's|comedy muppets take manhattan, the"
3399,Sesame Street Presents Follow That Bird (1985),Children's|Comedy,1985,Sesame Street Presents Follow That Bird,2,1980,3.1264367816091956,87,1.1289488597512765,Popular,childrens|comedy,children's|comedy sesame street presents follow that bird
3400,We're Back! A Dinosaur's Story (1993),Animation|Children's,1993,We're Back! A Dinosaur's Story,2,1990,2.5172413793103448,29,1.2711268806842335,Moderate,animation|childrens,animation|children's we're back! a dinosaur's story
3401,Baby... Secret of the Lost Legend (1985),Adventure|Sci-Fi,1985,Baby... Secret of the Lost Legend,2,1980,2.106194690265487,113,0.9293126478594569,Popular,adventure|scifi,adventure|sci-fi baby... secret of the lost legend
3402,Turtle Diary (1985),Drama,1985,Turtle Diary,1,1980,3.347826086956522,23,0.7751067757631797,Moderate,drama,drama turtle diary
3403,Raise the Titanic (1980),Drama|Thriller,1980,Raise the Titanic,2,1980,2.78125,32,0.9064064103067462,Moderate,drama|thriller,drama|thriller raise the titanic
3404,Titanic (1953),Action|Drama,1953,Titanic,2,1950,3.452054794520548,219,1.1338142481365132,Blockbuster,action|drama,action|drama titanic
3405,"Night to Remember, A (1958)",Action|Drama,1958,"Night to Remember, A",2,1950,3.875,144,0.8351960533625908,Popular,action|drama,"action|drama night to remember, a"
3406,Captain Horatio Hornblower (1951),Action|Adventure|War,1951,Captain Horatio Hornblower,3,1950,3.7523809523809524,105,0.8295150620062529,Popular,action|adventure|war,action|adventure|war captain horatio hornblower
3408,Erin Brockovich (2000),Drama,2000,Erin Brockovich,1,2000,3.863878326996198,1315,0.8958870252710153,Blockbuster,drama,drama erin brockovich
3409,Final Destination (2000),Drama|Thriller,2000,Final Destination,2,2000,3.272331154684096,459,1.080755240605909,Blockbuster,drama|thriller,drama|thriller final destination
3410,Soft Fruit (1999),Comedy|Drama,1999,Soft Fruit,2,1990,4.333333333333333,9,0.7071067811865476,Niche,comedy|drama,comedy|drama soft fruit
3412,"Bear, The (1988)",Adventure,1988,"Bear, The",1,1980,3.3714285714285714,175,1.0251356592513192,Popular,adventure,"adventure bear, the"
3414,Love Is a Many-Splendored Thing (1955),Romance,1955,Love Is a Many-Splendored Thing,1,1950,3.26,50,0.943506270054764,Moderate,romance,romance love is a many-splendored thing
3415,"Mirror, The (Zerkalo) (1975)",Drama,1975,"Mirror, The (Zerkalo)",1,1970,3.8260869565217392,23,1.3702081432144626,Moderate,drama,"drama mirror, the (zerkalo)"
3416,"Trial, The (Le Procès) (1963)",Drama,1963,"Trial, The (Le Procès)",1,1960,3.9411764705882355,51,1.2395445083720444,Popular,drama,"drama trial, the (le procès)"
3417,"Crimson Pirate, The (1952)",Adventure|Comedy|Sci-Fi,1952,"Crimson Pirate, The",3,1950,3.589041095890411,73,0.9836950808947658,Popular,adventure|comedy|scifi,"adventure|comedy|sci-fi crimson pirate, the"
3418,Thelma & Louise (1991),Action|Drama,1991,Thelma & Louise,2,1990,3.6803105151729003,1417,0.9655728750118034,Blockbuster,action|drama,action|drama thelma & louise
3419,Something for Everyone (1970),Comedy|Crime,1970,Something for Everyone,2,1970,3.1538461538461537,13,1.1435437497937313,Moderate,comedy|crime,comedy|crime something for everyone
3420,...And Justice for All (1979),Drama|Thriller,1979,...And Justice for All,2,1970,3.71356783919598,199,0.8781102494980855,Popular,drama|thriller,drama|thriller ...and justice for all
3421,Animal House (1978),Comedy,1978,Animal House,1,1970,4.053024026512014,1207,0.9767642380341912,Blockbuster,comedy,comedy animal house
3422,She's Gotta Have It (1986),Comedy|Romance,1986,She's Gotta Have It,2,1980,3.4,210,0.9693879092810507,Blockbuster,comedy|romance,comedy|romance she's gotta have it
3423,School Daze (1988),Drama,1988,School Daze,1,1980,2.918918918918919,74,1.0695890486826372,Popular,drama,drama school daze
3424,Do the Right Thing (1989),Comedy|Drama,1989,Do the Right Thing,2,1980,3.880921895006402,781,0.989642344250091,Blockbuster,comedy|drama,comedy|drama do the right thing
3425,Mo' Better Blues (1990),Drama,1990,Mo' Better Blues,1,1990,3.2911392405063293,79,0.9890671431691841,Popular,drama,drama mo' better blues
3426,Jungle Fever (1991),Drama|Romance,1991,Jungle Fever,2,1990,3.1953488372093024,215,0.9710658678998263,Blockbuster,drama|romance,drama|romance jungle fever
3427,Coogan's Bluff (1968),Crime,1968,Coogan's Bluff,1,1960,3.3378378378378377,74,0.76349999824218,Popular,crime,crime coogan's bluff
3428,"Champ, The (1979)",Drama,1979,"Champ, The",1,1970,2.9491525423728815,59,1.0895068294884827,Popular,drama,"drama champ, the"
3429,Creature Comforts (1990),Animation|Comedy,1990,Creature Comforts,2,1990,4.335766423357664,274,0.7916910288545941,Blockbuster,animation|comedy,animation|comedy creature comforts
3430,Death Wish (1974),Action|Drama,1974,Death Wish,2,1970,3.340909090909091,220,1.032423708154257,Blockbuster,action|drama,action|drama death wish
3431,Death Wish II (1982),Action|Drama,1982,Death Wish II,2,1980,2.6705882352941175,85,1.1586962633979299,Popular,action|drama,action|drama death wish ii
3432,Death Wish 3 (1985),Action|Drama,1985,Death Wish 3,2,1980,2.263888888888889,72,1.1257930607573723,Popular,action|drama,action|drama death wish 3
3433,Death Wish 4: The Crackdown (1987),Action|Drama,1987,Death Wish 4: The Crackdown,2,1980,2.1458333333333335,48,1.2546014597054458,Moderate,action|drama,action|drama death wish 4: the crackdown
3434,Death Wish V: The Face of Death (1994),Action|Drama,1994,Death Wish V: The Face of Death,2,1990,2.263157894736842,38,1.329177972471541,Moderate,action|drama,action|drama death wish v: the face of death
3435,Double Indemnity (1944),Crime|Film-Noir,1944,Double Indemnity,2,1940,4.415607985480944,551,0.7407929060686061,Blockbuster,crime|filmnoir,crime|film-noir double indemnity
3436,Dying Young (1991),Drama|Romance,1991,Dying Young,2,1990,2.7890625,128,1.0090327773017542,Popular,drama|romance,drama|romance dying young
3437,Cool as Ice (1991),Drama,1991,Cool as Ice,1,1990,2.0,12,1.4770978917519928,Moderate,drama,drama cool as ice
3438,Teenage Mutant Ninja Turtles (1990),Action|Children's|Fantasy,1990,Teenage Mutant Ninja Turtles,3,1990,2.6779026217228465,534,1.0945877863467042,Blockbuster,action|childrens|fantasy,action|children's|fantasy teenage mutant ninja turtles
3439,Teenage Mutant Ninja Turtles II: The Secret of the Ooze (1991),Action|Children's|Fantasy,1991,Teenage Mutant Ninja Turtles II: The Secret of the Ooze,3,1990,2.1274900398406373,251,1.0879711737451494,Blockbuster,action|childrens|fantasy,action|children's|fantasy teenage mutant ninja turtles ii: the secret of the ooze
3440,Teenage Mutant Ninja Turtles III (1993),Action|Children's|Fantasy,1993,Teenage Mutant Ninja Turtles III,3,1990,1.9202127659574468,188,1.0232672624087227,Popular,action|childrens|fantasy,action|children's|fantasy teenage mutant ninja turtles iii
3441,Red Dawn (1984),Action|War,1984,Red Dawn,2,1980,3.2757894736842106,475,1.011402897249196,Blockbuster,action|war,action|war red dawn
3442,Band of the Hand (1986),Action,1986,Band of the Hand,1,1980,2.3076923076923075,39,0.9501757774733924,Moderate,action,action band of the hand
3443,Born American (1986),Action|Drama|Thriller,1986,Born American,3,1980,3.8,5,0.8366600265340756,Niche,action|drama|thriller,action|drama|thriller born american
3444,Bloodsport (1988),Action,1988,Bloodsport,1,1980,3.225225225225225,222,1.135081751473536,Blockbuster,action,action bloodsport
3445,Eyes of Laura Mars (1978),Mystery|Thriller,1978,Eyes of Laura Mars,2,1970,3.194244604316547,139,0.8670932437508418,Popular,mystery|thriller,mystery|thriller eyes of laura mars
3446,Funny Bones (1995),Comedy,1995,Funny Bones,1,1990,3.41025641025641,39,1.1858363408415424,Moderate,comedy,comedy funny bones
3447,"Good Earth, The (1937)",Drama,1937,"Good Earth, The",1,1930,3.7222222222222223,72,1.1034162344924379,Popular,drama,"drama good earth, the"
3448,"Good Morning, Vietnam (1987)",Comedy|Drama|War,1987,"Good Morning, Vietnam",3,1980,3.733826247689464,1082,0.847994837559648,Blockbuster,comedy|drama|war,"comedy|drama|war good morning, vietnam"
3449,"Good Mother, The (1988)",Drama,1988,"Good Mother, The",1,1980,2.9705882352941178,34,0.968763476704604,Moderate,drama,"drama good mother, the"
3450,Grumpy Old Men (1993),Comedy,1993,Grumpy Old Men,1,1990,3.415327564894932,809,0.9840623132608651,Blockbuster,comedy,comedy grumpy old men
3451,Guess Who's Coming to Dinner (1967),Comedy|Drama,1967,Guess Who's Coming to Dinner,2,1960,3.92,350,0.8527051173717541,Blockbuster,comedy|drama,comedy|drama guess who's coming to dinner
3452,Romeo Must Die (2000),Action|Romance,2000,Romeo Must Die,2,2000,3.1419939577039275,331,1.0065336315685287,Blockbuster,action|romance,action|romance romeo must die
3453,Here on Earth (2000),Drama|Romance,2000,Here on Earth,2,2000,2.4831460674157304,89,1.1393016157294245,Popular,drama|romance,drama|romance here on earth
3454,Whatever It Takes (2000),Comedy|Romance,2000,Whatever It Takes,2,2000,2.697674418604651,43,1.0359004300591237,Moderate,comedy|romance,comedy|romance whatever it takes
3456,"Color of Paradise, The (Rang-e Khoda) (1999)",Drama,1999,"Color of Paradise, The (Rang-e Khoda)",1,1990,3.9384615384615387,65,1.0735007434342307,Popular,drama,"drama color of paradise, the (rang-e khoda)"
3457,Waking the Dead (1999),Drama,1999,Waking the Dead,1,1990,2.99290780141844,141,1.1922155479892365,Popular,drama,drama waking the dead
3459,Gothic (1986),Drama|Horror,1986,Gothic,2,1980,2.774193548387097,62,1.1653375622780096,Popular,drama|horror,drama|horror gothic
3461,Lord of the Flies (1963),Adventure|Drama|Thriller,1963,Lord of the Flies,3,1960,3.6657223796033995,353,0.9807164020981407,Blockbuster,adventure|drama|thriller,adventure|drama|thriller lord of the flies
3462,Modern Times (1936),Comedy,1936,Modern Times,1,1930,4.2360655737704915,305,0.8866763759602125,Blockbuster,comedy,comedy modern times
3463,Last Resort (1994),Comedy,1994,Last Resort,1,1990,1.8,10,0.6324555320336758,Niche,comedy,comedy last resort
3464,Solar Crisis (1993),Sci-Fi|Thriller,1993,Solar Crisis,2,1990,2.45,20,1.2343760409722457,Moderate,scifi|thriller,sci-fi|thriller solar crisis
3465,That's Life! (1986),Drama,1986,That's Life!,1,1980,2.7777777777777777,18,0.8782037520219094,Moderate,drama,drama that's life!
3466,Heart and Souls (1993),Comedy|Fantasy,1993,Heart and Souls,2,1990,3.547945205479452,219,0.9042371597211017,Blockbuster,comedy|fantasy,comedy|fantasy heart and souls
3467,Hud (1963),Drama|Western,1963,Hud,2,1960,4.021505376344086,279,0.9053616625851263,Blockbuster,drama|western,drama|western hud
3468,"Hustler, The (1961)",Drama,1961,"Hustler, The",1,1960,4.24,450,0.7372977809659894,Blockbuster,drama,"drama hustler, the"
3469,Inherit the Wind (1960),Drama,1960,Inherit the Wind,1,1960,4.279850746268656,268,0.8072963015299032,Blockbuster,drama,drama inherit the wind
3470,Dersu Uzala (1974),Adventure|Drama,1974,Dersu Uzala,2,1970,4.326086956521739,92,0.7575074170336321,Popular,adventure|drama,adventure|drama dersu uzala
3471,Close Encounters of the Third Kind (1977),Drama|Sci-Fi,1977,Close Encounters of the Third Kind,2,1970,4.0144727773949,1451,0.9000751201119965,Blockbuster,drama|scifi,drama|sci-fi close encounters of the third kind
3473,Jonah Who Will Be 25 in the Year 2000 (1976),Comedy,1976,Jonah Who Will Be 25 in the Year 2000,1,1970,3.4166666666666665,24,1.0179547554081032,Moderate,comedy,comedy jonah who will be 25 in the year 2000
3474,Retroactive (1997),Sci-Fi|Thriller,1997,Retroactive,2,1990,3.1875,16,0.9105858919765156,Moderate,scifi|thriller,sci-fi|thriller retroactive
3475,"Place in the Sun, A (1951)",Drama|Romance,1951,"Place in the Sun, A",2,1950,3.962686567164179,134,0.8353713902617363,Popular,drama|romance,"drama|romance place in the sun, a"
3476,Jacob's Ladder (1990),Horror|Mystery|Thriller,1990,Jacob's Ladder,3,1990,3.578710644677661,667,1.0644527215090216,Blockbuster,horror|mystery|thriller,horror|mystery|thriller jacob's ladder
3477,Empire Records (1995),Comedy|Drama,1995,Empire Records,2,1990,3.044280442804428,271,1.1441779107424312,Blockbuster,comedy|drama,comedy|drama empire records
3478,"Bamba, La (1987)",Drama,1987,"Bamba, La",1,1980,3.330827067669173,266,0.8307469202189411,Blockbuster,drama,"drama bamba, la"
3479,Ladyhawke (1985),Adventure|Fantasy|Romance,1985,Ladyhawke,3,1980,3.6734317343173433,542,0.9272994768306748,Blockbuster,adventure|fantasy|romance,adventure|fantasy|romance ladyhawke
3480,Lucas (1986),Drama,1986,Lucas,1,1980,3.6258064516129034,155,0.8911424674880576,Popular,drama,drama lucas
3481,High Fidelity (2000),Comedy,2000,High Fidelity,1,2000,3.928623452294246,1373,0.9487620821760077,Blockbuster,comedy,comedy high fidelity
3483,"Road to El Dorado, The (2000)",Animation|Children's,2000,"Road to El Dorado, The",2,2000,3.011904761904762,168,1.1105810921012822,Popular,animation|childrens,"animation|children's road to el dorado, the"
3484,"Skulls, The (2000)",Thriller,2000,"Skulls, The",1,2000,2.728476821192053,302,1.1610155643474263,Blockbuster,thriller,"thriller skulls, the"
3486,Devil Girl From Mars (1954),Sci-Fi,1954,Devil Girl From Mars,1,1950,3.1,10,1.3703203194062976,Niche,scifi,sci-fi devil girl from mars
3487,"Dorado, El (1967)",Western,1967,"Dorado, El",1,1960,3.7205882352941178,68,0.9901844880912553,Popular,western,"western dorado, el"
3488,"Hideous Sun Demon, The (1959)",Horror|Sci-Fi,1959,"Hideous Sun Demon, The",2,1950,2.0,22,1.1126972805283737,Moderate,horror|scifi,"horror|sci-fi hideous sun demon, the"
3489,Hook (1991),Adventure|Fantasy,1991,Hook,2,1990,3.018005540166205,722,1.0708377007670047,Blockbuster,adventure|fantasy,adventure|fantasy hook
3490,Horror Express (1972),Horror,1972,Horror Express,1,1970,2.6470588235294117,17,1.3666188418222285,Moderate,horror,horror horror express
3491,My Chauffeur (1986),Comedy,1986,My Chauffeur,1,1980,2.9393939393939394,66,1.0209917935146406,Popular,comedy,comedy my chauffeur
3492,"Son of the Sheik, The (1926)",Adventure,1926,"Son of the Sheik, The",1,1920,3.5714285714285716,14,1.0894095588038442,Moderate,adventure,"adventure son of the sheik, the"
3494,True Grit (1969),Adventure|Western,1969,True Grit,2,1960,3.7375,320,0.933443417899587,Blockbuster,adventure|western,adventure|western true grit
3495,Roadside Prophets (1992),Comedy|Drama,1992,Roadside Prophets,2,1990,3.75,12,0.8660254037844387,Moderate,comedy|drama,comedy|drama roadside prophets
3496,Madame Sousatzka (1988),Drama,1988,Madame Sousatzka,1,1980,3.2203389830508473,59,0.9661119484316487,Popular,drama,drama madame sousatzka
3497,Max Dugan Returns (1983),Comedy,1983,Max Dugan Returns,1,1980,3.0520833333333335,96,0.9664889431302268,Popular,comedy,comedy max dugan returns
3498,Midnight Express (1978),Drama,1978,Midnight Express,1,1970,4.0067796610169495,295,0.8206237064648629,Blockbuster,drama,drama midnight express
3499,Misery (1990),Horror,1990,Misery,1,1990,3.82579185520362,884,0.8949157673727536,Blockbuster,horror,horror misery
3500,Mr. Saturday Night (1992),Comedy|Drama,1992,Mr. Saturday Night,2,1990,2.711864406779661,177,1.0233220321629042,Popular,comedy|drama,comedy|drama mr. saturday night
3501,Murphy's Romance (1985),Comedy|Romance,1985,Murphy's Romance,2,1980,3.546468401486989,269,0.9975139713632949,Blockbuster,comedy|romance,comedy|romance murphy's romance
3502,My Life (1993),Drama,1993,My Life,1,1990,3.5113636363636362,88,1.0056657677198901,Popular,drama,drama my life
3503,Solaris (Solyaris) (1972),Drama|Sci-Fi,1972,Solaris (Solyaris),2,1970,3.4545454545454546,143,1.1304197944355578,Popular,drama|scifi,drama|sci-fi solaris (solyaris)
3504,Network (1976),Comedy|Drama,1976,Network,2,1970,4.020348837209302,688,0.9106479260607908,Blockbuster,comedy|drama,comedy|drama network
3505,No Way Out (1987),Thriller,1987,No Way Out,1,1980,3.8732394366197185,355,0.8721940880640726,Blockbuster,thriller,thriller no way out
3506,North Dallas Forty (1979),Comedy|Drama,1979,North Dallas Forty,2,1970,3.3652694610778444,167,0.8598072173747483,Popular,comedy|drama,comedy|drama north dallas forty
3507,"Odd Couple, The (1968)",Comedy,1968,"Odd Couple, The",1,1960,4.033419023136247,389,0.8099980156193537,Blockbuster,comedy,"comedy odd couple, the"
3508,"Outlaw Josey Wales, The (1976)",Western,1976,"Outlaw Josey Wales, The",1,1970,4.043835616438356,365,0.8664989396786633,Blockbuster,western,"western outlaw josey wales, the"
3509,Black and White (1999),Drama,1999,Black and White,1,1990,2.847826086956522,92,1.0476009496185381,Popular,drama,drama black and white
3510,Frequency (2000),Drama|Thriller,2000,Frequency,2,2000,3.7588306942752743,821,0.9306753890789204,Blockbuster,drama|thriller,drama|thriller frequency
3511,Ready to Rumble (2000),Comedy,2000,Ready to Rumble,1,2000,2.590909090909091,66,1.1763996276419353,Popular,comedy,comedy ready to rumble
3512,Return to Me (2000),Drama|Romance,2000,Return to Me,2,2000,3.6806167400881056,454,0.9750637351815371,Blockbuster,drama|romance,drama|romance return to me
3513,Rules of Engagement (2000),Drama|Thriller,2000,Rules of Engagement,2,2000,3.3476190476190477,420,0.9024596713136496,Blockbuster,drama|thriller,drama|thriller rules of engagement
3514,Joe Gould's Secret (2000),Drama,2000,Joe Gould's Secret,1,2000,3.161290322580645,62,1.0588200730614843,Popular,drama,drama joe gould's secret
3515,Me Myself I (2000),Comedy,2000,Me Myself I,1,2000,3.1875,192,1.187301926164674,Popular,comedy,comedy me myself i
3516,"Bell, Book and Candle (1958)",Comedy|Romance,1958,"Bell, Book and Candle",2,1950,3.7665198237885464,227,0.8840412802718813,Blockbuster,comedy|romance,"comedy|romance bell, book and candle"
3518,"End of Violence, The (1997)",Drama|Thriller,1997,"End of Violence, The",2,1990,2.8703703703703702,54,0.9721847851432418,Popular,drama|thriller,"drama|thriller end of violence, the"
3519,Force 10 from Navarone (1978),Action|War,1978,Force 10 from Navarone,2,1970,3.3467336683417086,199,0.9019490032517242,Popular,action|war,action|war force 10 from navarone
3520,How to Stuff a Wild Bikini (1965),Comedy,1965,How to Stuff a Wild Bikini,1,1960,2.5625,32,1.3425421240462847,Moderate,comedy,comedy how to stuff a wild bikini
3521,Mystery Train (1989),Comedy|Crime|Drama,1989,Mystery Train,3,1980,3.877659574468085,188,0.9197365648550506,Popular,comedy|crime|drama,comedy|crime|drama mystery train
3523,Taffin (1988),Action|Thriller,1988,Taffin,2,1980,3.125,8,1.246423454758225,Niche,action|thriller,action|thriller taffin
3524,Arthur (1981),Comedy|Romance,1981,Arthur,2,1980,3.4269662921348316,534,1.00715236312037,Blockbuster,comedy|romance,comedy|romance arthur
3525,Bachelor Party (1984),Comedy,1984,Bachelor Party,1,1980,3.138888888888889,360,1.0139082325607538,Blockbuster,comedy,comedy bachelor party
3526,Parenthood (1989),Comedy|Drama,1989,Parenthood,2,1980,3.7694204685573367,811,0.8860242922430054,Blockbuster,comedy|drama,comedy|drama parenthood
3527,Predator (1987),Action|Sci-Fi|Thriller,1987,Predator,3,1980,3.653816499614495,1297,0.9834916728791422,Blockbuster,action|scifi|thriller,action|sci-fi|thriller predator
3528,"Prince of Tides, The (1991)",Drama|Romance,1991,"Prince of Tides, The",2,1990,3.155763239875389,321,1.1070961989680348,Blockbuster,drama|romance,"drama|romance prince of tides, the"
3529,"Postman Always Rings Twice, The (1981)",Crime|Thriller,1981,"Postman Always Rings Twice, The",2,1980,3.470967741935484,155,0.8995646668593377,Popular,crime|thriller,"crime|thriller postman always rings twice, the"
3531,All the Vermeers in New York (1990),Comedy|Drama|Romance,1990,All the Vermeers in New York,3,1990,3.037037037037037,27,1.1596246568305386,Moderate,comedy|drama|romance,comedy|drama|romance all the vermeers in new york
3532,Freedom for Us (À nous la liberté ) (1931),Comedy,1931,Freedom for Us (À nous la liberté ),1,1930,3.761904761904762,21,1.1791845447071423,Moderate,comedy,comedy freedom for us (à nous la liberté )
3533,"Actor's Revenge, An (Yukinojo Henge) (1963)",Drama,1963,"Actor's Revenge, An (Yukinojo Henge)",1,1960,3.2857142857142856,7,1.2535663410560174,Niche,drama,"drama actor's revenge, an (yukinojo henge)"
3534,28 Days (2000),Comedy,2000,28 Days,1,2000,3.0653465346534654,505,0.9202781286331577,Blockbuster,comedy,comedy 28 days
3535,American Psycho (2000),Comedy|Horror|Thriller,2000,American Psycho,3,2000,3.219047619047619,630,1.1906975341204908,Blockbuster,comedy|horror|thriller,comedy|horror|thriller american psycho
3536,Keeping the Faith (2000),Comedy|Romance,2000,Keeping the Faith,2,2000,3.7484662576687118,489,0.8986115766919883,Blockbuster,comedy|romance,comedy|romance keeping the faith
3537,Where the Money Is (2000),Comedy|Drama,2000,Where the Money Is,2,2000,3.323529411764706,34,0.8060599359358185,Moderate,comedy|drama,comedy|drama where the money is
3538,East is East (1999),Comedy,1999,East is East,1,1990,3.664772727272727,176,0.9357093288259707,Popular,comedy,comedy east is east
3539,"Filth and the Fury, The (2000)",Documentary,2000,"Filth and the Fury, The",1,2000,3.8461538461538463,39,0.9877795817004376,Moderate,documentary,"documentary filth and the fury, the"
3540,Passion of Mind (1999),Romance|Thriller,1999,Passion of Mind,2,1990,2.75,28,1.174576361770332,Moderate,romance|thriller,romance|thriller passion of mind
3543,Diner (1982),Comedy|Drama,1982,Diner,2,1980,3.9225268176400476,839,0.871152805994521,Blockbuster,comedy|drama,comedy|drama diner
3544,Shakes the Clown (1991),Comedy,1991,Shakes the Clown,1,1990,2.917525773195876,97,1.280218919208608,Popular,comedy,comedy shakes the clown
3545,Cabaret (1972),Musical|War,1972,Cabaret,2,1970,3.9029345372460496,443,1.0537867346528285,Blockbuster,musical|war,musical|war cabaret
3546,What Ever Happened to Baby Jane? (1962),Drama|Thriller,1962,What Ever Happened to Baby Jane?,2,1960,3.7219730941704037,223,0.9835638724377319,Blockbuster,drama|thriller,drama|thriller what ever happened to baby jane?
3547,Prick Up Your Ears (1987),Drama,1987,Prick Up Your Ears,1,1980,3.792207792207792,77,0.8002904462503193,Popular,drama,drama prick up your ears
3548,Auntie Mame (1958),Comedy|Drama,1958,Auntie Mame,2,1950,3.835766423357664,274,1.0047679174579214,Blockbuster,comedy|drama,comedy|drama auntie mame
3549,Guys and Dolls (1955),Musical,1955,Guys and Dolls,1,1950,3.792307692307692,260,1.0262662681889398,Blockbuster,musical,musical guys and dolls
3550,"Hunger, The (1983)",Horror,1983,"Hunger, The",1,1980,3.43125,160,0.9881172937275831,Popular,horror,"horror hunger, the"
3551,Marathon Man (1976),Thriller,1976,Marathon Man,1,1970,3.93,400,0.7820671791359767,Blockbuster,thriller,thriller marathon man
3552,Caddyshack (1980),Comedy,1980,Caddyshack,1,1980,3.8469493278179936,967,1.0442331532670537,Blockbuster,comedy,comedy caddyshack
3553,Gossip (2000),Drama|Thriller,2000,Gossip,2,2000,2.768292682926829,82,1.0458475266890497,Popular,drama|thriller,drama|thriller gossip
3554,Love and Basketball (2000),Drama|Romance,2000,Love and Basketball,2,2000,3.453781512605042,119,1.11801806449479,Popular,drama|romance,drama|romance love and basketball
3555,U-571 (2000),Action|Thriller,2000,U-571,2,2000,3.539647577092511,908,0.9412585625718631,Blockbuster,action|thriller,action|thriller u-571
3556,"Virgin Suicides, The (1999)",Comedy|Drama,1999,"Virgin Suicides, The",2,1990,3.6310975609756095,328,0.9990252204345844,Blockbuster,comedy|drama,"comedy|drama virgin suicides, the"
3557,Jennifer 8 (1992),Thriller,1992,Jennifer 8,1,1990,2.896551724137931,116,0.8883723303330362,Popular,thriller,thriller jennifer 8
3559,Limelight (1952),Drama,1952,Limelight,1,1950,3.6666666666666665,30,0.9589266029707683,Moderate,drama,drama limelight
3562,Committed (2000),Comedy|Drama,2000,Committed,2,2000,3.0384615384615383,26,1.076318511622623,Moderate,comedy|drama,comedy|drama committed
3563,"Crow: Salvation, The (2000)",Action|Horror,2000,"Crow: Salvation, The",2,2000,1.9230769230769231,13,0.9540735874430285,Moderate,action|horror,"action|horror crow: salvation, the"
3564,"Flintstones in Viva Rock Vegas, The (2000)",Children's|Comedy,2000,"Flintstones in Viva Rock Vegas, The",2,2000,1.8046875,128,0.9561948352674394,Popular,childrens|comedy,"children's|comedy flintstones in viva rock vegas, the"
3565,Where the Heart Is (2000),Comedy|Drama,2000,Where the Heart Is,2,2000,3.267148014440433,277,1.0971488856521296,Blockbuster,comedy|drama,comedy|drama where the heart is
3566,"Big Kahuna, The (2000)",Comedy|Drama,2000,"Big Kahuna, The",2,2000,3.3717105263157894,304,1.100549983309899,Blockbuster,comedy|drama,"comedy|drama big kahuna, the"
3567,Bossa Nova (1999),Comedy,1999,Bossa Nova,1,1990,3.4,35,0.881175685227012,Moderate,comedy,comedy bossa nova
3568,Smiling Fish and Goat on Fire (1999),Drama,1999,Smiling Fish and Goat on Fire,1,1990,3.269230769230769,26,1.1509193649493368,Moderate,drama,drama smiling fish and goat on fire
3569,"Idiots, The (Idioterne) (1998)",Comedy|Drama,1998,"Idiots, The (Idioterne)",2,1990,3.3513513513513513,37,1.5314520382125407,Moderate,comedy|drama,"comedy|drama idiots, the (idioterne)"
3570,"Last September, The (1999)",Drama,1999,"Last September, The",1,1990,3.9,10,0.8755950357709131,Niche,drama,"drama last september, the"
3571,Time Code (2000),Drama,2000,Time Code,1,2000,3.377952755905512,127,1.1542133572008069,Popular,drama,drama time code
3572,Carnosaur (1993),Horror|Sci-Fi,1993,Carnosaur,2,1990,1.7272727272727273,77,0.9267425071945,Popular,horror|scifi,horror|sci-fi carnosaur
3573,Carnosaur 2 (1995),Horror|Sci-Fi,1995,Carnosaur 2,2,1990,1.4615384615384615,26,0.7605665904189707,Moderate,horror|scifi,horror|sci-fi carnosaur 2
3574,Carnosaur 3: Primal Species (1996),Horror|Sci-Fi,1996,Carnosaur 3: Primal Species,2,1990,1.0588235294117647,17,0.24253562503633297,Moderate,horror|scifi,horror|sci-fi carnosaur 3: primal species
3576,"Hidden, The (1987)",Action|Horror|Sci-Fi,1987,"Hidden, The",3,1980,3.683098591549296,284,0.8725877870310517,Blockbuster,action|horror|scifi,"action|horror|sci-fi hidden, the"
3577,Two Moon Juction (1988),Drama,1988,Two Moon Juction,1,1980,2.65,60,1.0865120683067775,Popular,drama,drama two moon juction
3578,Gladiator (2000),Action|Drama,2000,Gladiator,2,2000,4.106029106029106,1924,0.9347873477576876,Blockbuster,action|drama,action|drama gladiator
3579,I Dreamed of Africa (2000),Drama,2000,I Dreamed of Africa,1,2000,2.485294117647059,68,1.2397959275842272,Popular,drama,drama i dreamed of africa
3580,Up at the Villa (2000),Drama,2000,Up at the Villa,1,2000,3.0689655172413794,29,0.9975339050005346,Moderate,drama,drama up at the villa
3581,Human Traffic (1999),Drama,1999,Human Traffic,1,1990,2.7857142857142856,14,0.8925823753039808,Moderate,drama,drama human traffic
3584,Breathless (1983),Action|Drama|Romance|Thriller,1983,Breathless,4,1980,2.7674418604651163,129,0.956161171584849,Popular,action|drama|romance|thriller,action|drama|romance|thriller breathless
3585,"Great Locomotive Chase, The (1956)",Adventure|War,1956,"Great Locomotive Chase, The",2,1950,3.8421052631578947,19,0.9581903020646578,Moderate,adventure|war,"adventure|war great locomotive chase, the"
3586,"Idolmaker, The (1980)",Drama,1980,"Idolmaker, The",1,1980,3.392857142857143,28,1.1655323283657166,Moderate,drama,"drama idolmaker, the"
3587,Inferno (1980),Horror,1980,Inferno,1,1980,3.0,30,1.2865350418053536,Moderate,horror,horror inferno
3588,"King of Marvin Gardens, The (1972)",Crime|Drama,1972,"King of Marvin Gardens, The",2,1970,3.3333333333333335,48,0.9070253775176268,Moderate,crime|drama,"crime|drama king of marvin gardens, the"
3590,"Lords of Flatbush, The (1974)",Comedy,1974,"Lords of Flatbush, The",1,1970,2.8588235294117648,85,0.8040513661699581,Popular,comedy,"comedy lords of flatbush, the"
3591,Mr. Mom (1983),Comedy|Drama,1983,Mr. Mom,2,1980,3.4076433121019107,628,0.870977481733746,Blockbuster,comedy|drama,comedy|drama mr. mom
3592,Time Masters (Les Maîtres du Temps) (1982),Animation|Sci-Fi,1982,Time Masters (Les Maîtres du Temps),2,1980,2.5,8,1.3093073414159542,Niche,animation|scifi,animation|sci-fi time masters (les maîtres du temps)
3593,Battlefield Earth (2000),Action|Sci-Fi,2000,Battlefield Earth,2,2000,1.6111111111111112,342,0.9554255899856088,Blockbuster,action|scifi,action|sci-fi battlefield earth
3594,Center Stage (2000),Drama,2000,Center Stage,1,2000,3.302197802197802,182,1.0469084212222584,Popular,drama,drama center stage
3596,Screwed (2000),Comedy,2000,Screwed,1,2000,2.533333333333333,60,1.2949270860523732,Popular,comedy,comedy screwed
3597,Whipped (2000),Comedy,2000,Whipped,1,2000,2.72972972972973,37,1.2393692089268784,Moderate,comedy,comedy whipped
3598,Hamlet (2000),Drama,2000,Hamlet,1,2000,3.458100558659218,179,1.223450072425838,Popular,drama,drama hamlet
3599,Anchors Aweigh (1945),Comedy|Musical,1945,Anchors Aweigh,2,1940,3.6310679611650487,103,1.0193259139575575,Popular,comedy|musical,comedy|musical anchors aweigh
3600,Blue Hawaii (1961),Comedy|Musical,1961,Blue Hawaii,2,1960,2.8264462809917354,121,1.0382492150283031,Popular,comedy|musical,comedy|musical blue hawaii
3602,G. I. Blues (1960),Musical,1960,G. I. Blues,1,1960,2.979591836734694,49,0.8288997707394861,Moderate,musical,musical g. i. blues
3604,Gypsy (1962),Musical,1962,Gypsy,1,1960,3.69672131147541,122,0.9349887899826966,Popular,musical,musical gypsy
3605,King Creole (1958),Drama|Musical,1958,King Creole,2,1950,3.0980392156862746,51,1.024790748607428,Popular,drama|musical,drama|musical king creole
3606,On the Town (1949),Musical,1949,On the Town,1,1940,3.940828402366864,169,0.8359777709211043,Popular,musical,musical on the town
3608,Pee-wee's Big Adventure (1985),Comedy,1985,Pee-wee's Big Adventure,1,1980,3.40534262485482,861,1.1859327718924255,Blockbuster,comedy,comedy pee-wee's big adventure
3610,Roustabout (1964),Musical,1964,Roustabout,1,1960,2.5294117647058822,34,0.9919461775980272,Moderate,musical,musical roustabout
3611,Saludos Amigos (1943),Animation|Children's|Comedy,1943,Saludos Amigos,3,1940,3.066666666666667,15,1.1629191512658792,Moderate,animation|childrens|comedy,animation|children's|comedy saludos amigos
3612,"Slipper and the Rose, The (1976)",Adventure|Musical|Romance,1976,"Slipper and the Rose, The",3,1970,3.6333333333333333,30,1.1290317283753195,Moderate,adventure|musical|romance,"adventure|musical|romance slipper and the rose, the"
3613,Things Change (1988),Comedy,1988,Things Change,1,1980,3.75531914893617,94,0.8384082488098421,Popular,comedy,comedy things change
3614,Honeymoon in Vegas (1992),Comedy|Romance,1992,Honeymoon in Vegas,2,1990,3.2195571955719555,542,0.8564992300658515,Blockbuster,comedy|romance,comedy|romance honeymoon in vegas
3615,Dinosaur (2000),Animation|Children's,2000,Dinosaur,2,2000,3.217391304347826,345,1.0182857976137347,Blockbuster,animation|childrens,animation|children's dinosaur
3616,Loser (2000),Comedy|Romance,2000,Loser,2,2000,2.4565217391304346,138,1.0882220496989423,Popular,comedy|romance,comedy|romance loser
3617,Road Trip (2000),Comedy,2000,Road Trip,1,2000,3.2673031026252985,419,1.106810206741125,Blockbuster,comedy,comedy road trip
3618,Small Time Crooks (2000),Comedy,2000,Small Time Crooks,1,2000,3.3712737127371275,369,1.0109932446058298,Blockbuster,comedy,comedy small time crooks
3619,"Hollywood Knights, The (1980)",Comedy,1980,"Hollywood Knights, The",1,1980,3.260869565217391,92,1.0779464116162232,Popular,comedy,"comedy hollywood knights, the"
3620,"Myth of Fingerprints, The (1997)",Comedy|Drama,1997,"Myth of Fingerprints, The",2,1990,3.0,50,1.0690449676496974,Moderate,comedy|drama,"comedy|drama myth of fingerprints, the"
3622,"Twelve Chairs, The (1970)",Comedy,1970,"Twelve Chairs, The",1,1970,3.8333333333333335,84,0.8478652617061464,Popular,comedy,"comedy twelve chairs, the"
3623,Mission: Impossible 2 (2000),Action|Thriller,2000,Mission: Impossible 2,2,2000,3.1957349581111956,1313,1.1114345116117705,Blockbuster,action|thriller,action|thriller mission: impossible 2
3624,Shanghai Noon (2000),Action,2000,Shanghai Noon,1,2000,3.6548672566371683,791,0.9512009471455367,Blockbuster,action,action shanghai noon
3625,Better Living Through Circuitry (1999),Documentary,1999,Better Living Through Circuitry,1,1990,3.8125,16,0.9810708435174292,Moderate,documentary,documentary better living through circuitry
3626,8 1/2 Women (1999),Comedy,1999,8 1/2 Women,1,1990,2.4693877551020407,49,1.3555755360781654,Moderate,comedy,comedy 8 1/2 women
3627,Carnival of Souls (1962),Horror|Thriller,1962,Carnival of Souls,2,1960,3.4766355140186915,107,1.1923165528176998,Popular,horror|thriller,horror|thriller carnival of souls
3628,Flying Tigers (1942),Action|Drama|War,1942,Flying Tigers,3,1940,3.4158415841584158,101,0.8633345438782496,Popular,action|drama|war,action|drama|war flying tigers
3629,"Gold Rush, The (1925)",Comedy,1925,"Gold Rush, The",1,1920,4.189090909090909,275,0.9165296191614679,Blockbuster,comedy,"comedy gold rush, the"
3632,Monsieur Verdoux (1947),Comedy,1947,Monsieur Verdoux,1,1940,3.6,40,1.1047682202674098,Moderate,comedy,comedy monsieur verdoux
3633,On Her Majesty's Secret Service (1969),Action,1969,On Her Majesty's Secret Service,1,1960,3.461756373937677,353,0.9795257883400409,Blockbuster,action,action on her majesty's secret service
3634,Seven Days in May (1964),Thriller,1964,Seven Days in May,1,1960,4.254545454545455,165,0.7296386129744213,Popular,thriller,thriller seven days in may
3635,"Spy Who Loved Me, The (1977)",Action,1977,"Spy Who Loved Me, The",1,1970,3.6057494866529773,487,0.8268935140729975,Blockbuster,action,"action spy who loved me, the"
3636,Those Who Love Me Can Take the Train (Ceux qui m'aiment prendront le train) (1998),Drama,1998,Those Who Love Me Can Take the Train (Ceux qui m'aiment prendront le train),1,1990,2.7777777777777777,9,1.3944333775567925,Niche,drama,drama those who love me can take the train (ceux qui m'aiment prendront le train)
3637,Vagabond (Sans toit ni loi) (1985),Drama,1985,Vagabond (Sans toit ni loi),1,1980,3.95,20,0.8870412083230168,Moderate,drama,drama vagabond (sans toit ni loi)
3638,Moonraker (1979),Action|Romance|Sci-Fi,1979,Moonraker,3,1970,3.191717791411043,652,0.9923170886436263,Blockbuster,action|romance|scifi,action|romance|sci-fi moonraker
3639,"Man with the Golden Gun, The (1974)",Action,1974,"Man with the Golden Gun, The",1,1970,3.629067245119306,461,0.8412858932395787,Blockbuster,action,"action man with the golden gun, the"
3640,"King in New York, A (1957)",Comedy|Drama,1957,"King in New York, A",2,1950,3.4166666666666665,12,0.996204919895622,Moderate,comedy|drama,"comedy|drama king in new york, a"
3641,"Woman of Paris, A (1923)",Drama,1923,"Woman of Paris, A",1,1920,2.75,8,1.4880476182856899,Niche,drama,"drama woman of paris, a"
3642,In Old California (1942),Western,1942,In Old California,1,1940,3.076923076923077,13,0.8623164985025763,Moderate,western,western in old california
3643,"Fighting Seabees, The (1944)",Action|Drama|War,1944,"Fighting Seabees, The",3,1940,3.4356435643564356,101,0.8051812415122254,Popular,action|drama|war,"action|drama|war fighting seabees, the"
3644,Dark Command (1940),Western,1940,Dark Command,1,1940,3.3529411764705883,17,0.7859052479933755,Moderate,western,western dark command
3645,Cleo From 5 to 7 (Cléo de 5 à 7) (1962),Drama,1962,Cleo From 5 to 7 (Cléo de 5 à 7),1,1960,3.611111111111111,18,1.3779306261410682,Moderate,drama,drama cleo from 5 to 7 (cléo de 5 à 7)
3646,Big Momma's House (2000),Comedy,2000,Big Momma's House,1,2000,2.4444444444444446,180,1.1247456433609626,Popular,comedy,comedy big momma's house
3648,"Abominable Snowman, The (1957)",Horror|Sci-Fi,1957,"Abominable Snowman, The",2,1950,2.6666666666666665,9,0.8660254037844386,Niche,horror|scifi,"horror|sci-fi abominable snowman, the"
3649,American Gigolo (1980),Drama,1980,American Gigolo,1,1980,3.169491525423729,295,0.9395421951634545,Blockbuster,drama,drama american gigolo
3652,City of the Living Dead (Paura nella città dei morti viventi) (1980),Horror,1980,City of the Living Dead (Paura nella città dei morti viventi),1,1980,3.0,5,1.224744871391589,Niche,horror,horror city of the living dead (paura nella città dei morti viventi)
3653,"Endless Summer, The (1966)",Documentary,1966,"Endless Summer, The",1,1960,3.791946308724832,149,0.8720523151399877,Popular,documentary,"documentary endless summer, the"
3654,"Guns of Navarone, The (1961)",Action|Drama|War,1961,"Guns of Navarone, The",3,1960,3.9641434262948207,502,0.77813762729519,Blockbuster,action|drama|war,"action|drama|war guns of navarone, the"
3655,Blow-Out (La Grande Bouffe) (1973),Drama,1973,Blow-Out (La Grande Bouffe),1,1970,3.78,50,0.8640200300021394,Moderate,drama,drama blow-out (la grande bouffe)
3657,Pandora and the Flying Dutchman (1951),Drama,1951,Pandora and the Flying Dutchman,1,1950,3.6666666666666665,6,1.0327955589886444,Niche,drama,drama pandora and the flying dutchman
3658,Quatermass and the Pit (1967),Sci-Fi,1967,Quatermass and the Pit,1,1960,3.652173913043478,69,1.1482222442761856,Popular,scifi,sci-fi quatermass and the pit
3659,Quatermass II (1957),Sci-Fi|Thriller,1957,Quatermass II,2,1950,3.210526315789474,38,1.3785596623041043,Moderate,scifi|thriller,sci-fi|thriller quatermass ii
3660,Puppet Master (1989),Horror|Sci-Fi|Thriller,1989,Puppet Master,3,1980,2.859872611464968,157,1.1682695878186606,Popular,horror|scifi|thriller,horror|sci-fi|thriller puppet master
3661,Puppet Master II (1990),Horror|Sci-Fi|Thriller,1990,Puppet Master II,3,1990,2.207317073170732,82,1.1192789221775035,Popular,horror|scifi|thriller,horror|sci-fi|thriller puppet master ii
3662,Puppet Master III: Toulon's Revenge (1991),Horror|Sci-Fi|Thriller,1991,Puppet Master III: Toulon's Revenge,3,1990,2.097826086956522,92,1.167883241649258,Popular,horror|scifi|thriller,horror|sci-fi|thriller puppet master iii: toulon's revenge
3663,Puppet Master 4 (1993),Horror|Sci-Fi|Thriller,1993,Puppet Master 4,3,1990,1.8620689655172413,58,1.1308788053338417,Popular,horror|scifi|thriller,horror|sci-fi|thriller puppet master 4
3664,Puppet Master 5: The Final Chapter (1994),Horror|Sci-Fi|Thriller,1994,Puppet Master 5: The Final Chapter,3,1990,1.6851851851851851,54,1.0608660412663935,Popular,horror|scifi|thriller,horror|sci-fi|thriller puppet master 5: the final chapter
3665,Curse of the Puppet Master (1998),Horror|Sci-Fi|Thriller,1998,Curse of the Puppet Master,3,1990,1.7307692307692308,26,1.115623316633076,Moderate,horror|scifi|thriller,horror|sci-fi|thriller curse of the puppet master
3666,Retro Puppetmaster (1999),Horror|Sci-Fi|Thriller,1999,Retro Puppetmaster,3,1990,1.6666666666666667,6,0.816496580927726,Niche,horror|scifi|thriller,horror|sci-fi|thriller retro puppetmaster
3667,Rent-A-Cop (1988),Action|Comedy,1988,Rent-A-Cop,2,1980,1.9142857142857144,35,0.8178676928606547,Moderate,action|comedy,action|comedy rent-a-cop
3668,Romeo and Juliet (1968),Drama|Romance,1968,Romeo and Juliet,2,1960,3.9157303370786516,356,0.9153955661734593,Blockbuster,drama|romance,drama|romance romeo and juliet
3669,Stay Tuned (1992),Comedy,1992,Stay Tuned,1,1990,2.380281690140845,71,1.005217775738153,Popular,comedy,comedy stay tuned
3670,"Story of G.I. Joe, The (1945)",War,1945,"Story of G.I. Joe, The",1,1940,3.6666666666666665,21,1.110555416597179,Moderate,war,"war story of g.i. joe, the"
3671,Blazing Saddles (1974),Comedy|Western,1974,Blazing Saddles,2,1970,4.047363717605005,1119,0.9507034035433375,Blockbuster,comedy|western,comedy|western blazing saddles
3672,Benji (1974),Adventure|Children's,1974,Benji,2,1970,2.967948717948718,156,1.0249775562916346,Popular,adventure|childrens,adventure|children's benji
3673,Benji the Hunted (1987),Adventure|Children's,1987,Benji the Hunted,2,1980,2.3225806451612905,31,1.2750711555097243,Moderate,adventure|childrens,adventure|children's benji the hunted
3674,For the Love of Benji (1977),Adventure|Children's,1977,For the Love of Benji,2,1970,2.595744680851064,47,1.1162743637359658,Moderate,adventure|childrens,adventure|children's for the love of benji
3675,White Christmas (1954),Musical,1954,White Christmas,1,1950,3.8265682656826567,271,0.9522851823223358,Blockbuster,musical,musical white christmas
3676,Eraserhead (1977),Drama|Horror,1977,Eraserhead,2,1970,3.4673366834170856,199,1.2663829196586178,Popular,drama|horror,drama|horror eraserhead
3677,Baraka (1992),Documentary,1992,Baraka,1,1990,3.888888888888889,45,0.9821641739782939,Moderate,documentary,documentary baraka
3678,"Man with the Golden Arm, The (1955)",Drama,1955,"Man with the Golden Arm, The",1,1950,3.7555555555555555,90,0.9156702108735155,Popular,drama,"drama man with the golden arm, the"
3679,"Decline of Western Civilization, The (1981)",Documentary,1981,"Decline of Western Civilization, The",1,1980,4.274193548387097,62,0.8715795880574246,Popular,documentary,"documentary decline of western civilization, the"
3680,"Decline of Western Civilization Part II: The Metal Years, The (1988)",Documentary,1988,"Decline of Western Civilization Part II: The Metal Years, The",1,1980,3.9361702127659575,47,0.9869640608220247,Moderate,documentary,"documentary decline of western civilization part ii: the metal years, the"
3681,For a Few Dollars More (1965),Western,1965,For a Few Dollars More,1,1960,3.916923076923077,325,0.858431175791484,Blockbuster,western,western for a few dollars more
3682,Magnum Force (1973),Western,1973,Magnum Force,1,1970,3.6904761904761907,210,0.8092791771148777,Blockbuster,western,western magnum force
3683,Blood Simple (1984),Drama|Film-Noir,1984,Blood Simple,2,1980,4.218152866242038,628,0.8214751749371509,Blockbuster,drama|filmnoir,drama|film-noir blood simple
3684,"Fabulous Baker Boys, The (1989)",Drama|Romance,1989,"Fabulous Baker Boys, The",2,1980,3.374301675977654,358,0.888525634010692,Blockbuster,drama|romance,"drama|romance fabulous baker boys, the"
3685,Prizzi's Honor (1985),Comedy|Drama|Romance,1985,Prizzi's Honor,3,1980,3.5926605504587155,545,0.9290755230749015,Blockbuster,comedy|drama|romance,comedy|drama|romance prizzi's honor
3686,Flatliners (1990),Thriller,1990,Flatliners,1,1990,3.2542372881355934,413,0.9194567369542144,Blockbuster,thriller,thriller flatliners
3688,Porky's (1981),Comedy,1981,Porky's,1,1980,2.734513274336283,339,1.1565432512375113,Blockbuster,comedy,comedy porky's
3689,Porky's II: The Next Day (1983),Comedy,1983,Porky's II: The Next Day,1,1980,2.0425531914893615,141,1.0479390687407897,Popular,comedy,comedy porky's ii: the next day
3690,Porky's Revenge (1985),Comedy,1985,Porky's Revenge,1,1980,2.040983606557377,122,1.0787009403617385,Popular,comedy,comedy porky's revenge
3691,Private School (1983),Comedy,1983,Private School,1,1980,2.5714285714285716,42,0.9663321941277055,Moderate,comedy,comedy private school
3692,Class of Nuke 'Em High (1986),Comedy|Horror,1986,Class of Nuke 'Em High,2,1980,2.293103448275862,58,1.0597686058204583,Popular,comedy|horror,comedy|horror class of nuke 'em high
3693,"Toxic Avenger, The (1985)",Comedy|Horror,1985,"Toxic Avenger, The",2,1980,2.697802197802198,182,1.2176853345252192,Popular,comedy|horror,"comedy|horror toxic avenger, the"
3694,"Toxic Avenger, Part II, The (1989)",Comedy|Horror,1989,"Toxic Avenger, Part II, The",2,1980,1.8548387096774193,62,1.0218397775267962,Popular,comedy|horror,"comedy|horror toxic avenger, part ii, the"
3695,"Toxic Avenger Part III: The Last Temptation of Toxie, The (1989)",Comedy|Horror,1989,"Toxic Avenger Part III: The Last Temptation of Toxie, The",2,1980,1.8113207547169812,53,1.0571479005320965,Popular,comedy|horror,"comedy|horror toxic avenger part iii: the last temptation of toxie, the"
3696,Night of the Creeps (1986),Comedy|Horror|Sci-Fi,1986,Night of the Creeps,3,1980,2.5538461538461537,65,1.2123165999282277,Popular,comedy|horror|scifi,comedy|horror|sci-fi night of the creeps
3697,Predator 2 (1990),Action|Sci-Fi|Thriller,1990,Predator 2,3,1990,2.8678071539657854,643,1.0274758170647091,Blockbuster,action|scifi|thriller,action|sci-fi|thriller predator 2
3698,"Running Man, The (1987)",Action|Adventure|Sci-Fi,1987,"Running Man, The",3,1980,3.1986301369863015,730,0.919383277318633,Blockbuster,action|adventure|scifi,"action|adventure|sci-fi running man, the"
3699,Starman (1984),Adventure|Drama|Romance|Sci-Fi,1984,Starman,4,1980,3.461271676300578,865,0.9298002331470269,Blockbuster,adventure|drama|romance|scifi,adventure|drama|romance|sci-fi starman
3700,"Brother from Another Planet, The (1984)",Drama|Sci-Fi,1984,"Brother from Another Planet, The",2,1980,3.5853658536585367,246,1.0374759738022967,Blockbuster,drama|scifi,"drama|sci-fi brother from another planet, the"
3701,Alien Nation (1988),Crime|Drama|Sci-Fi,1988,Alien Nation,3,1980,3.2242063492063493,504,0.9155870071562421,Blockbuster,crime|drama|scifi,crime|drama|sci-fi alien nation
3702,Mad Max (1979),Action|Sci-Fi,1979,Mad Max,2,1970,3.6641651031894935,1066,0.9928245413457704,Blockbuster,action|scifi,action|sci-fi mad max
3703,Mad Max 2 (a.k.a. The Road Warrior) (1981),Action|Sci-Fi,1981,Mad Max 2 (a.k.a. The Road Warrior),2,1980,3.6740812379110253,1034,1.0183055308162738,Blockbuster,action|scifi,action|sci-fi mad max 2 (a.k.a. the road warrior)
3704,Mad Max Beyond Thunderdome (1985),Action|Sci-Fi,1985,Mad Max Beyond Thunderdome,2,1980,3.1662049861495847,722,0.9711906998103552,Blockbuster,action|scifi,action|sci-fi mad max beyond thunderdome
3705,Bird on a Wire (1990),Action|Adventure|Romance|Thriller,1990,Bird on a Wire,4,1990,2.5842105263157893,380,0.9419920272000336,Blockbuster,action|adventure|romance|thriller,action|adventure|romance|thriller bird on a wire
3706,Angel Heart (1987),Film-Noir|Mystery|Thriller,1987,Angel Heart,3,1980,3.404017857142857,448,1.1111321672927632,Blockbuster,filmnoir|mystery|thriller,film-noir|mystery|thriller angel heart
3707,Nine 1/2 Weeks (1986),Drama,1986,Nine 1/2 Weeks,1,1980,3.0843881856540083,237,1.0898457290278143,Blockbuster,drama,drama nine 1/2 weeks
3708,Firestarter (1984),Horror|Thriller,1984,Firestarter,2,1980,2.9812734082397006,267,1.0091803549795677,Blockbuster,horror|thriller,horror|thriller firestarter
3709,Sleepwalkers (1992),Horror,1992,Sleepwalkers,1,1990,2.3893805309734515,113,0.9583619611327152,Popular,horror,horror sleepwalkers
3710,Action Jackson (1988),Action|Comedy,1988,Action Jackson,2,1980,2.254054054054054,185,0.947133717946402,Popular,action|comedy,action|comedy action jackson
3711,Sarafina! (1992),Drama,1992,Sarafina!,1,1990,3.212121212121212,33,1.0234004518508308,Moderate,drama,drama sarafina!
3712,Soapdish (1991),Comedy,1991,Soapdish,1,1990,3.23013698630137,365,0.9702561307227997,Blockbuster,comedy,comedy soapdish
3713,"Long Walk Home, The (1990)",Drama,1990,"Long Walk Home, The",1,1990,3.7411764705882353,85,0.8187234717835443,Popular,drama,"drama long walk home, the"
3714,Clara's Heart (1988),Drama,1988,Clara's Heart,1,1980,3.1363636363636362,66,0.9589475583056769,Popular,drama,drama clara's heart
3715,Burglar (1987),Comedy,1987,Burglar,1,1980,2.4545454545454546,88,1.0923884083473907,Popular,comedy,comedy burglar
3716,Fatal Beauty (1987),Action|Crime,1987,Fatal Beauty,2,1980,2.373134328358209,67,0.9508500327143077,Popular,action|crime,action|crime fatal beauty
3717,Gone in 60 Seconds (2000),Action|Crime,2000,Gone in 60 Seconds,2,2000,2.9743150684931505,584,1.1148573476940318,Blockbuster,action|crime,action|crime gone in 60 seconds
3718,American Pimp (1999),Documentary,1999,American Pimp,1,1990,3.3114754098360657,61,1.3728435648506763,Popular,documentary,documentary american pimp
3719,Love's Labour's Lost (2000),Comedy|Romance,2000,Love's Labour's Lost,2,2000,3.022222222222222,45,1.1772249512555304,Moderate,comedy|romance,comedy|romance love's labour's lost
3720,Sunshine (1999),Drama,1999,Sunshine,1,1990,3.6666666666666665,87,1.0854927791760804,Popular,drama,drama sunshine
3721,Trixie (1999),Comedy,1999,Trixie,1,1990,2.5833333333333335,24,1.0598058340078627,Moderate,comedy,comedy trixie
3723,Hamlet (1990),Drama,1990,Hamlet,1,1990,3.7286245353159853,269,0.8750044585772695,Blockbuster,drama,drama hamlet
3724,Coming Home (1978),Drama|War,1978,Coming Home,2,1970,3.717948717948718,195,0.8600143234457512,Popular,drama|war,drama|war coming home
3725,American Pop (1981),Animation|Musical,1981,American Pop,2,1980,3.0714285714285716,112,1.1287742352354055,Popular,animation|musical,animation|musical american pop
3726,Assault on Precinct 13 (1976),Action|Thriller,1976,Assault on Precinct 13,2,1970,3.5714285714285716,98,1.0453628581285253,Popular,action|thriller,action|thriller assault on precinct 13
3727,Near Dark (1987),Comedy|Horror,1987,Near Dark,2,1980,3.7094594594594597,148,0.9203177385239744,Popular,comedy|horror,comedy|horror near dark
3728,One False Move (1991),Thriller,1991,One False Move,1,1990,3.9594594594594597,148,0.8481943877636303,Popular,thriller,thriller one false move
3729,Shaft (1971),Action|Crime,1971,Shaft,2,1970,3.4144144144144146,222,0.9414388570699848,Blockbuster,action|crime,action|crime shaft
3730,"Conversation, The (1974)",Drama|Mystery,1974,"Conversation, The",2,1970,4.249448123620309,453,0.8211964641982681,Blockbuster,drama|mystery,"drama|mystery conversation, the"
3731,Cutter's Way (1981),Drama|Thriller,1981,Cutter's Way,2,1980,3.395348837209302,43,0.9034203494477169,Moderate,drama|thriller,drama|thriller cutter's way
3732,"Fury, The (1978)",Horror,1978,"Fury, The",1,1970,2.9859154929577465,71,1.0211052519763484,Popular,horror,"horror fury, the"
3733,"Paper Chase, The (1973)",Drama,1973,"Paper Chase, The",1,1970,3.837370242214533,289,0.78915479000233,Blockbuster,drama,"drama paper chase, the"
3734,Prince of the City (1981),Drama,1981,Prince of the City,1,1980,3.491228070175439,57,0.9281857691513795,Popular,drama,drama prince of the city
3735,Serpico (1973),Crime|Drama,1973,Serpico,2,1970,3.981818181818182,495,0.7672923681435012,Blockbuster,crime|drama,crime|drama serpico
3736,"Big Carnival, The (1951)",Drama,1951,"Big Carnival, The",1,1950,3.7948717948717947,39,1.1511890232891515,Moderate,drama,"drama big carnival, the"
3737,Lonely Are the Brave (1962),Drama|Western,1962,Lonely Are the Brave,2,1960,4.0,50,1.0690449676496974,Moderate,drama|western,drama|western lonely are the brave
3738,"Sugarland Express, The (1974)",Drama,1974,"Sugarland Express, The",1,1970,3.4545454545454546,77,0.8513990737457491,Popular,drama,"drama sugarland express, the"
3739,Trouble in Paradise (1932),Comedy|Romance,1932,Trouble in Paradise,2,1930,3.975,40,1.165475582469806,Moderate,comedy|romance,comedy|romance trouble in paradise
3740,Big Trouble in Little China (1986),Action|Comedy,1986,Big Trouble in Little China,2,1980,3.414383561643836,584,1.0243344306768025,Blockbuster,action|comedy,action|comedy big trouble in little china
3741,Badlands (1973),Crime|Drama,1973,Badlands,2,1970,4.078838174273859,241,0.8932666517917928,Blockbuster,crime|drama,crime|drama badlands
3742,"Battleship Potemkin, The (Bronenosets Potyomkin) (1925)",Drama|War,1925,"Battleship Potemkin, The (Bronenosets Potyomkin)",2,1920,3.97008547008547,234,1.0416036626704057,Blockbuster,drama|war,"drama|war battleship potemkin, the (bronenosets potyomkin)"
3743,Boys and Girls (2000),Comedy|Romance,2000,Boys and Girls,2,2000,2.5974025974025974,77,1.1727132311971,Popular,comedy|romance,comedy|romance boys and girls
3744,Shaft (2000),Action|Crime,2000,Shaft,2,2000,3.2422802850356294,421,0.9300376476332324,Blockbuster,action|crime,action|crime shaft
3745,Titan A.E. (2000),Adventure|Animation|Sci-Fi,2000,Titan A.E.,3,2000,3.3813084112149534,535,1.0966522807750503,Blockbuster,adventure|animation|scifi,adventure|animation|sci-fi titan a.e.
3746,Butterfly (La Lengua de las Mariposas) (2000),Drama|War,2000,Butterfly (La Lengua de las Mariposas),2,2000,3.8550724637681157,69,1.2750474307076323,Popular,drama|war,drama|war butterfly (la lengua de las mariposas)
3747,Jesus' Son (1999),Drama,1999,Jesus' Son,1,1990,3.75,148,1.0293317295817754,Popular,drama,drama jesus' son
3749,Time Regained (Le Temps Retrouvé) (1999),Drama,1999,Time Regained (Le Temps Retrouvé),1,1990,3.1363636363636362,22,1.3200091827045153,Moderate,drama,drama time regained (le temps retrouvé)
3751,Chicken Run (2000),Animation|Children's|Comedy,2000,Chicken Run,3,2000,3.8796087283671934,1329,0.9532511728807136,Blockbuster,animation|childrens|comedy,animation|children's|comedy chicken run
3752,"Me, Myself and Irene (2000)",Comedy,2000,"Me, Myself and Irene",1,2000,3.0,560,1.1797334528095729,Blockbuster,comedy,"comedy me, myself and irene"
3753,"Patriot, The (2000)",Action|Drama|War,2000,"Patriot, The",3,2000,3.7451612903225806,1240,1.0650629721184723,Blockbuster,action|drama|war,"action|drama|war patriot, the"
3754,"Adventures of Rocky and Bullwinkle, The (2000)",Animation|Children's|Comedy,2000,"Adventures of Rocky and Bullwinkle, The",3,2000,2.495145631067961,206,1.2523054751450948,Blockbuster,animation|childrens|comedy,"animation|children's|comedy adventures of rocky and bullwinkle, the"
3755,"Perfect Storm, The (2000)",Action|Adventure|Thriller,2000,"Perfect Storm, The",3,2000,3.351431391905232,1013,0.9754346474593604,Blockbuster,action|adventure|thriller,"action|adventure|thriller perfect storm, the"
3756,"Golden Bowl, The (2000)",Drama,2000,"Golden Bowl, The",1,2000,3.5,24,0.659380473395787,Moderate,drama,"drama golden bowl, the"
3757,Asylum (1972),Horror,1972,Asylum,1,1970,2.823529411764706,17,1.2862393885688164,Moderate,horror,horror asylum
3758,Communion (1989),Drama|Sci-Fi|Thriller,1989,Communion,3,1980,2.7583333333333333,120,1.15224175606761,Popular,drama|scifi|thriller,drama|sci-fi|thriller communion
3759,Fun and Fancy Free (1947),Animation|Children's|Musical,1947,Fun and Fancy Free,3,1940,3.257142857142857,35,1.0939098022516232,Moderate,animation|childrens|musical,animation|children's|musical fun and fancy free
3760,"Kentucky Fried Movie, The (1977)",Comedy,1977,"Kentucky Fried Movie, The",1,1970,3.481967213114754,305,1.0294205378067434,Blockbuster,comedy,"comedy kentucky fried movie, the"
3761,"Blood In, Blood Out (a.k.a. Bound by Honor) (1993)",Crime|Drama,1993,"Blood In, Blood Out (a.k.a. Bound by Honor)",2,1990,2.9642857142857144,28,1.1049431980420854,Moderate,crime|drama,"crime|drama blood in, blood out (a.k.a. bound by honor)"
3763,F/X (1986),Action|Crime|Thriller,1986,F/X,3,1980,3.570613409415121,701,0.850003895985988,Blockbuster,action|crime|thriller,action|crime|thriller f/x
3764,F/X 2 (1992),Action|Crime|Thriller,1992,F/X 2,3,1990,2.6408163265306124,245,0.9417280870273999,Blockbuster,action|crime|thriller,action|crime|thriller f/x 2
3765,"Hot Spot, The (1990)",Drama|Romance,1990,"Hot Spot, The",2,1990,2.847826086956522,46,1.0534048774088678,Moderate,drama|romance,"drama|romance hot spot, the"
3766,Missing in Action (1984),Action|War,1984,Missing in Action,2,1980,2.5392670157068062,191,1.039877263461513,Popular,action|war,action|war missing in action
3767,Missing in Action 2: The Beginning (1985),Action|War,1985,Missing in Action 2: The Beginning,2,1980,2.0865384615384617,104,1.015516291505052,Popular,action|war,action|war missing in action 2: the beginning
3768,Braddock: Missing in Action III (1988),Action|War,1988,Braddock: Missing in Action III,2,1980,2.1604938271604937,81,1.066029902529202,Popular,action|war,action|war braddock: missing in action iii
3769,Thunderbolt and Lightfoot (1974),Action,1974,Thunderbolt and Lightfoot,1,1970,3.3842105263157896,190,0.9285382253130166,Popular,action,action thunderbolt and lightfoot
3770,Dreamscape (1984),Adventure|Crime|Sci-Fi|Thriller,1984,Dreamscape,4,1980,3.470414201183432,338,0.851258698020172,Blockbuster,adventure|crime|scifi|thriller,adventure|crime|sci-fi|thriller dreamscape
3771,"Golden Voyage of Sinbad, The (1974)",Action|Adventure,1974,"Golden Voyage of Sinbad, The",2,1970,3.3973509933774833,151,0.8799959863444494,Popular,action|adventure,"action|adventure golden voyage of sinbad, the"
3773,House Party (1990),Comedy,1990,House Party,1,1990,2.818713450292398,171,0.9922645429967825,Popular,comedy,comedy house party
3774,House Party 2 (1991),Comedy,1991,House Party 2,1,1990,1.96875,64,0.9079673793175401,Popular,comedy,comedy house party 2
3775,Make Mine Music (1946),Animation|Children's|Musical,1946,Make Mine Music,3,1940,3.25,20,1.2085223687584246,Moderate,animation|childrens|musical,animation|children's|musical make mine music
3776,Melody Time (1948),Animation|Children's|Musical,1948,Melody Time,3,1940,3.3333333333333335,24,1.1671841502435296,Moderate,animation|childrens|musical,animation|children's|musical melody time
3777,Nekromantik (1987),Comedy|Horror,1987,Nekromantik,2,1980,2.1818181818181817,11,1.2504544628399563,Moderate,comedy|horror,comedy|horror nekromantik
3778,On Our Merry Way (1948),Comedy|Drama,1948,On Our Merry Way,2,1940,2.8333333333333335,6,1.4719601443879746,Niche,comedy|drama,comedy|drama on our merry way
3780,Rocketship X-M (1950),Sci-Fi,1950,Rocketship X-M,1,1950,3.097560975609756,41,1.3191830435686418,Moderate,scifi,sci-fi rocketship x-m
3781,Shaft in Africa (1973),Action|Crime,1973,Shaft in Africa,2,1970,2.586206896551724,29,1.350059294446791,Moderate,action|crime,action|crime shaft in africa
3782,Shaft's Big Score! (1972),Action|Crime,1972,Shaft's Big Score!,2,1970,2.727272727272727,44,1.148581255564555,Moderate,action|crime,action|crime shaft's big score!
3783,Croupier (1998),Crime|Drama,1998,Croupier,2,1990,4.029787234042553,235,0.818565269136392,Blockbuster,crime|drama,crime|drama croupier
3784,"Kid, The (2000)",Comedy,2000,"Kid, The",1,2000,3.2363636363636363,165,1.1470583218788724,Popular,comedy,"comedy kid, the"
3785,Scary Movie (2000),Comedy|Horror,2000,Scary Movie,2,2000,3.0114192495921697,613,1.2240242647676391,Blockbuster,comedy|horror,comedy|horror scary movie
3786,But I'm a Cheerleader (1999),Comedy,1999,But I'm a Cheerleader,1,1990,3.25,184,1.0775909176456295,Popular,comedy,comedy but i'm a cheerleader
3787,Shower (Xizhao) (1999),Comedy,1999,Shower (Xizhao),1,1990,3.857142857142857,63,1.119578590898449,Popular,comedy,comedy shower (xizhao)
3788,Blowup (1966),Drama|Mystery,1966,Blowup,2,1960,3.8089430894308944,246,0.985652845296885,Blockbuster,drama|mystery,drama|mystery blowup
3789,"Pawnbroker, The (1965)",Drama,1965,"Pawnbroker, The",1,1960,4.198717948717949,156,0.8756186516741383,Popular,drama,"drama pawnbroker, the"
3790,Groove (2000),Drama,2000,Groove,1,2000,3.372549019607843,51,1.0763044980622445,Popular,drama,drama groove
3791,Footloose (1984),Drama,1984,Footloose,1,1980,3.066666666666667,435,0.9779441742695293,Blockbuster,drama,drama footloose
3792,Duel in the Sun (1946),Western,1946,Duel in the Sun,1,1940,3.5555555555555554,72,1.0330985648801538,Popular,western,western duel in the sun
3793,X-Men (2000),Action|Sci-Fi,2000,X-Men,2,2000,3.8206485771012573,1511,0.9150673135571443,Blockbuster,action|scifi,action|sci-fi x-men
3794,Chuck & Buck (2000),Comedy|Drama,2000,Chuck & Buck,2,2000,3.28099173553719,121,1.1777318632005318,Popular,comedy|drama,comedy|drama chuck & buck
3795,"Five Senses, The (1999)",Drama,1999,"Five Senses, The",1,1990,3.409090909090909,66,1.1499467911071461,Popular,drama,"drama five senses, the"
3796,"Wisdom of Crocodiles, The (a.k.a. Immortality) (2000)",Romance|Thriller,2000,"Wisdom of Crocodiles, The (a.k.a. Immortality)",2,2000,3.3846153846153846,13,0.9607689228305227,Moderate,romance|thriller,"romance|thriller wisdom of crocodiles, the (a.k.a. immortality)"
3797,"In Crowd, The (2000)",Thriller,2000,"In Crowd, The",1,2000,2.206896551724138,29,1.0481040823733512,Moderate,thriller,"thriller in crowd, the"
3798,What Lies Beneath (2000),Thriller,2000,What Lies Beneath,1,2000,3.3347732181425487,463,1.068143746495425,Blockbuster,thriller,thriller what lies beneath
3799,Pokémon the Movie 2000 (2000),Animation|Children's,2000,Pokémon the Movie 2000,2,2000,1.62,100,1.0325999352424085,Popular,animation|childrens,animation|children's pokémon the movie 2000
3801,Anatomy of a Murder (1959),Drama|Mystery,1959,Anatomy of a Murder,2,1950,4.231155778894473,199,0.7633221984461593,Popular,drama|mystery,drama|mystery anatomy of a murder
3802,Freejack (1992),Action|Sci-Fi,1992,Freejack,2,1990,2.4177631578947367,304,0.9882879802160403,Blockbuster,action|scifi,action|sci-fi freejack
3803,Greaser's Palace (1972),Drama,1972,Greaser's Palace,1,1970,3.5555555555555554,9,0.8819171036881968,Niche,drama,drama greaser's palace
3804,H.O.T.S. (1979),Comedy,1979,H.O.T.S.,1,1970,2.5348837209302326,43,1.3861360685167126,Moderate,comedy,comedy h.o.t.s.
3805,Knightriders (1981),Action|Adventure|Drama,1981,Knightriders,3,1980,2.7941176470588234,34,1.066839335400571,Moderate,action|adventure|drama,action|adventure|drama knightriders
3806,MacKenna's Gold (1969),Western,1969,MacKenna's Gold,1,1960,3.2586206896551726,58,1.0010581213753005,Popular,western,western mackenna's gold
3807,Sinbad and the Eye of the Tiger (1977),Action|Adventure,1977,Sinbad and the Eye of the Tiger,2,1970,3.2735849056603774,106,0.9810880147684875,Popular,action|adventure,action|adventure sinbad and the eye of the tiger
3808,Two Women (La Ciociara) (1961),Drama|War,1961,Two Women (La Ciociara),2,1960,4.0227272727272725,44,1.0452247196597189,Moderate,drama|war,drama|war two women (la ciociara)
3809,What About Bob? (1991),Comedy,1991,What About Bob?,1,1990,3.397796817625459,817,1.0288224007066245,Blockbuster,comedy,comedy what about bob?
3810,White Sands (1992),Drama|Thriller,1992,White Sands,2,1990,3.1325301204819276,83,0.9075709249627767,Popular,drama|thriller,drama|thriller white sands
3811,Breaker Morant (1980),Drama|War,1980,Breaker Morant,2,1980,4.102777777777778,360,0.8162643732770647,Blockbuster,drama|war,drama|war breaker morant
3812,Everything You Always Wanted to Know About Sex (1972),Comedy,1972,Everything You Always Wanted to Know About Sex,1,1970,3.557894736842105,285,0.9004981736303734,Blockbuster,comedy,comedy everything you always wanted to know about sex
3813,Interiors (1978),Drama,1978,Interiors,1,1970,3.289156626506024,83,0.9309072480313284,Popular,drama,drama interiors
3814,Love and Death (1975),Comedy,1975,Love and Death,1,1970,4.0228310502283104,219,0.869687924490123,Blockbuster,comedy,comedy love and death
3816,"Official Story, The (La Historia Oficial) (1985)",Drama,1985,"Official Story, The (La Historia Oficial)",1,1980,3.763157894736842,38,1.1492467692178256,Moderate,drama,"drama official story, the (la historia oficial)"
3817,"Other Side of Sunday, The (Søndagsengler) (1996)",Comedy|Drama,1996,"Other Side of Sunday, The (Søndagsengler)",2,1990,3.1875,16,1.6007810593582121,Moderate,comedy|drama,"comedy|drama other side of sunday, the (søndagsengler)"
3818,Pot O' Gold (1941),Comedy|Musical,1941,Pot O' Gold,2,1940,2.4285714285714284,7,1.3972762620115438,Niche,comedy|musical,comedy|musical pot o' gold
3819,Tampopo (1986),Comedy,1986,Tampopo,1,1980,4.024489795918368,245,0.8959221397131761,Blockbuster,comedy,comedy tampopo
3820,Thomas and the Magic Railroad (2000),Children's,2000,Thomas and the Magic Railroad,1,2000,1.8108108108108107,37,1.1746828848161022,Moderate,childrens,children's thomas and the magic railroad
3821,Nutty Professor II: The Klumps (2000),Comedy,2000,Nutty Professor II: The Klumps,1,2000,2.6411290322580645,248,1.1887810309550597,Blockbuster,comedy,comedy nutty professor ii: the klumps
3822,"Girl on the Bridge, The (La Fille sur le Pont) (1999)",Drama|Romance,1999,"Girl on the Bridge, The (La Fille sur le Pont)",2,1990,3.757142857142857,70,1.184877102239725,Popular,drama|romance,"drama|romance girl on the bridge, the (la fille sur le pont)"
3823,Wonderland (1999),Drama,1999,Wonderland,1,1990,3.590909090909091,66,1.0666593822595092,Popular,drama,drama wonderland
3824,Autumn in New York (2000),Drama|Romance,2000,Autumn in New York,2,2000,2.128205128205128,117,1.0949607262557137,Popular,drama|romance,drama|romance autumn in new york
3825,Coyote Ugly (2000),Drama,2000,Coyote Ugly,1,2000,2.7611940298507465,201,1.1801214205174733,Blockbuster,drama,drama coyote ugly
3826,Hollow Man (2000),Horror|Sci-Fi|Thriller,2000,Hollow Man,3,2000,2.5382716049382714,405,1.0770522548658106,Blockbuster,horror|scifi|thriller,horror|sci-fi|thriller hollow man
3827,Space Cowboys (2000),Action|Sci-Fi,2000,Space Cowboys,2,2000,3.3828451882845187,478,0.9636358152169484,Blockbuster,action|scifi,action|sci-fi space cowboys
3830,Psycho Beach Party (2000),Comedy|Horror|Thriller,2000,Psycho Beach Party,3,2000,2.88,25,1.16619037896906,Moderate,comedy|horror|thriller,comedy|horror|thriller psycho beach party
3831,Saving Grace (2000),Comedy,2000,Saving Grace,1,2000,3.7204301075268815,186,0.8988351789246019,Popular,comedy,comedy saving grace
3832,"Black Sabbath (Tre Volti Della Paura, I) (1963)",Horror,1963,"Black Sabbath (Tre Volti Della Paura, I)",1,1960,3.2857142857142856,21,1.0555973258234954,Moderate,horror,"horror black sabbath (tre volti della paura, i)"
3833,"Brain That Wouldn't Die, The (1962)",Horror|Sci-Fi,1962,"Brain That Wouldn't Die, The",2,1960,2.5357142857142856,56,1.2204959605055599,Popular,horror|scifi,"horror|sci-fi brain that wouldn't die, the"
3834,Bronco Billy (1980),Adventure|Drama|Romance,1980,Bronco Billy,3,1980,2.8238636363636362,176,0.8929558387009573,Popular,adventure|drama|romance,adventure|drama|romance bronco billy
3835,"Crush, The (1993)",Thriller,1993,"Crush, The",1,1990,2.707865168539326,178,0.982355605364007,Popular,thriller,"thriller crush, the"
3836,Kelly's Heroes (1970),Action|Comedy|War,1970,Kelly's Heroes,3,1970,3.9093333333333335,375,0.8447974369323189,Blockbuster,action|comedy|war,action|comedy|war kelly's heroes
3837,Phantasm II (1988),Horror,1988,Phantasm II,1,1980,2.8876404494382024,89,1.1425470176041597,Popular,horror,horror phantasm ii
3838,Phantasm III: Lord of the Dead (1994),Horror,1994,Phantasm III: Lord of the Dead,1,1990,2.619047619047619,42,1.1884070287446984,Moderate,horror,horror phantasm iii: lord of the dead
3839,Phantasm IV: Oblivion (1998),Horror,1998,Phantasm IV: Oblivion,1,1990,2.6382978723404253,47,1.4207397325351572,Moderate,horror,horror phantasm iv: oblivion
3840,Pumpkinhead (1988),Horror,1988,Pumpkinhead,1,1980,2.544642857142857,112,1.0729129571601856,Popular,horror,horror pumpkinhead
3841,Air America (1990),Action|Comedy,1990,Air America,2,1990,2.7549019607843137,306,0.9384634233224941,Blockbuster,action|comedy,action|comedy air america
3843,Sleepaway Camp (1983),Horror,1983,Sleepaway Camp,1,1980,2.6333333333333333,30,1.3256965204630418,Moderate,horror,horror sleepaway camp
3844,Steel Magnolias (1989),Drama,1989,Steel Magnolias,1,1980,3.593137254901961,408,1.0590209009193785,Blockbuster,drama,drama steel magnolias
3845,And God Created Woman (Et Dieu&#8230;Créa la Femme) (1956),Drama,1956,And God Created Woman (Et Dieu&#8230;Créa la Femme),1,1950,3.392857142857143,28,0.9560445408144771,Moderate,drama,drama and god created woman (et dieu&#8230;créa la femme)
3846,Easy Money (1983),Comedy,1983,Easy Money,1,1980,3.1449275362318843,138,1.007640335539206,Popular,comedy,comedy easy money
3847,"Ilsa, She Wolf of the SS (1974)",Horror,1974,"Ilsa, She Wolf of the SS",1,1970,2.96,25,1.4854853303438127,Moderate,horror,"horror ilsa, she wolf of the ss"
3848,Silent Fall (1994),Drama|Thriller,1994,Silent Fall,2,1990,3.1,20,0.9679060415469871,Moderate,drama|thriller,drama|thriller silent fall
3849,"Spiral Staircase, The (1946)",Thriller,1946,"Spiral Staircase, The",1,1940,4.046511627906977,43,0.8438429207272953,Moderate,thriller,"thriller spiral staircase, the"
3850,Whatever Happened to Aunt Alice? (1969),Crime|Thriller,1969,Whatever Happened to Aunt Alice?,2,1960,2.923076923076923,13,1.1875421719907087,Moderate,crime|thriller,crime|thriller whatever happened to aunt alice?
3851,I'm the One That I Want (2000),Comedy,2000,I'm the One That I Want,1,2000,3.95,40,1.0848608560193684,Moderate,comedy,comedy i'm the one that i want
3852,"Tao of Steve, The (2000)",Comedy,2000,"Tao of Steve, The",1,2000,3.6971153846153846,208,0.9778174187937488,Blockbuster,comedy,"comedy tao of steve, the"
3853,"Tic Code, The (1998)",Drama,1998,"Tic Code, The",1,1990,3.5384615384615383,13,1.126601424298216,Moderate,drama,"drama tic code, the"
3854,Aimée & Jaguar (1999),Drama|Romance,1999,Aimée & Jaguar,2,1990,3.65,20,1.0399898784932575,Moderate,drama|romance,drama|romance aimée & jaguar
3855,"Affair of Love, An (Une Liaison Pornographique) (1999)",Drama|Romance,1999,"Affair of Love, An (Une Liaison Pornographique)",2,1990,3.6666666666666665,39,1.131680941955799,Moderate,drama|romance,"drama|romance affair of love, an (une liaison pornographique)"
3857,Bless the Child (2000),Thriller,2000,Bless the Child,1,2000,2.6666666666666665,60,1.2711487753365256,Popular,thriller,thriller bless the child
3858,Cecil B. Demented (2000),Comedy,2000,Cecil B. Demented,1,2000,3.1594202898550723,69,1.0795313308506385,Popular,comedy,comedy cecil b. demented
3859,"Eyes of Tammy Faye, The (2000)",Documentary,2000,"Eyes of Tammy Faye, The",1,2000,3.8780487804878048,82,0.921488917324338,Popular,documentary,"documentary eyes of tammy faye, the"
3860,"Opportunists, The (1999)",Crime,1999,"Opportunists, The",1,1990,3.1875,16,0.9105858919765157,Moderate,crime,"crime opportunists, the"
3861,"Replacements, The (2000)",Comedy,2000,"Replacements, The",1,2000,3.103734439834025,241,1.0614585857130534,Blockbuster,comedy,"comedy replacements, the"
3862,About Adam (2000),Comedy,2000,About Adam,1,2000,3.1,20,1.2096106376585989,Moderate,comedy,comedy about adam
3863,"Cell, The (2000)",Sci-Fi|Thriller,2000,"Cell, The",2,2000,3.2613981762917934,658,1.0620329674086049,Blockbuster,scifi|thriller,"sci-fi|thriller cell, the"
3864,Godzilla 2000 (Gojira ni-sen mireniamu) (1999),Action|Adventure|Sci-Fi,1999,Godzilla 2000 (Gojira ni-sen mireniamu),3,1990,2.6923076923076925,143,1.3646996740797477,Popular,action|adventure|scifi,action|adventure|sci-fi godzilla 2000 (gojira ni-sen mireniamu)
3865,"Original Kings of Comedy, The (2000)",Comedy|Documentary,2000,"Original Kings of Comedy, The",2,2000,3.2312925170068025,147,1.13516655715268,Popular,comedy|documentary,"comedy|documentary original kings of comedy, the"
3866,Sunset Strip (2000),Comedy,2000,Sunset Strip,1,2000,3.1666666666666665,6,1.7224014243685084,Niche,comedy,comedy sunset strip
3867,All the Rage (a.k.a. It's the Rage) (1999),Drama,1999,All the Rage (a.k.a. It's the Rage),1,1990,3.3333333333333335,12,1.2309149097933274,Moderate,drama,drama all the rage (a.k.a. it's the rage)
3868,"Naked Gun: From the Files of Police Squad!, The (1988)",Comedy,1988,"Naked Gun: From the Files of Police Squad!, The",1,1980,3.680635838150289,692,1.0869709370494596,Blockbuster,comedy,"comedy naked gun: from the files of police squad!, the"
3869,"Naked Gun 2 1/2: The Smell of Fear, The (1991)",Comedy,1991,"Naked Gun 2 1/2: The Smell of Fear, The",1,1990,3.0881670533642693,431,1.0327764025236388,Blockbuster,comedy,"comedy naked gun 2 1/2: the smell of fear, the"
3870,Our Town (1940),Drama,1940,Our Town,1,1940,3.857142857142857,49,0.9354143466934853,Moderate,drama,drama our town
3871,Shane (1953),Drama|Western,1953,Shane,2,1950,3.839344262295082,305,0.9919542594314228,Blockbuster,drama|western,drama|western shane
3872,"Suddenly, Last Summer (1959)",Drama,1959,"Suddenly, Last Summer",1,1950,3.8333333333333335,102,0.9655792221891647,Popular,drama,"drama suddenly, last summer"
3873,Cat Ballou (1965),Comedy|Western,1965,Cat Ballou,2,1960,3.6678571428571427,280,1.0508755767104754,Blockbuster,comedy|western,comedy|western cat ballou
3874,"Couch in New York, A (1996)",Comedy|Romance,1996,"Couch in New York, A",2,1990,3.0,24,1.2510864843424487,Moderate,comedy|romance,"comedy|romance couch in new york, a"
3875,"Devil Rides Out, The (1968)",Horror,1968,"Devil Rides Out, The",1,1960,2.8,5,1.6431676725154984,Niche,horror,"horror devil rides out, the"
3877,Supergirl (1984),Action|Adventure|Fantasy,1984,Supergirl,3,1980,2.021978021978022,182,0.9688863799196765,Popular,action|adventure|fantasy,action|adventure|fantasy supergirl
3878,X: The Unknown (1956),Sci-Fi,1956,X: The Unknown,1,1950,2.8333333333333335,12,1.2673044646258478,Moderate,scifi,sci-fi x: the unknown
3879,"Art of War, The (2000)",Action,2000,"Art of War, The",1,2000,2.7847222222222223,144,1.025296780807142,Popular,action,"action art of war, the"
3880,"Ballad of Ramblin' Jack, The (2000)",Documentary,2000,"Ballad of Ramblin' Jack, The",1,2000,3.5,18,1.2947859237091257,Moderate,documentary,"documentary ballad of ramblin' jack, the"
3882,Bring It On (2000),Comedy,2000,Bring It On,1,2000,3.2735042735042734,234,0.9549862963215315,Blockbuster,comedy,comedy bring it on
3883,Catfish in Black Bean Sauce (2000),Comedy|Drama,2000,Catfish in Black Bean Sauce,2,2000,2.7333333333333334,15,1.162919151265879,Moderate,comedy|drama,comedy|drama catfish in black bean sauce
3884,"Crew, The (2000)",Comedy,2000,"Crew, The",1,2000,2.375,40,0.9789450103725609,Moderate,comedy,"comedy crew, the"
3885,Love & Sex (2000),Comedy|Romance,2000,Love & Sex,2,2000,3.1153846153846154,26,1.2752073737842982,Moderate,comedy|romance,comedy|romance love & sex
3886,Steal This Movie! (2000),Drama,2000,Steal This Movie!,1,2000,3.0,40,1.1322770341445958,Moderate,drama,drama steal this movie!
3889,Highlander: Endgame (2000),Action|Adventure|Fantasy,2000,Highlander: Endgame,3,2000,2.414814814814815,135,1.161478632909042,Popular,action|adventure|fantasy,action|adventure|fantasy highlander: endgame
3891,Turn It Up (2000),Crime|Drama,2000,Turn It Up,2,2000,1.7142857142857142,7,0.4879500364742666,Niche,crime|drama,crime|drama turn it up
3892,Anatomy (Anatomie) (2000),Horror,2000,Anatomy (Anatomie),1,2000,2.7,10,1.567021236472421,Niche,horror,horror anatomy (anatomie)
3893,Nurse Betty (2000),Comedy|Thriller,2000,Nurse Betty,2,2000,3.5026833631484795,559,0.9816834846718968,Blockbuster,comedy|thriller,comedy|thriller nurse betty
3894,Solas (1999),Drama,1999,Solas,1,1990,3.1904761904761907,21,1.2090925365350504,Moderate,drama,drama solas
3895,"Watcher, The (2000)",Crime|Thriller,2000,"Watcher, The",2,2000,2.3404255319148937,94,1.0218388599408408,Popular,crime|thriller,"crime|thriller watcher, the"
3896,"Way of the Gun, The (2000)",Crime|Thriller,2000,"Way of the Gun, The",2,2000,3.3184357541899443,179,1.2012380364804847,Popular,crime|thriller,"crime|thriller way of the gun, the"
3897,Almost Famous (2000),Comedy|Drama,2000,Almost Famous,2,2000,4.22635814889336,994,0.8115911395174278,Blockbuster,comedy|drama,comedy|drama almost famous
3898,Bait (2000),Action|Comedy,2000,Bait,2,2000,2.7333333333333334,45,0.9145291883606758,Moderate,action|comedy,action|comedy bait
3900,Crime and Punishment in Suburbia (2000),Comedy|Drama,2000,Crime and Punishment in Suburbia,2,2000,2.787878787878788,33,1.192622524040396,Moderate,comedy|drama,comedy|drama crime and punishment in suburbia
3901,Duets (2000),Comedy|Drama,2000,Duets,2,2000,2.650943396226415,106,1.2347542869520443,Popular,comedy|drama,comedy|drama duets
3902,Goya in Bordeaux (Goya en Bodeos) (1999),Drama,1999,Goya in Bordeaux (Goya en Bodeos),1,1990,3.125,24,1.1539158284426274,Moderate,drama,drama goya in bordeaux (goya en bodeos)
3903,Urbania (2000),Drama,2000,Urbania,1,2000,3.5,52,1.1631599960755996,Popular,drama,drama urbania
3905,"Specials, The (2000)",Comedy,2000,"Specials, The",1,2000,3.875,8,0.991031208965115,Niche,comedy,"comedy specials, the"
3906,Under Suspicion (2000),Crime,2000,Under Suspicion,1,2000,3.15625,32,0.8838834764831841,Moderate,crime,crime under suspicion
3908,Urban Legends: Final Cut (2000),Horror,2000,Urban Legends: Final Cut,1,2000,2.1847826086956523,92,1.166655290823432,Popular,horror,horror urban legends: final cut
3909,Woman on Top (2000),Comedy|Romance,2000,Woman on Top,2,2000,2.681159420289855,69,0.9925124628523846,Popular,comedy|romance,comedy|romance woman on top
3910,Dancer in the Dark (2000),Drama|Musical,2000,Dancer in the Dark,2,2000,3.82,200,1.2511703064245057,Popular,drama|musical,drama|musical dancer in the dark
3911,Best in Show (2000),Comedy,2000,Best in Show,1,2000,4.073059360730594,657,0.8752117781039673,Blockbuster,comedy,comedy best in show
3912,Beautiful (2000),Comedy|Drama,2000,Beautiful,2,2000,2.3,40,1.0907536796837267,Moderate,comedy|drama,comedy|drama beautiful
3913,Barenaked in America (1999),Documentary,1999,Barenaked in America,1,1990,2.90625,32,1.5731491941633426,Moderate,documentary,documentary barenaked in america
3914,"Broken Hearts Club, The (2000)",Drama,2000,"Broken Hearts Club, The",1,2000,3.3285714285714287,70,1.1761079090222106,Popular,drama,"drama broken hearts club, the"
3915,Girlfight (2000),Drama,2000,Girlfight,1,2000,3.5118110236220472,127,1.2206304754737587,Popular,drama,drama girlfight
3916,Remember the Titans (2000),Drama,2000,Remember the Titans,1,2000,3.9244851258581237,437,0.9913710378840594,Blockbuster,drama,drama remember the titans
3917,Hellraiser (1987),Horror,1987,Hellraiser,1,1980,3.111111111111111,279,1.243046205458541,Blockbuster,horror,horror hellraiser
3918,Hellbound: Hellraiser II (1988),Horror,1988,Hellbound: Hellraiser II,1,1980,2.802395209580838,167,1.1313682991893703,Popular,horror,horror hellbound: hellraiser ii
3919,Hellraiser III: Hell on Earth (1992),Horror,1992,Hellraiser III: Hell on Earth,1,1990,2.2298850574712645,87,0.9965189344084686,Popular,horror,horror hellraiser iii: hell on earth
3920,"Faraway, So Close (In Weiter Ferne, So Nah!) (1993)",Drama|Fantasy,1993,"Faraway, So Close (In Weiter Ferne, So Nah!)",2,1990,3.712121212121212,66,1.1061388355641093,Popular,drama|fantasy,"drama|fantasy faraway, so close (in weiter ferne, so nah!)"
3921,Beach Party (1963),Comedy,1963,Beach Party,1,1960,2.6382978723404253,47,1.1689001131664725,Moderate,comedy,comedy beach party
3922,Bikini Beach (1964),Comedy,1964,Bikini Beach,1,1960,2.58974358974359,39,1.271508609113573,Moderate,comedy,comedy bikini beach
3923,Return of the Fly (1959),Horror|Sci-Fi,1959,Return of the Fly,2,1950,2.576923076923077,104,0.9822928170822646,Popular,horror|scifi,horror|sci-fi return of the fly
3924,Pajama Party (1964),Comedy,1964,Pajama Party,1,1960,2.923076923076923,26,1.1286479317511522,Moderate,comedy,comedy pajama party
3925,Stranger Than Paradise (1984),Comedy,1984,Stranger Than Paradise,1,1980,3.8548387096774195,124,1.009657016440287,Popular,comedy,comedy stranger than paradise
3926,Voyage to the Bottom of the Sea (1961),Adventure|Sci-Fi,1961,Voyage to the Bottom of the Sea,2,1960,3.361111111111111,180,0.8102960965731375,Popular,adventure|scifi,adventure|sci-fi voyage to the bottom of the sea
3927,Fantastic Voyage (1966),Adventure|Sci-Fi,1966,Fantastic Voyage,2,1960,3.5804597701149423,348,0.8224990499311833,Blockbuster,adventure|scifi,adventure|sci-fi fantastic voyage
3928,Abbott and Costello Meet Frankenstein (1948),Comedy|Horror,1948,Abbott and Costello Meet Frankenstein,2,1940,3.441747572815534,206,1.0747682016087017,Blockbuster,comedy|horror,comedy|horror abbott and costello meet frankenstein
3929,"Bank Dick, The (1940)",Comedy,1940,"Bank Dick, The",1,1940,3.993197278911565,147,0.9686638066963703,Popular,comedy,"comedy bank dick, the"
3930,"Creature From the Black Lagoon, The (1954)",Horror,1954,"Creature From the Black Lagoon, The",1,1950,3.2556053811659194,223,1.0789352719472998,Blockbuster,horror,"horror creature from the black lagoon, the"
3931,"Giant Gila Monster, The (1959)",Horror|Sci-Fi,1959,"Giant Gila Monster, The",2,1950,2.037037037037037,27,1.0183501544346312,Moderate,horror|scifi,"horror|sci-fi giant gila monster, the"
3932,"Invisible Man, The (1933)",Horror|Sci-Fi,1933,"Invisible Man, The",2,1930,3.75,232,0.9104967484864125,Blockbuster,horror|scifi,"horror|sci-fi invisible man, the"
3933,"Killer Shrews, The (1959)",Horror|Sci-Fi,1959,"Killer Shrews, The",2,1950,2.25,16,1.2382783747337804,Moderate,horror|scifi,"horror|sci-fi killer shrews, the"
3934,Kronos (1957),Sci-Fi,1957,Kronos,1,1950,3.0357142857142856,28,1.231745008999739,Moderate,scifi,sci-fi kronos
3935,Kronos (1973),Horror,1973,Kronos,1,1970,3.0,23,0.9534625892455925,Moderate,horror,horror kronos
3936,"Phantom of the Opera, The (1943)",Drama|Thriller,1943,"Phantom of the Opera, The",2,1940,3.7232142857142856,112,0.8616955988162553,Popular,drama|thriller,"drama|thriller phantom of the opera, the"
3937,Runaway (1984),Sci-Fi|Thriller,1984,Runaway,2,1980,2.9407407407407407,135,0.8531151255004547,Popular,scifi|thriller,sci-fi|thriller runaway
3938,"Slumber Party Massacre, The (1982)",Horror,1982,"Slumber Party Massacre, The",1,1980,1.9259259259259258,27,1.0715167512214396,Moderate,horror,"horror slumber party massacre, the"
3939,"Slumber Party Massacre II, The (1987)",Horror,1987,"Slumber Party Massacre II, The",1,1980,1.9615384615384615,26,1.3109010406821477,Moderate,horror,"horror slumber party massacre ii, the"
3940,"Slumber Party Massacre III, The (1990)",Horror,1990,"Slumber Party Massacre III, The",1,1990,1.7333333333333334,15,1.2798809468443688,Moderate,horror,"horror slumber party massacre iii, the"
3941,Sorority House Massacre (1986),Horror,1986,Sorority House Massacre,1,1980,2.0454545454545454,22,1.2527027058580456,Moderate,horror,horror sorority house massacre
3942,Sorority House Massacre II (1990),Horror,1990,Sorority House Massacre II,1,1990,1.7857142857142858,28,1.133893419027682,Moderate,horror,horror sorority house massacre ii
3943,Bamboozled (2000),Comedy,2000,Bamboozled,1,2000,3.0520833333333335,96,1.251271283360009,Popular,comedy,comedy bamboozled
3944,Bootmen (2000),Comedy|Drama,2000,Bootmen,2,2000,2.111111111111111,9,1.3642254619787417,Niche,comedy|drama,comedy|drama bootmen
3945,Digimon: The Movie (2000),Adventure|Animation|Children's,2000,Digimon: The Movie,3,2000,1.4883720930232558,43,1.0321520057686182,Moderate,adventure|animation|childrens,adventure|animation|children's digimon: the movie
3946,Get Carter (2000),Action|Drama|Thriller,2000,Get Carter,3,2000,2.26,100,1.078907041426834,Popular,action|drama|thriller,action|drama|thriller get carter
3947,Get Carter (1971),Thriller,1971,Get Carter,1,1970,3.4727272727272727,55,1.1840693400389195,Popular,thriller,thriller get carter
3948,Meet the Parents (2000),Comedy,2000,Meet the Parents,1,2000,3.6357308584686776,862,1.014196265290228,Blockbuster,comedy,comedy meet the parents
3949,Requiem for a Dream (2000),Drama,2000,Requiem for a Dream,1,2000,4.115131578947368,304,1.00980407657074,Blockbuster,drama,drama requiem for a dream
3950,Tigerland (2000),Drama,2000,Tigerland,1,2000,3.6666666666666665,54,1.046106888726725,Popular,drama,drama tigerland
3951,Two Family House (2000),Drama,2000,Two Family House,1,2000,3.9,40,1.0573309405993554,Moderate,drama,drama two family house
3952,"Contender, The (2000)",Drama|Thriller,2000,"Contender, The",2,2000,3.7809278350515463,388,0.9350743258045129,Blockbuster,drama|thriller,"drama|thriller contender, the"
