movieId,title,genres,year,rating_avg,rating_count,rating_std,title_clean,genre_count,popularity_category,decade
1,Toy Story (1995),Animation|Children's|Comedy,1995,4.146846413095811,2077.0,0.8523490842765862,Toy Story,3,Blockbuster,1990
2,Jumanji (1995),Adventure|Children's|Fantasy,1995,3.20114122681883,701.0,0.983172043525115,Jumanji,3,Blockbuster,1990
3,Grumpier Old Men (1995),Comedy|Romance,1995,3.01673640167364,478.0,1.0717118389753955,Grumpier Old Men,2,Blockbuster,1990
4,Waiting to Exhale (1995),Comedy|Drama,1995,2.7294117647058824,170.0,1.0133807183552217,Waiting to Exhale,2,Popular,1990
5,Father of the Bride Part II (1995),Comedy,1995,3.0067567567567566,296.0,1.0250861666741644,Father of the Bride Part II,1,Blockbuster,1990
6,Heat (1995),Action|Crime|Thriller,1995,3.8787234042553194,940.0,0.9345882716883003,Heat,3,Blockbuster,1990
7,Sabrina (1995),Comedy|Romance,1995,3.410480349344978,458.0,0.9799183799386929,Sabrina,2,Blockbuster,1990
8,Tom and Huck (1995),Adventure|Children's,1995,3.014705882352941,68.0,0.9540588401207981,Tom and Huck,2,Popular,1990
9,Sudden Death (1995),Action,1995,2.656862745098039,102.0,1.0482904332577478,Sudden Death,1,Popular,1990
10,GoldenEye (1995),Action|Adventure|Thriller,1995,3.5405405405405403,888.0,0.8912328467244989,GoldenEye,3,Blockbuster,1990
11,"American President, The (1995)",Comedy|Drama|Romance,1995,3.7938044530493706,1033.0,0.8643904675139522,"American President, The",3,Blockbuster,1990
12,Dracula: Dead and Loving It (1995),Comedy|Horror,1995,2.3625,160.0,1.2052688314126616,Dracula: Dead and Loving It,2,Popular,1990
13,Balto (1995),Animation|Children's,1995,3.2626262626262625,99.0,1.055460616980621,Balto,2,Popular,1990
14,Nixon (1995),Drama,1995,3.542483660130719,153.0,0.8734906388238118,Nixon,1,Popular,1990
15,Cutthroat Island (1995),Action|Adventure|Romance,1995,2.458904109589041,146.0,1.2212300883423444,Cutthroat Island,3,Popular,1990
16,Casino (1995),Drama|Thriller,1995,3.7932551319648096,682.0,0.9050754048198126,Casino,2,Blockbuster,1990
17,Sense and Sensibility (1995),Drama|Romance,1995,4.027544910179641,835.0,0.904535909905845,Sense and Sensibility,2,Blockbuster,1990
18,Four Rooms (1995),Thriller,1995,3.337579617834395,157.0,1.0162408111508667,Four Rooms,1,Popular,1990
19,Ace Ventura: When Nature Calls (1995),Comedy,1995,2.480719794344473,389.0,1.1787480236425403,Ace Ventura: When Nature Calls,1,Blockbuster,1990
20,Money Train (1995),Action,1995,2.5375,160.0,0.9034350937136875,Money Train,1,Popular,1990
21,Get Shorty (1995),Action|Comedy|Drama,1995,3.6238938053097347,1356.0,0.9348464525371945,Get Shorty,3,Blockbuster,1990
22,Copycat (1995),Crime|Drama|Thriller,1995,3.3492063492063493,378.0,0.9770642460255302,Copycat,3,Blockbuster,1990
23,Assassins (1995),Thriller,1995,2.857142857142857,126.0,1.0017128188400959,Assassins,1,Popular,1990
24,Powder (1995),Drama|Sci-Fi,1995,3.1794871794871793,624.0,1.0674653346155252,Powder,2,Blockbuster,1990
25,Leaving Las Vegas (1995),Drama|Romance,1995,3.6510204081632653,980.0,1.0935080878969552,Leaving Las Vegas,2,Blockbuster,1990
26,Othello (1995),Drama,1995,3.53,100.0,0.9476712552783313,Othello,1,Popular,1990
27,Now and Then (1995),Drama,1995,2.9344262295081966,61.0,0.9809664020583034,Now and Then,1,Popular,1990
28,Persuasion (1995),Romance,1995,4.055865921787709,179.0,0.8722994949490288,Persuasion,1,Popular,1990
29,"City of Lost Children, The (1995)",Adventure|Sci-Fi,1995,4.062034739454094,403.0,0.9968222288874267,"City of Lost Children, The",2,Blockbuster,1990
30,Shanghai Triad (Yao a yao yao dao waipo qiao) (1995),Drama,1995,3.6486486486486487,74.0,1.012692497276071,Shanghai Triad (Yao a yao yao dao waipo qiao),1,Popular,1990
31,Dangerous Minds (1995),Drama,1995,3.1134751773049647,141.0,0.9643072908389454,Dangerous Minds,1,Popular,1990
32,Twelve Monkeys (1995),Drama|Sci-Fi,1995,3.945731303772336,1511.0,0.9641075092249459,Twelve Monkeys,2,Blockbuster,1990
33,Wings of Courage (1995),Adventure|Romance,1995,3.0,4.0,0.816496580927726,Wings of Courage,2,Niche,1990
34,Babe (1995),Children's|Comedy|Drama,1995,3.8914905768132497,1751.0,1.0379604202733412,Babe,3,Blockbuster,1990
35,Carrington (1995),Drama|Romance,1995,3.3142857142857145,70.0,0.9095763808205355,Carrington,2,Popular,1990
36,Dead Man Walking (1995),Drama,1995,3.9579741379310347,928.0,0.8673391661304671,Dead Man Walking,1,Blockbuster,1990
37,Across the Sea of Time (1995),Documentary,1995,3.5,8.0,1.4142135623730951,Across the Sea of Time,1,Niche,1990
38,It Takes Two (1995),Comedy,1995,2.8214285714285716,28.0,1.4670093394782469,It Takes Two,1,Moderate,1990
39,Clueless (1995),Comedy|Romance,1995,3.6233480176211454,1362.0,0.9636209925947655,Clueless,2,Blockbuster,1990
40,"Cry, the Beloved Country (1995)",Drama,1995,3.933333333333333,30.0,0.8683449709106094,"Cry, the Beloved Country",1,Moderate,1990
41,Richard III (1995),Drama|War,1995,3.958677685950413,242.0,0.8388561092530333,Richard III,2,Blockbuster,1990
42,Dead Presidents (1995),Action|Crime|Drama,1995,2.8687782805429864,221.0,1.0206828599604436,Dead Presidents,3,Blockbuster,1990
43,Restoration (1995),Drama,1995,3.4457831325301207,166.0,0.9309885531072841,Restoration,1,Popular,1990
44,Mortal Kombat (1995),Action|Adventure,1995,2.787781350482315,311.0,1.0503356900132403,Mortal Kombat,2,Blockbuster,1990
45,To Die For (1995),Comedy|Drama,1995,3.4246323529411766,544.0,1.0035938427645765,To Die For,2,Blockbuster,1990
46,How to Make an American Quilt (1995),Drama|Romance,1995,3.108433734939759,166.0,0.9724950502984868,How to Make an American Quilt,2,Popular,1990
47,Seven (Se7en) (1995),Crime|Thriller,1995,4.106420404573439,1137.0,0.9392287493081478,Seven (Se7en),2,Blockbuster,1990
48,Pocahontas (1995),Animation|Children's|Musical|Romance,1995,2.9764397905759163,382.0,1.0973458292939022,Pocahontas,4,Blockbuster,1990
49,When Night Is Falling (1995),Drama|Romance,1995,3.740740740740741,27.0,0.9842057552468227,When Night Is Falling,2,Moderate,1990
50,"Usual Suspects, The (1995)",Crime|Thriller,1995,4.517106001121705,1783.0,0.7488218456658821,"Usual Suspects, The",2,Blockbuster,1990
51,Guardian Angel (1994),Action|Drama|Thriller,1994,,,,Guardian Angel,3,,1990
52,Mighty Aphrodite (1995),Comedy,1995,3.640371229698376,431.0,0.9140474017061119,Mighty Aphrodite,1,Blockbuster,1990
53,Lamerica (1994),Drama,1994,4.75,8.0,0.46291004988627593,Lamerica,1,Niche,1990
54,"Big Green, The (1995)",Children's|Comedy,1995,2.5609756097560976,41.0,1.1191242220550157,"Big Green, The",2,Moderate,1990
55,Georgia (1995),Drama,1995,3.066666666666667,45.0,1.1946852000726917,Georgia,1,Moderate,1990
56,Kids of the Round Table (1995),Adventure|Children's|Fantasy,1995,2.0,9.0,1.3228756555322954,Kids of the Round Table,3,Niche,1990
57,Home for the Holidays (1995),Drama,1995,3.404040404040404,99.0,1.0093359295888649,Home for the Holidays,1,Popular,1990
58,"Postino, Il (The Postman) (1994)",Drama|Romance,1994,4.093812375249501,501.0,0.8973191387274358,"Postino, Il (The Postman)",2,Blockbuster,1990
59,"Confessional, The (Le Confessionnal) (1995)",Drama|Mystery,1995,2.75,8.0,1.3887301496588271,"Confessional, The (Le Confessionnal)",2,Niche,1990
60,"Indian in the Cupboard, The (1995)",Adventure|Children's|Fantasy,1995,3.212885154061625,357.0,0.9969345265645617,"Indian in the Cupboard, The",3,Blockbuster,1990
61,Eye for an Eye (1996),Drama|Thriller,1996,3.0,67.0,0.937436866561092,Eye for an Eye,2,Popular,1990
62,Mr. Holland's Opus (1995),Drama,1995,3.6968576709796674,541.0,1.014966390650144,Mr. Holland's Opus,1,Blockbuster,1990
63,Don't Be a Menace to South Central While Drinking Your Juice in the Hood (1996),Comedy,1996,2.855855855855856,111.0,1.1106660315229933,Don't Be a Menace to South Central While Drinking Your Juice in the Hood,1,Popular,1990
64,Two if by Sea (1996),Comedy|Romance,1996,2.2658227848101267,79.0,0.901691583515056,Two if by Sea,2,Popular,1990
65,Bio-Dome (1996),Comedy,1996,2.062937062937063,143.0,1.0760961212680833,Bio-Dome,1,Popular,1990
66,Lawnmower Man 2: Beyond Cyberspace (1996),Sci-Fi|Thriller,1996,1.6701030927835052,97.0,0.8505102571953508,Lawnmower Man 2: Beyond Cyberspace,2,Popular,1990
67,Two Bits (1995),Drama,1995,3.25,4.0,0.9574271077563381,Two Bits,1,Niche,1990
68,French Twist (Gazon maudit) (1995),Comedy|Romance,1995,3.45,60.0,0.8718769933456344,French Twist (Gazon maudit),2,Popular,1990
69,Friday (1995),Comedy,1995,3.6551724137931036,319.0,1.0371540728401616,Friday,1,Blockbuster,1990
70,From Dusk Till Dawn (1996),Action|Comedy|Crime|Horror|Thriller,1996,3.1564551422319473,914.0,1.1787767782524565,From Dusk Till Dawn,5,Blockbuster,1990
71,Fair Game (1995),Action,1995,2.1041666666666665,96.0,1.051106351138413,Fair Game,1,Popular,1990
72,Kicking and Screaming (1995),Comedy|Drama,1995,3.6344086021505375,93.0,1.0507238316322618,Kicking and Screaming,2,Popular,1990
73,"Misérables, Les (1995)",Drama|Musical,1995,3.8169642857142856,224.0,1.023262030261688,"Misérables, Les",2,Blockbuster,1990
74,Bed of Roses (1996),Drama|Romance,1996,2.975,120.0,1.0959244591522117,Bed of Roses,2,Popular,1990
75,Big Bully (1996),Comedy|Drama,1996,1.9166666666666667,12.0,1.0836246694508316,Big Bully,2,Moderate,1990
76,Screamers (1995),Sci-Fi|Thriller,1995,2.853932584269663,178.0,1.031159314632131,Screamers,2,Popular,1990
77,Nico Icon (1995),Documentary,1995,3.764705882352941,34.0,0.8186768159996095,Nico Icon,1,Moderate,1990
78,"Crossing Guard, The (1995)",Drama,1995,3.26,50.0,1.0654116766848047,"Crossing Guard, The",1,Moderate,1990
79,"Juror, The (1996)",Drama|Thriller,1996,2.6052631578947367,114.0,1.001047425367144,"Juror, The",2,Popular,1990
80,"White Balloon, The (Badkonake Sefid ) (1995)",Drama,1995,3.826923076923077,52.0,0.7851852247107509,"White Balloon, The (Badkonake Sefid )",1,Popular,1990
81,Things to Do in Denver when You're Dead (1995),Crime|Drama|Romance,1995,3.1626506024096384,166.0,1.129785267167494,Things to Do in Denver when You're Dead,3,Popular,1990
82,Antonia's Line (Antonia) (1995),Drama,1995,3.8764044943820224,89.0,1.0640854451241335,Antonia's Line (Antonia),1,Popular,1990
83,Once Upon a Time... When We Were Colored (1995),Drama,1995,3.696969696969697,33.0,0.8472325715546059,Once Upon a Time... When We Were Colored,1,Moderate,1990
84,Last Summer in the Hamptons (1995),Comedy|Drama,1995,3.0952380952380953,21.0,1.2611408289624877,Last Summer in the Hamptons,2,Moderate,1990
85,Angels and Insects (1995),Drama|Romance,1995,3.402061855670103,194.0,0.9938650549493064,Angels and Insects,2,Popular,1990
86,White Squall (1996),Adventure|Drama,1996,3.3940677966101696,236.0,0.9325136355520188,White Squall,2,Blockbuster,1990
87,Dunston Checks In (1996),Children's|Comedy,1996,2.210526315789474,76.0,1.0239243393100779,Dunston Checks In,2,Popular,1990
88,Black Sheep (1996),Comedy,1996,2.9427083333333335,192.0,1.0594125401334327,Black Sheep,1,Popular,1990
89,Nick of Time (1995),Action|Thriller,1995,3.074235807860262,229.0,0.8878764120631533,Nick of Time,2,Blockbuster,1990
90,"Journey of August King, The (1995)",Drama,1995,3.6666666666666665,6.0,1.0327955589886444,"Journey of August King, The",1,Niche,1990
92,Mary Reilly (1996),Drama|Thriller,1996,2.340909090909091,88.0,1.015810232485454,Mary Reilly,2,Popular,1990
93,Vampire in Brooklyn (1995),Comedy|Romance,1995,2.235955056179775,89.0,0.9655718031550053,Vampire in Brooklyn,2,Popular,1990
94,Beautiful Girls (1996),Drama,1996,3.7252747252747254,182.0,0.9698884604770278,Beautiful Girls,1,Popular,1990
95,Broken Arrow (1996),Action|Thriller,1996,2.876175548589342,638.0,1.0401801168887694,Broken Arrow,2,Blockbuster,1990
96,In the Bleak Midwinter (1995),Comedy,1995,3.923076923076923,13.0,0.8623164985025762,In the Bleak Midwinter,1,Moderate,1990
97,"Hate (Haine, La) (1995)",Drama,1995,3.75,44.0,1.2598449517006372,"Hate (Haine, La)",1,Moderate,1990
98,Shopping (1994),Action|Thriller,1994,2.0,6.0,0.6324555320336759,Shopping,2,Niche,1990
99,Heidi Fleiss: Hollywood Madam (1995),Documentary,1995,3.46,50.0,0.97331749125119,Heidi Fleiss: Hollywood Madam,1,Moderate,1990
100,City Hall (1996),Drama|Thriller,1996,3.0625,128.0,0.9618715352861321,City Hall,2,Popular,1990
101,Bottle Rocket (1996),Comedy,1996,3.869565217391304,253.0,0.9187112526629333,Bottle Rocket,1,Blockbuster,1990
102,Mr. Wrong (1996),Comedy,1996,1.8166666666666667,60.0,0.9295828600965655,Mr. Wrong,1,Popular,1990
103,Unforgettable (1996),Thriller,1996,3.212121212121212,33.0,1.082750425928563,Unforgettable,1,Moderate,1990
104,Happy Gilmore (1996),Comedy,1996,3.526392961876833,682.0,1.1496184176269804,Happy Gilmore,1,Blockbuster,1990
105,"Bridges of Madison County, The (1995)",Drama|Romance,1995,3.2325581395348837,387.0,1.1093920374937623,"Bridges of Madison County, The",2,Blockbuster,1990
106,Nobody Loves Me (Keiner liebt mich) (1994),Comedy|Drama,1994,3.5833333333333335,12.0,1.5050420310248864,Nobody Loves Me (Keiner liebt mich),2,Moderate,1990
107,Muppet Treasure Island (1996),Adventure|Children's|Comedy|Musical,1996,3.1484375,256.0,1.106769499710846,Muppet Treasure Island,4,Blockbuster,1990
108,Catwalk (1995),Documentary,1995,2.857142857142857,7.0,1.5735915849388864,Catwalk,1,Niche,1990
109,Headless Body in Topless Bar (1995),Comedy,1995,,,,Headless Body in Topless Bar,1,,1990
110,Braveheart (1995),Action|Drama|War,1995,4.234957020057307,2443.0,0.9293500477516424,Braveheart,3,Blockbuster,1990
111,Taxi Driver (1976),Drama|Thriller,1976,4.183870967741935,1240.0,0.884845699719571,Taxi Driver,2,Blockbuster,1970
112,Rumble in the Bronx (1995),Action|Adventure|Crime,1995,3.443859649122807,570.0,0.9492421440840716,Rumble in the Bronx,3,Blockbuster,1990
113,Before and After (1996),Drama|Mystery,1996,2.981132075471698,53.0,0.8877492290951713,Before and After,2,Popular,1990
114,Margaret's Museum (1995),Drama,1995,3.090909090909091,11.0,0.9438798074485389,Margaret's Museum,1,Moderate,1990
115,Happiness Is in the Field (1995),Comedy,1995,,,,Happiness Is in the Field,1,,1990
116,Anne Frank Remembered (1995),Documentary,1995,4.097560975609756,41.0,1.0909829982355475,Anne Frank Remembered,1,Moderate,1990
117,"Young Poisoner's Handbook, The (1995)",Crime,1995,3.632911392405063,79.0,0.787355443628949,"Young Poisoner's Handbook, The",1,Popular,1990
118,If Lucy Fell (1996),Comedy|Romance,1996,3.073529411764706,68.0,1.123908113185073,If Lucy Fell,2,Popular,1990
119,"Steal Big, Steal Little (1995)",Comedy,1995,2.4615384615384617,13.0,1.1982893790305562,"Steal Big, Steal Little",1,Moderate,1990
120,Race the Sun (1996),Drama,1996,2.6666666666666665,3.0,0.5773502691896258,Race the Sun,1,Niche,1990
121,"Boys of St. Vincent, The (1993)",Drama,1993,4.054054054054054,37.0,0.6644105970267492,"Boys of St. Vincent, The",1,Moderate,1990
122,Boomerang (1992),Comedy|Romance,1992,2.768041237113402,194.0,0.9725823104613281,Boomerang,2,Popular,1990
123,Chungking Express (1994),Drama|Mystery|Romance,1994,3.869565217391304,115.0,1.0473168652912153,Chungking Express,3,Popular,1990
124,"Star Maker, The (Uomo delle stelle, L') (1995)",Drama,1995,3.2142857142857144,14.0,1.1883130530663677,"Star Maker, The (Uomo delle stelle, L')",1,Moderate,1990
125,Flirting With Disaster (1996),Comedy,1996,3.8333333333333335,318.0,0.9698396021188586,Flirting With Disaster,1,Blockbuster,1990
126,"NeverEnding Story III, The (1994)",Adventure|Children's|Fantasy,1994,1.9898989898989898,99.0,1.0737588895828305,"NeverEnding Story III, The",3,Popular,1990
127,"Silence of the Palace, The (Saimt el Qusur) (1994)",Drama,1994,1.0,1.0,,"Silence of the Palace, The (Saimt el Qusur)",1,Niche,1990
128,Jupiter's Wife (1994),Documentary,1994,4.333333333333333,12.0,0.7784989441615231,Jupiter's Wife,1,Moderate,1990
129,Pie in the Sky (1995),Comedy|Romance,1995,3.3076923076923075,13.0,0.8548504142651103,Pie in the Sky,2,Moderate,1990
130,Angela (1995),Drama,1995,4.0,2.0,1.4142135623730951,Angela,1,Niche,1990
131,Frankie Starlight (1995),Drama|Romance,1995,3.0625,16.0,0.9287087810503355,Frankie Starlight,2,Moderate,1990
132,Jade (1995),Thriller,1995,2.4945054945054945,91.0,1.0151477875290034,Jade,1,Popular,1990
133,Nueba Yol (1995),Comedy|Drama,1995,1.0,1.0,,Nueba Yol,2,Niche,1990
134,Sonic Outlaws (1995),Documentary,1995,4.0,2.0,0.0,Sonic Outlaws,1,Niche,1990
135,Down Periscope (1996),Comedy,1996,2.81203007518797,133.0,1.1156624336040437,Down Periscope,1,Popular,1990
136,From the Journals of Jean Seberg (1995),Documentary,1995,3.25,8.0,1.4880476182856899,From the Journals of Jean Seberg,1,Niche,1990
137,Man of the Year (1995),Documentary,1995,3.0,13.0,1.1547005383792515,Man of the Year,1,Moderate,1990
138,"Neon Bible, The (1995)",Drama,1995,2.5,2.0,2.1213203435596424,"Neon Bible, The",1,Niche,1990
139,Target (1995),Action|Drama,1995,4.0,1.0,,Target,2,Niche,1990
140,Up Close and Personal (1996),Drama|Romance,1996,3.1654676258992804,139.0,1.1137944174663048,Up Close and Personal,2,Popular,1990
141,"Birdcage, The (1996)",Comedy,1996,3.5498533724340176,682.0,0.9547816022443066,"Birdcage, The",1,Blockbuster,1990
142,Shadows (Cienie) (1988),Drama,1988,1.0,1.0,,Shadows (Cienie),1,Niche,1980
143,Gospa (1995),Drama,1995,,,,Gospa,1,,1990
144,"Brothers McMullen, The (1995)",Comedy,1995,3.392609699769053,433.0,0.9220251852419816,"Brothers McMullen, The",1,Blockbuster,1990
145,Bad Boys (1995),Action,1995,3.2955801104972378,362.0,1.0358837785706485,Bad Boys,1,Blockbuster,1990
146,"Amazing Panda Adventure, The (1995)",Adventure|Children's,1995,2.888888888888889,18.0,1.4095843729891318,"Amazing Panda Adventure, The",2,Moderate,1990
147,"Basketball Diaries, The (1995)",Drama,1995,3.541436464088398,181.0,1.051293453374189,"Basketball Diaries, The",1,Popular,1990
148,"Awfully Big Adventure, An (1995)",Drama,1995,2.782608695652174,23.0,1.1263989983825946,"Awfully Big Adventure, An",1,Moderate,1990
149,Amateur (1994),Crime|Drama|Thriller,1994,3.7872340425531914,47.0,0.8581114302012286,Amateur,3,Moderate,1990
150,Apollo 13 (1995),Drama,1995,4.073541167066347,1251.0,0.8016154752148421,Apollo 13,1,Blockbuster,1990
151,Rob Roy (1995),Drama|Romance|War,1995,3.588447653429603,554.0,0.9414755693627744,Rob Roy,3,Blockbuster,1990
152,"Addiction, The (1995)",Horror,1995,3.0,69.0,1.1631599960755994,"Addiction, The",1,Popular,1990
153,Batman Forever (1995),Action|Adventure|Comedy|Crime,1995,2.642213642213642,777.0,1.0469244306904564,Batman Forever,4,Blockbuster,1990
154,Belle de jour (1967),Drama,1967,3.7261904761904763,168.0,0.9070738698792594,Belle de jour,1,Popular,1960
155,Beyond Rangoon (1995),Drama|War,1995,3.413793103448276,87.0,1.0515959536434736,Beyond Rangoon,2,Popular,1990
156,Blue in the Face (1995),Comedy,1995,3.5606060606060606,66.0,1.0247519456515075,Blue in the Face,1,Popular,1990
157,Canadian Bacon (1994),Comedy|War,1994,2.732620320855615,187.0,1.1972886394898725,Canadian Bacon,2,Popular,1990
158,Casper (1995),Adventure|Children's,1995,2.9806949806949805,259.0,1.0132905085239037,Casper,2,Blockbuster,1990
159,Clockers (1995),Drama,1995,3.2844827586206895,116.0,0.9022294558506156,Clockers,1,Popular,1990
160,Congo (1995),Action|Adventure|Mystery|Sci-Fi,1995,2.2389380530973453,565.0,1.011234203807458,Congo,4,Blockbuster,1990
161,Crimson Tide (1995),Drama|Thriller|War,1995,3.723684210526316,760.0,0.8574049183164639,Crimson Tide,3,Blockbuster,1990
162,Crumb (1994),Documentary,1994,4.063136456211812,491.0,1.0410383061209085,Crumb,1,Blockbuster,1990
163,Desperado (1995),Action|Romance|Thriller,1995,3.4574074074074073,540.0,0.9935042928482609,Desperado,3,Blockbuster,1990
164,Devil in a Blue Dress (1995),Crime|Film-Noir|Mystery|Thriller,1995,3.5672823218997363,379.0,0.8683657045295261,Devil in a Blue Dress,4,Blockbuster,1990
165,Die Hard: With a Vengeance (1995),Action|Thriller,1995,3.561212121212121,825.0,1.0067483391093826,Die Hard: With a Vengeance,2,Blockbuster,1990
166,"Doom Generation, The (1995)",Comedy|Drama,1995,2.459016393442623,61.0,1.285480072343964,"Doom Generation, The",2,Popular,1990
167,Feast of July (1995),Drama,1995,3.6,5.0,0.8944271909999159,Feast of July,1,Niche,1990
168,First Knight (1995),Action|Adventure|Drama|Romance,1995,2.9502762430939224,362.0,1.1301765757851452,First Knight,4,Blockbuster,1990
169,Free Willy 2: The Adventure Home (1995),Adventure|Children's|Drama,1995,2.017699115044248,113.0,1.026282306651361,Free Willy 2: The Adventure Home,3,Popular,1990
170,Hackers (1995),Action|Crime|Thriller,1995,3.146417445482866,321.0,1.120990605533652,Hackers,3,Blockbuster,1990
171,Jeffrey (1995),Comedy,1995,3.5698924731182795,93.0,1.0467117191924928,Jeffrey,1,Popular,1990
172,Johnny Mnemonic (1995),Action|Sci-Fi|Thriller,1995,2.576419213973799,458.0,1.104818695098524,Johnny Mnemonic,3,Blockbuster,1990
173,Judge Dredd (1995),Action|Adventure|Sci-Fi,1995,2.3085106382978724,564.0,1.0326113656979987,Judge Dredd,3,Blockbuster,1990
174,Jury Duty (1995),Comedy,1995,2.308641975308642,81.0,1.168781152618423,Jury Duty,1,Popular,1990
175,Kids (1995),Drama,1995,3.477272727272727,220.0,1.1914581136975502,Kids,1,Blockbuster,1990
176,Living in Oblivion (1995),Comedy,1995,3.9170731707317072,205.0,0.856320914917814,Living in Oblivion,1,Blockbuster,1990
177,Lord of Illusions (1995),Horror,1995,2.7338129496402876,139.0,1.1393841431353136,Lord of Illusions,1,Popular,1990
178,Love & Human Remains (1993),Comedy,1993,3.473684210526316,19.0,0.7723284457212329,Love & Human Remains,1,Moderate,1990
179,Mad Love (1995),Drama|Romance,1995,2.2083333333333335,48.0,0.8981857205792588,Mad Love,2,Moderate,1990
180,Mallrats (1995),Comedy,1995,3.5476718403547673,451.0,1.1132784970850462,Mallrats,1,Blockbuster,1990
181,Mighty Morphin Power Rangers: The Movie (1995),Action|Children's,1995,1.6129032258064515,93.0,0.8972452777022827,Mighty Morphin Power Rangers: The Movie,2,Popular,1990
182,Moonlight and Valentino (1995),Drama|Romance,1995,3.142857142857143,49.0,1.0801234497346435,Moonlight and Valentino,2,Moderate,1990
183,Mute Witness (1994),Thriller,1994,3.4827586206896552,29.0,0.949461864696163,Mute Witness,1,Moderate,1990
184,Nadja (1994),Drama,1994,3.3461538461538463,26.0,1.0561177090573832,Nadja,1,Moderate,1990
185,"Net, The (1995)",Sci-Fi|Thriller,1995,2.869947275922671,569.0,0.9985694859858474,"Net, The",2,Blockbuster,1990
186,Nine Months (1995),Comedy,1995,2.7630331753554502,211.0,0.9713801148189017,Nine Months,1,Blockbuster,1990
187,Party Girl (1995),Comedy,1995,3.238095238095238,105.0,1.0699012312772824,Party Girl,1,Popular,1990
188,"Prophecy, The (1995)",Horror,1995,3.221052631578947,190.0,1.1285515122198808,"Prophecy, The",1,Popular,1990
189,Reckless (1995),Comedy,1995,3.4,15.0,0.9856107606091622,Reckless,1,Moderate,1990
190,Safe (1995),Thriller,1995,3.75,100.0,1.1043989178267828,Safe,1,Popular,1990
191,"Scarlet Letter, The (1995)",Drama,1995,2.466666666666667,75.0,1.0440737953277488,"Scarlet Letter, The",1,Popular,1990
192,"Show, The (1995)",Documentary,1995,3.0,2.0,1.4142135623730951,"Show, The",1,Niche,1990
193,Showgirls (1995),Drama,1995,2.0506912442396312,217.0,1.0853451326680903,Showgirls,1,Blockbuster,1990
194,Smoke (1995),Drama,1995,3.755868544600939,213.0,0.9598180947923394,Smoke,1,Blockbuster,1990
195,Something to Talk About (1995),Comedy|Drama|Romance,1995,2.841463414634146,164.0,0.906276846542865,Something to Talk About,3,Popular,1990
196,Species (1995),Horror|Sci-Fi,1995,2.8236363636363637,550.0,0.9989910458990053,Species,2,Blockbuster,1990
197,"Stars Fell on Henrietta, The (1995)",Drama,1995,3.0588235294117645,17.0,1.0880365478290537,"Stars Fell on Henrietta, The",1,Moderate,1990
198,Strange Days (1995),Action|Crime|Sci-Fi,1995,3.2958677685950413,605.0,1.053250777843982,Strange Days,3,Blockbuster,1990
199,"Umbrellas of Cherbourg, The (Parapluies de Cherbourg, Les) (1964)",Drama|Musical,1964,3.8119658119658117,117.0,1.1441878909757721,"Umbrellas of Cherbourg, The (Parapluies de Cherbourg, Les)",2,Popular,1960
200,"Tie That Binds, The (1995)",Thriller,1995,2.4166666666666665,12.0,1.0836246694508316,"Tie That Binds, The",1,Moderate,1990
201,Three Wishes (1995),Drama,1995,2.6363636363636362,33.0,1.084498208221832,Three Wishes,1,Moderate,1990
202,Total Eclipse (1995),Drama|Romance,1995,2.5,30.0,1.106407669457548,Total Eclipse,2,Moderate,1990
203,"To Wong Foo, Thanks for Everything! Julie Newmar (1995)",Comedy,1995,3.0541871921182264,203.0,1.1697590952940966,"To Wong Foo, Thanks for Everything! Julie Newmar",1,Blockbuster,1990
204,Under Siege 2: Dark Territory (1995),Action,1995,2.9211822660098523,203.0,1.064129161594229,Under Siege 2: Dark Territory,1,Blockbuster,1990
205,Unstrung Heroes (1995),Comedy|Drama,1995,3.611764705882353,85.0,1.113703791164321,Unstrung Heroes,2,Popular,1990
206,Unzipped (1995),Documentary,1995,3.6707317073170733,82.0,1.0547350969135554,Unzipped,1,Popular,1990
207,"Walk in the Clouds, A (1995)",Drama|Romance,1995,3.132420091324201,219.0,1.094523098677886,"Walk in the Clouds, A",2,Blockbuster,1990
208,Waterworld (1995),Action|Adventure,1995,2.6313364055299537,651.0,1.1296839158517469,Waterworld,2,Blockbuster,1990
209,White Man's Burden (1995),Drama,1995,2.4615384615384617,52.0,0.9992455676029078,White Man's Burden,1,Popular,1990
210,Wild Bill (1995),Western,1995,3.1463414634146343,41.0,0.9370425713316365,Wild Bill,1,Moderate,1990
211,"Browning Version, The (1994)",Drama,1994,3.5588235294117645,34.0,0.7463517925331651,"Browning Version, The",1,Moderate,1990
212,Bushwhacked (1995),Comedy,1995,1.9285714285714286,14.0,0.9972489631508747,Bushwhacked,1,Moderate,1990
213,Burnt By the Sun (Utomlyonnye solntsem) (1994),Drama,1994,4.056910569105691,123.0,1.0266994149496094,Burnt By the Sun (Utomlyonnye solntsem),1,Popular,1990
214,Before the Rain (Pred dozhdot) (1994),Drama,1994,4.25,28.0,0.844371341865037,Before the Rain (Pred dozhdot),1,Moderate,1990
215,Before Sunrise (1995),Drama|Romance,1995,3.80625,160.0,1.0124810736642447,Before Sunrise,2,Popular,1990
216,Billy Madison (1995),Comedy,1995,3.183098591549296,355.0,1.2499701595865267,Billy Madison,1,Blockbuster,1990
217,"Babysitter, The (1995)",Drama|Thriller,1995,2.625,64.0,1.091089451179962,"Babysitter, The",2,Popular,1990
218,Boys on the Side (1995),Comedy|Drama,1995,3.128205128205128,195.0,1.01482534121367,Boys on the Side,2,Popular,1990
219,"Cure, The (1995)",Drama,1995,3.1818181818181817,22.0,0.9579921282290986,"Cure, The",1,Moderate,1990
220,Castle Freak (1995),Horror,1995,1.8214285714285714,28.0,0.9048663264720755,Castle Freak,1,Moderate,1990
222,Circle of Friends (1995),Drama|Romance,1995,3.547112462006079,329.0,0.858102978709336,Circle of Friends,2,Blockbuster,1990
223,Clerks (1994),Comedy,1994,3.946883852691218,1412.0,1.0119821785994383,Clerks,1,Blockbuster,1990
224,Don Juan DeMarco (1995),Comedy|Drama|Romance,1995,3.3911917098445596,386.0,0.9560878781180846,Don Juan DeMarco,3,Blockbuster,1990
225,Disclosure (1994),Drama|Thriller,1994,3.173228346456693,254.0,0.9247966398739539,Disclosure,2,Blockbuster,1990
226,Dream Man (1995),Thriller,1995,2.0,1.0,,Dream Man,1,Niche,1990
227,Drop Zone (1994),Action,1994,2.6744186046511627,129.0,0.9855422896310247,Drop Zone,1,Popular,1990
228,Destiny Turns on the Radio (1995),Comedy,1995,2.1538461538461537,13.0,0.987096233585649,Destiny Turns on the Radio,1,Moderate,1990
229,Death and the Maiden (1994),Drama|Thriller,1994,3.5,108.0,1.0185200918833628,Death and the Maiden,2,Popular,1990
230,Dolores Claiborne (1994),Drama|Thriller,1994,3.4527220630372493,349.0,0.9229978550057181,Dolores Claiborne,2,Blockbuster,1990
231,Dumb & Dumber (1994),Comedy,1994,3.1924242424242424,660.0,1.3213331436461841,Dumb & Dumber,1,Blockbuster,1990
232,Eat Drink Man Woman (1994),Comedy|Drama,1994,4.07514450867052,346.0,0.8058594166146906,Eat Drink Man Woman,2,Blockbuster,1990
233,Exotica (1994),Drama,1994,3.6127659574468085,235.0,1.1318272461270178,Exotica,1,Blockbuster,1990
234,Exit to Eden (1994),Comedy,1994,2.2244897959183674,147.0,1.1028972950317335,Exit to Eden,1,Popular,1990
235,Ed Wood (1994),Comedy|Drama,1994,3.696871628910464,927.0,1.0127806001194088,Ed Wood,2,Blockbuster,1990
236,French Kiss (1995),Comedy|Romance,1995,3.303680981595092,326.0,0.9718112871921745,French Kiss,2,Blockbuster,1990
237,Forget Paris (1995),Comedy|Romance,1995,2.972762645914397,257.0,1.0093495324213622,Forget Paris,2,Blockbuster,1990
238,Far From Home: The Adventures of Yellow Dog (1995),Adventure|Children's,1995,2.8125,32.0,1.3060035073805594,Far From Home: The Adventures of Yellow Dog,2,Moderate,1990
239,"Goofy Movie, A (1995)",Animation|Children's|Comedy|Romance,1995,2.875,168.0,1.1897138990852576,"Goofy Movie, A",4,Popular,1990
240,Hideaway (1995),Thriller,1995,2.7111111111111112,45.0,1.1205157542647741,Hideaway,1,Moderate,1990
241,Fluke (1995),Children's|Drama,1995,3.310344827586207,29.0,1.1052940228044712,Fluke,2,Moderate,1990
242,Farinelli: il castrato (1994),Drama|Musical,1994,3.5,80.0,1.0433635967086012,Farinelli: il castrato,2,Popular,1990
243,Gordy (1995),Comedy,1995,2.1,10.0,0.9944289260117534,Gordy,1,Niche,1990
244,Gumby: The Movie (1995),Animation|Children's,1995,1.9,10.0,0.8755950357709131,Gumby: The Movie,2,Niche,1990
245,"Glass Shield, The (1994)",Crime|Drama,1994,3.0,11.0,1.0,"Glass Shield, The",2,Moderate,1990
246,Hoop Dreams (1994),Documentary,1994,4.18854748603352,716.0,0.8375339169714786,Hoop Dreams,1,Blockbuster,1990
247,Heavenly Creatures (1994),Drama|Fantasy|Romance|Thriller,1994,3.8658280922431865,477.0,0.9564168489069155,Heavenly Creatures,4,Blockbuster,1990
248,Houseguest (1994),Comedy,1994,2.9130434782608696,138.0,1.0071152767074851,Houseguest,1,Popular,1990
249,Immortal Beloved (1994),Drama|Romance,1994,3.7586206896551726,261.0,0.9441990978281661,Immortal Beloved,2,Blockbuster,1990
250,Heavyweights (1994),Children's|Comedy,1994,2.6,30.0,1.1919268665368752,Heavyweights,2,Moderate,1990
251,"Hunted, The (1995)",Action,1995,3.2777777777777777,18.0,0.9582800496696001,"Hunted, The",1,Moderate,1990
252,I.Q. (1994),Comedy|Romance,1994,3.2697547683923704,367.0,0.8875186104862482,I.Q.,2,Blockbuster,1990
253,Interview with the Vampire (1994),Drama|Horror,1994,3.524390243902439,738.0,1.0340610195455076,Interview with the Vampire,2,Blockbuster,1990
254,Jefferson in Paris (1995),Drama,1995,3.0789473684210527,38.0,0.8180920105315723,Jefferson in Paris,1,Moderate,1990
255,"Jerky Boys, The (1994)",Comedy,1994,2.0606060606060606,66.0,1.0795837927188263,"Jerky Boys, The",1,Popular,1990
256,Junior (1994),Comedy|Sci-Fi,1994,2.6513761467889907,218.0,1.0461793273863338,Junior,2,Blockbuster,1990
257,Just Cause (1995),Mystery|Thriller,1995,3.2280701754385963,114.0,1.0645958784498268,Just Cause,2,Popular,1990
258,"Kid in King Arthur's Court, A (1995)",Adventure|Children's|Comedy|Fantasy|Romance,1995,2.423611111111111,144.0,1.162225145256842,"Kid in King Arthur's Court, A",5,Popular,1990
259,Kiss of Death (1995),Crime|Drama|Thriller,1995,2.843137254901961,102.0,1.0122526397679297,Kiss of Death,3,Popular,1990
260,Star Wars: Episode IV - A New Hope (1977),Action|Adventure|Fantasy|Sci-Fi,1977,4.453694416583082,2991.0,0.8007806969749859,Star Wars: Episode IV - A New Hope,4,Blockbuster,1970
261,Little Women (1994),Drama,1994,3.6491228070175437,285.0,0.9324212776908756,Little Women,1,Blockbuster,1990
262,"Little Princess, A (1995)",Children's|Drama,1995,3.872093023255814,172.0,0.9887852033837139,"Little Princess, A",2,Popular,1990
263,Ladybird Ladybird (1994),Drama,1994,3.857142857142857,28.0,1.0079052613579393,Ladybird Ladybird,1,Moderate,1990
264,"Enfer, L' (1994)",Drama,1994,3.2,5.0,1.3038404810405297,"Enfer, L'",1,Niche,1990
265,Like Water for Chocolate (Como agua para chocolate) (1992),Drama|Romance,1992,3.9326424870466323,772.0,1.0009706115288906,Like Water for Chocolate (Como agua para chocolate),2,Blockbuster,1990
266,Legends of the Fall (1994),Drama|Romance|War|Western,1994,3.425531914893617,705.0,1.0912490403593054,Legends of the Fall,4,Blockbuster,1990
267,Major Payne (1994),Comedy,1994,2.7285714285714286,140.0,1.2282224222844416,Major Payne,1,Popular,1990
268,Little Odessa (1994),Drama,1994,3.3703703703703702,54.0,0.8533241613762846,Little Odessa,1,Popular,1990
269,My Crazy Life (Mi vida loca) (1993),Drama,1993,3.5272727272727273,55.0,0.8131909131805773,My Crazy Life (Mi vida loca),1,Popular,1990
270,Love Affair (1994),Drama|Romance,1994,3.037974683544304,79.0,1.0794471278923121,Love Affair,2,Popular,1990
271,Losing Isaiah (1995),Drama,1995,3.142857142857143,63.0,0.9307843181986941,Losing Isaiah,1,Popular,1990
272,"Madness of King George, The (1994)",Drama,1994,3.7258485639686683,383.0,0.8835525910751305,"Madness of King George, The",1,Blockbuster,1990
273,Mary Shelley's Frankenstein (1994),Drama|Horror,1994,2.8975409836065573,244.0,1.081909842721866,Mary Shelley's Frankenstein,2,Blockbuster,1990
274,Man of the House (1995),Comedy,1995,2.375,24.0,1.0134958870382642,Man of the House,1,Moderate,1990
275,Mixed Nuts (1994),Comedy,1994,2.5375,80.0,1.0304693535508926,Mixed Nuts,1,Popular,1990
276,Milk Money (1994),Comedy|Romance,1994,2.692982456140351,228.0,0.9855984383252554,Milk Money,2,Blockbuster,1990
277,Miracle on 34th Street (1994),Drama,1994,3.1823529411764704,170.0,0.958756155557658,Miracle on 34th Street,1,Popular,1990
278,Miami Rhapsody (1995),Comedy,1995,2.75,40.0,0.9540735874430285,Miami Rhapsody,1,Moderate,1990
279,My Family (1995),Drama,1995,3.717391304347826,46.0,0.9812247104344396,My Family,1,Moderate,1990
280,Murder in the First (1995),Drama|Thriller,1995,3.5707547169811322,212.0,0.8596777728895828,Murder in the First,2,Blockbuster,1990
281,Nobody's Fool (1994),Drama,1994,3.648068669527897,233.0,0.853849374236967,Nobody's Fool,1,Blockbuster,1990
282,Nell (1994),Drama,1994,3.2232558139534886,215.0,1.1133928128691821,Nell,1,Blockbuster,1990
283,New Jersey Drive (1995),Crime|Drama,1995,3.0,18.0,1.0289915108550531,New Jersey Drive,2,Moderate,1990
284,New York Cop (1996),Action|Crime,1996,,,,New York Cop,2,,1990
285,Beyond Bedlam (1993),Drama|Horror,1993,,,,Beyond Bedlam,2,,1990
286,Nemesis 2: Nebula (1995),Action|Sci-Fi|Thriller,1995,3.0,1.0,,Nemesis 2: Nebula,3,Niche,1990
287,Nina Takes a Lover (1994),Comedy|Romance,1994,2.9047619047619047,21.0,0.9952267030562387,Nina Takes a Lover,2,Moderate,1990
288,Natural Born Killers (1994),Action|Thriller,1994,3.144285714285714,700.0,1.307197606900584,Natural Born Killers,2,Blockbuster,1990
289,Only You (1994),Comedy|Romance,1994,3.3417721518987342,158.0,0.9222801424352428,Only You,2,Popular,1990
290,Once Were Warriors (1994),Crime|Drama,1994,3.9166666666666665,168.0,0.950364989240687,Once Were Warriors,2,Popular,1990
291,Poison Ivy II (1995),Thriller,1995,2.2083333333333335,48.0,0.9884079899565408,Poison Ivy II,1,Moderate,1990
292,Outbreak (1995),Action|Drama|Thriller,1995,3.2687585266030013,733.0,0.9321625440612984,Outbreak,3,Blockbuster,1990
293,"Professional, The (a.k.a. Leon: The Professional) (1994)",Crime|Drama|Romance|Thriller,1994,4.106175514626218,923.0,0.8610609908123414,"Professional, The (a.k.a. Leon: The Professional)",4,Blockbuster,1990
294,"Perez Family, The (1995)",Comedy|Romance,1995,3.0952380952380953,42.0,0.9830148699846395,"Perez Family, The",2,Moderate,1990
295,"Pyromaniac's Love Story, A (1995)",Comedy|Romance,1995,2.7586206896551726,29.0,0.8304547985373997,"Pyromaniac's Love Story, A",2,Moderate,1990
296,Pulp Fiction (1994),Crime|Drama,1994,4.278212805158913,2171.0,0.9799744813953991,Pulp Fiction,2,Blockbuster,1990
297,Panther (1995),Drama,1995,3.107142857142857,28.0,1.2863754913562,Panther,1,Moderate,1990
298,Pushing Hands (1992),Comedy,1992,3.9130434782608696,23.0,0.668311541278118,Pushing Hands,1,Moderate,1990
299,Priest (1994),Drama,1994,3.664335664335664,143.0,1.006626327190153,Priest,1,Popular,1990
300,Quiz Show (1994),Drama,1994,3.7588652482269502,705.0,0.8109750481310547,Quiz Show,1,Blockbuster,1990
301,Picture Bride (1995),Drama|Romance,1995,3.302325581395349,43.0,0.9394751250142216,Picture Bride,2,Moderate,1990
302,Queen Margot (La Reine Margot) (1994),Drama|Romance,1994,3.813953488372093,86.0,0.9642019303637076,Queen Margot (La Reine Margot),2,Popular,1990
303,"Quick and the Dead, The (1995)",Action|Adventure|Western,1995,2.9760765550239237,418.0,0.9936980872527053,"Quick and the Dead, The",3,Blockbuster,1990
304,Roommates (1995),Comedy|Drama,1995,3.142857142857143,35.0,1.0611552290631503,Roommates,2,Moderate,1990
305,Ready to Wear (Pret-A-Porter) (1994),Comedy,1994,2.5039370078740157,127.0,1.0302874906844293,Ready to Wear (Pret-A-Porter),1,Popular,1990
306,Three Colors: Red (1994),Drama,1994,4.227544910179641,334.0,0.8780037876513814,Three Colors: Red,1,Blockbuster,1990
307,Three Colors: Blue (1993),Drama,1993,4.098765432098766,243.0,0.9351484383643749,Three Colors: Blue,1,Blockbuster,1990
308,Three Colors: White (1994),Drama,1994,3.9653465346534653,202.0,0.9270866627836445,Three Colors: White,1,Blockbuster,1990
309,"Red Firecracker, Green Firecracker (1994)",Drama,1994,3.6875,48.0,1.094595038300622,"Red Firecracker, Green Firecracker",1,Moderate,1990
310,Rent-a-Kid (1995),Comedy,1995,2.6666666666666665,6.0,1.2110601416389966,Rent-a-Kid,1,Niche,1990
311,Relative Fear (1994),Horror|Thriller,1994,3.0,1.0,,Relative Fear,2,Niche,1990
312,Stuart Saves His Family (1995),Comedy,1995,2.4375,112.0,1.1051170905310368,Stuart Saves His Family,1,Popular,1990
313,"Swan Princess, The (1994)",Animation|Children's,1994,2.888888888888889,54.0,1.1601344532792457,"Swan Princess, The",2,Popular,1990
314,"Secret of Roan Inish, The (1994)",Drama,1994,3.85,300.0,0.943646240613901,"Secret of Roan Inish, The",1,Blockbuster,1990
315,"Specialist, The (1994)",Action,1994,2.65359477124183,153.0,1.199343358927734,"Specialist, The",1,Popular,1990
316,Stargate (1994),Action|Adventure|Sci-Fi,1994,3.490143369175627,1116.0,1.0017435817823301,Stargate,3,Blockbuster,1990
317,"Santa Clause, The (1994)",Children's|Comedy|Fantasy,1994,3.1918876755070205,641.0,1.0242358553397233,"Santa Clause, The",3,Blockbuster,1990
318,"Shawshank Redemption, The (1994)",Drama,1994,4.554557700942973,2227.0,0.7004430760926282,"Shawshank Redemption, The",1,Blockbuster,1990
319,Shallow Grave (1994),Thriller,1994,3.8937728937728937,273.0,0.8785001714139367,Shallow Grave,1,Blockbuster,1990
320,Suture (1993),Film-Noir|Thriller,1993,3.40625,32.0,1.042929342239073,Suture,2,Moderate,1990
321,Strawberry and Chocolate (Fresa y chocolate) (1993),Drama,1993,3.7540983606557377,61.0,0.9426158232089754,Strawberry and Chocolate (Fresa y chocolate),1,Popular,1990
322,Swimming with Sharks (1995),Comedy|Drama,1995,3.712918660287081,209.0,1.006648856968833,Swimming with Sharks,2,Blockbuster,1990
324,"Sum of Us, The (1994)",Comedy,1994,3.9696969696969697,33.0,0.7699370300894939,"Sum of Us, The",1,Moderate,1990
325,National Lampoon's Senior Trip (1995),Comedy,1995,2.4489795918367347,49.0,1.1736911946539275,National Lampoon's Senior Trip,1,Moderate,1990
326,To Live (Huozhe) (1994),Drama,1994,4.344262295081967,61.0,0.8343709387244848,To Live (Huozhe),1,Popular,1990
327,Tank Girl (1995),Action|Comedy|Musical|Sci-Fi,1995,2.6145251396648046,358.0,1.2776953925615253,Tank Girl,4,Blockbuster,1990
328,Tales From the Crypt Presents: Demon Knight (1995),Horror,1995,3.111111111111111,144.0,1.0518788458986643,Tales From the Crypt Presents: Demon Knight,1,Popular,1990
329,Star Trek: Generations (1994),Action|Adventure|Sci-Fi,1994,3.3767676767676766,990.0,0.965777219958179,Star Trek: Generations,3,Blockbuster,1990
330,Tales from the Hood (1995),Comedy|Horror,1995,2.7315436241610738,149.0,1.0882099886984102,Tales from the Hood,2,Popular,1990
331,Tom & Viv (1994),Drama,1994,3.0952380952380953,21.0,0.8309489698388167,Tom & Viv,1,Moderate,1990
332,Village of the Damned (1995),Horror|Sci-Fi,1995,2.546583850931677,161.0,1.072090892596135,Village of the Damned,2,Popular,1990
333,Tommy Boy (1995),Comedy,1995,3.502439024390244,410.0,1.143171029367589,Tommy Boy,1,Blockbuster,1990
334,Vanya on 42nd Street (1994),Drama,1994,3.8596491228070176,114.0,1.0380137003755612,Vanya on 42nd Street,1,Popular,1990
335,"Underneath, The (1995)",Mystery|Thriller,1995,3.4878048780487805,41.0,0.8978293607226318,"Underneath, The",2,Moderate,1990
336,"Walking Dead, The (1995)",Drama|War,1995,2.6842105263157894,19.0,1.1572300058975775,"Walking Dead, The",2,Moderate,1990
337,What's Eating Gilbert Grape (1993),Drama,1993,3.8412698412698414,693.0,0.9016199955562344,What's Eating Gilbert Grape,1,Blockbuster,1990
338,Virtuosity (1995),Sci-Fi|Thriller,1995,2.8823529411764706,221.0,1.0289915108550531,Virtuosity,2,Blockbuster,1990
339,While You Were Sleeping (1995),Comedy|Romance,1995,3.49925705794948,673.0,0.9372020387843017,While You Were Sleeping,2,Blockbuster,1990
340,"War, The (1994)",Adventure|Drama,1994,3.2738095238095237,84.0,0.9359125496706922,"War, The",2,Popular,1990
341,Double Happiness (1994),Drama,1994,3.838709677419355,31.0,1.0359142240407226,Double Happiness,1,Moderate,1990
342,Muriel's Wedding (1994),Comedy|Romance,1994,3.6776061776061777,518.0,0.9962795701682761,Muriel's Wedding,2,Blockbuster,1990
343,"Baby-Sitters Club, The (1995)",Children's,1995,2.4285714285714284,42.0,1.2905445464922303,"Baby-Sitters Club, The",1,Moderate,1990
344,Ace Ventura: Pet Detective (1994),Comedy,1994,3.1488250652741514,766.0,1.1404814615455534,Ace Ventura: Pet Detective,1,Blockbuster,1990
345,"Adventures of Priscilla, Queen of the Desert, The (1994)",Comedy|Drama,1994,3.8059701492537314,469.0,1.0099328102197245,"Adventures of Priscilla, Queen of the Desert, The",2,Blockbuster,1990
346,Backbeat (1993),Drama|Musical,1993,3.525,120.0,0.9523301807195045,Backbeat,2,Popular,1990
347,Bitter Moon (1992),Drama,1992,3.1739130434782608,46.0,1.198227354165532,Bitter Moon,1,Moderate,1990
348,Bullets Over Broadway (1994),Comedy,1994,3.698901098901099,455.0,0.9500167521702323,Bullets Over Broadway,1,Blockbuster,1990
349,Clear and Present Danger (1994),Action|Adventure|Thriller,1994,3.7261567516525025,1059.0,0.8241312421745645,Clear and Present Danger,3,Blockbuster,1990
350,"Client, The (1994)",Drama|Mystery|Thriller,1994,3.392233009708738,515.0,0.8741520983937164,"Client, The",3,Blockbuster,1990
351,"Corrina, Corrina (1994)",Comedy|Drama|Romance,1994,3.342412451361868,257.0,1.0305257007199566,"Corrina, Corrina",3,Blockbuster,1990
352,Crooklyn (1994),Comedy,1994,3.134453781512605,119.0,1.1269004268338398,Crooklyn,1,Popular,1990
353,"Crow, The (1994)",Action|Romance|Thriller,1994,3.4455040871934606,734.0,1.092776832342209,"Crow, The",3,Blockbuster,1990
354,Cobb (1994),Drama,1994,3.1791044776119404,67.0,0.968056051694359,Cobb,1,Popular,1990
355,"Flintstones, The (1994)",Children's|Comedy,1994,2.352059925093633,267.0,1.012898704643839,"Flintstones, The",2,Blockbuster,1990
356,Forrest Gump (1994),Comedy|Romance|War,1994,4.087967183226983,2194.0,1.0106641443142523,Forrest Gump,3,Blockbuster,1990
357,Four Weddings and a Funeral (1994),Comedy|Romance,1994,3.7437145174371453,1233.0,0.9341178331590512,Four Weddings and a Funeral,2,Blockbuster,1990
358,Higher Learning (1995),Drama,1995,3.1702127659574466,141.0,1.0754231513256975,Higher Learning,1,Popular,1990
359,I Like It Like That (1994),Comedy|Drama|Romance,1994,3.210526315789474,19.0,0.8549819600709617,I Like It Like That,3,Moderate,1990
360,I Love Trouble (1994),Action|Comedy,1994,2.4960629921259843,127.0,1.1046368055569107,I Love Trouble,2,Popular,1990
361,It Could Happen to You (1994),Drama|Romance,1994,3.421641791044776,268.0,0.8640867916854876,It Could Happen to You,2,Blockbuster,1990
362,"Jungle Book, The (1994)",Adventure|Children's|Romance,1994,3.3640167364016738,239.0,0.9816179063181509,"Jungle Book, The",3,Blockbuster,1990
363,"Wonderful, Horrible Life of Leni Riefenstahl, The (Die Macht der Bilder) (1993)",Documentary,1993,4.258064516129032,62.0,0.8084691843224097,"Wonderful, Horrible Life of Leni Riefenstahl, The (Die Macht der Bilder)",1,Popular,1990
364,"Lion King, The (1994)",Animation|Children's|Musical,1994,3.8608385370205176,1121.0,0.9646848170401868,"Lion King, The",3,Blockbuster,1990
365,Little Buddha (1993),Drama,1993,3.1690140845070425,71.0,0.9409101291979824,Little Buddha,1,Popular,1990
366,Wes Craven's New Nightmare (1994),Horror,1994,2.8207171314741037,251.0,1.23763043097095,Wes Craven's New Nightmare,1,Blockbuster,1990
367,"Mask, The (1994)",Comedy|Crime|Fantasy,1994,3.279050042408821,1179.0,1.0272982582558654,"Mask, The",3,Blockbuster,1990
368,Maverick (1994),Action|Comedy|Western,1994,3.5236907730673317,802.0,0.9559916025830921,Maverick,3,Blockbuster,1990
369,Mrs. Parker and the Vicious Circle (1994),Drama,1994,3.310344827586207,58.0,0.9770506379831616,Mrs. Parker and the Vicious Circle,1,Popular,1990
370,Naked Gun 33 1/3: The Final Insult (1994),Comedy,1994,2.8980582524271843,412.0,1.0529976288343477,Naked Gun 33 1/3: The Final Insult,1,Blockbuster,1990
371,"Paper, The (1994)",Comedy|Drama,1994,3.1792452830188678,212.0,0.9163824385453523,"Paper, The",2,Blockbuster,1990
372,Reality Bites (1994),Comedy|Drama,1994,3.1542056074766354,428.0,0.9456202874930111,Reality Bites,2,Blockbuster,1990
373,Red Rock West (1992),Thriller,1992,3.856589147286822,258.0,0.8173550358734887,Red Rock West,1,Blockbuster,1990
374,Richie Rich (1994),Children's|Comedy,1994,2.1147540983606556,183.0,1.0498303471901844,Richie Rich,2,Popular,1990
375,Safe Passage (1994),Drama,1994,3.2941176470588234,17.0,0.8488746876271654,Safe Passage,1,Moderate,1990
376,"River Wild, The (1994)",Action|Thriller,1994,3.2457142857142856,350.0,0.8874621287025681,"River Wild, The",2,Blockbuster,1990
377,Speed (1994),Action|Romance|Thriller,1994,3.5654545454545454,1650.0,0.9649500026610093,Speed,3,Blockbuster,1990
378,Speechless (1994),Comedy|Romance,1994,2.892857142857143,140.0,0.9869393760322877,Speechless,2,Popular,1990
379,Timecop (1994),Action|Sci-Fi,1994,2.889908256880734,436.0,1.0156427061257216,Timecop,2,Blockbuster,1990
380,True Lies (1994),Action|Adventure|Comedy|Romance,1994,3.6342857142857143,1400.0,0.9387055882192402,True Lies,4,Blockbuster,1990
381,When a Man Loves a Woman (1994),Drama,1994,3.2606635071090047,211.0,1.0434911803059062,When a Man Loves a Woman,1,Blockbuster,1990
382,Wolf (1994),Drama|Horror,1994,2.9338235294117645,272.0,1.0812197968896158,Wolf,2,Blockbuster,1990
383,Wyatt Earp (1994),Western,1994,3.2666666666666666,270.0,0.9222568084963341,Wyatt Earp,1,Blockbuster,1990
384,Bad Company (1995),Action,1995,2.9,40.0,1.0076629473115577,Bad Company,1,Moderate,1990
385,"Man of No Importance, A (1994)",Drama,1994,3.4,10.0,0.8432740427115678,"Man of No Importance, A",1,Niche,1990
386,S.F.W. (1994),Drama,1994,2.6,30.0,1.1626367179523596,S.F.W.,1,Moderate,1990
387,"Low Down Dirty Shame, A (1994)",Action|Comedy,1994,2.7450980392156863,102.0,0.9818781206231725,"Low Down Dirty Shame, A",2,Popular,1990
388,Boys Life (1995),Drama,1995,3.6391752577319587,97.0,0.9149859631244497,Boys Life,1,Popular,1990
389,"Colonel Chabert, Le (1994)",Drama|Romance|War,1994,3.7,20.0,0.8645047258706176,"Colonel Chabert, Le",3,Moderate,1990
390,Faster Pussycat! Kill! Kill! (1965),Action|Comedy|Drama,1965,3.542372881355932,59.0,1.1036309024792084,Faster Pussycat! Kill! Kill!,3,Popular,1960
391,Jason's Lyric (1994),Crime|Drama,1994,3.275,40.0,1.0124228365658292,Jason's Lyric,2,Moderate,1990
392,"Secret Adventures of Tom Thumb, The (1993)",Adventure|Children's,1993,2.8,25.0,1.224744871391589,"Secret Adventures of Tom Thumb, The",2,Moderate,1990
393,Street Fighter (1994),Action,1994,1.8571428571428572,105.0,0.9944903161976938,Street Fighter,1,Popular,1990
394,Coldblooded (1995),Action,1995,3.6666666666666665,18.0,1.0289915108550531,Coldblooded,1,Moderate,1990
395,Desert Winds (1995),Drama,1995,,,,Desert Winds,1,,1990
396,Fall Time (1995),Drama,1995,4.0,1.0,,Fall Time,1,Niche,1990
397,"Fear, The (1995)",Horror,1995,2.4166666666666665,12.0,1.0836246694508316,"Fear, The",1,Moderate,1990
398,Frank and Ollie (1995),Documentary,1995,4.0,1.0,,Frank and Ollie,1,Niche,1990
399,Girl in the Cadillac (1995),Drama,1995,,,,Girl in the Cadillac,1,,1990
400,Homage (1995),Drama,1995,,,,Homage,1,,1990
401,Mirage (1995),Action|Thriller,1995,3.0,2.0,1.4142135623730951,Mirage,2,Niche,1990
402,Open Season (1996),Comedy,1996,3.0,1.0,,Open Season,1,Niche,1990
403,Two Crimes (1995),Comedy|Crime|Drama,1995,,,,Two Crimes,3,,1990
404,Brother Minister: The Assassination of Malcolm X (1994),Documentary,1994,3.75,4.0,0.9574271077563381,Brother Minister: The Assassination of Malcolm X,1,Niche,1990
405,Highlander III: The Sorcerer (1994),Action|Sci-Fi,1994,2.123152709359606,203.0,1.129972360710803,Highlander III: The Sorcerer,2,Blockbuster,1990
406,Federal Hill (1994),Drama,1994,3.625,8.0,0.7440238091428449,Federal Hill,1,Niche,1990
407,In the Mouth of Madness (1995),Horror|Thriller,1995,2.911917098445596,193.0,1.2363896337420783,In the Mouth of Madness,2,Popular,1990
408,8 Seconds (1994),Drama,1994,3.3194444444444446,72.0,1.12370600246181,8 Seconds,1,Popular,1990
409,Above the Rim (1994),Drama,1994,3.020408163265306,49.0,0.9239813291396312,Above the Rim,1,Moderate,1990
410,Addams Family Values (1993),Comedy,1993,2.9071274298056156,463.0,1.0139785761990077,Addams Family Values,1,Blockbuster,1990
411,You So Crazy (1994),Comedy,1994,2.6153846153846154,13.0,1.4455945454184551,You So Crazy,1,Moderate,1990
412,"Age of Innocence, The (1993)",Drama,1993,3.559322033898305,295.0,0.9197601439897464,"Age of Innocence, The",1,Blockbuster,1990
413,Airheads (1994),Comedy,1994,2.5306122448979593,245.0,1.0342899840764794,Airheads,1,Blockbuster,1990
414,"Air Up There, The (1994)",Comedy,1994,2.6555555555555554,90.0,1.007400828599605,"Air Up There, The",1,Popular,1990
415,Another Stakeout (1993),Comedy|Thriller,1993,2.4804469273743015,179.0,0.9200682810696138,Another Stakeout,2,Popular,1990
416,Bad Girls (1994),Western,1994,2.4269662921348316,89.0,1.0540790945119975,Bad Girls,1,Popular,1990
417,Barcelona (1994),Comedy|Romance,1994,3.485576923076923,208.0,1.0261242938932997,Barcelona,2,Blockbuster,1990
418,Being Human (1993),Drama,1993,2.5172413793103448,29.0,1.0895834608815431,Being Human,1,Moderate,1990
419,"Beverly Hillbillies, The (1993)",Comedy,1993,2.1923076923076925,156.0,0.9713003230813146,"Beverly Hillbillies, The",1,Popular,1990
420,Beverly Hills Cop III (1994),Action|Comedy,1994,2.5056818181818183,352.0,1.0294642707722714,Beverly Hills Cop III,2,Blockbuster,1990
421,Black Beauty (1994),Adventure|Children's,1994,3.3617021276595747,94.0,1.0761446901736649,Black Beauty,2,Popular,1990
422,Blink (1994),Thriller,1994,3.1228070175438596,57.0,0.9462364442998925,Blink,1,Popular,1990
423,Blown Away (1994),Action|Thriller,1994,3.1085972850678734,221.0,0.9327224695831674,Blown Away,2,Blockbuster,1990
424,Blue Chips (1994),Drama,1994,2.6,75.0,0.9863939238321439,Blue Chips,1,Popular,1990
425,Blue Sky (1994),Drama|Romance,1994,3.6095238095238096,105.0,0.8491538559426504,Blue Sky,2,Popular,1990
426,Body Snatchers (1993),Horror|Sci-Fi|Thriller,1993,3.0817843866171004,269.0,0.9777386785264534,Body Snatchers,3,Blockbuster,1990
427,Boxing Helena (1993),Mystery|Romance|Thriller,1993,2.3674698795180724,166.0,1.0970603622778454,Boxing Helena,3,Popular,1990
428,"Bronx Tale, A (1993)",Drama,1993,3.931558935361217,263.0,0.8622004089406872,"Bronx Tale, A",1,Blockbuster,1990
429,Cabin Boy (1994),Comedy,1994,2.379679144385027,187.0,1.1914633199283762,Cabin Boy,1,Popular,1990
430,Calendar Girl (1993),Drama,1993,2.4166666666666665,24.0,0.8805466023105079,Calendar Girl,1,Moderate,1990
431,Carlito's Way (1993),Crime|Drama,1993,3.6910569105691056,369.0,0.8734932489673384,Carlito's Way,2,Blockbuster,1990
432,City Slickers II: The Legend of Curly's Gold (1994),Comedy|Western,1994,2.579081632653061,392.0,0.9562668107112763,City Slickers II: The Legend of Curly's Gold,2,Blockbuster,1990
433,Clean Slate (1994),Comedy,1994,2.7916666666666665,48.0,0.9443749105261138,Clean Slate,1,Moderate,1990
434,Cliffhanger (1993),Action|Adventure|Crime,1993,3.0845481049562684,686.0,1.0203020948894592,Cliffhanger,3,Blockbuster,1990
435,Coneheads (1993),Comedy|Sci-Fi,1993,2.6060037523452158,533.0,1.0577860159904695,Coneheads,2,Blockbuster,1990
436,Color of Night (1994),Drama|Thriller,1994,2.652482269503546,141.0,1.0622470495728575,Color of Night,2,Popular,1990
437,Cops and Robbersons (1994),Comedy,1994,2.046875,64.0,0.9159900099961236,Cops and Robbersons,1,Popular,1990
438,"Cowboy Way, The (1994)",Action|Comedy,1994,2.625,152.0,1.021701606236102,"Cowboy Way, The",2,Popular,1990
439,Dangerous Game (1993),Drama,1993,4.5,2.0,0.7071067811865476,Dangerous Game,1,Niche,1990
440,Dave (1993),Comedy|Romance,1993,3.811181434599156,948.0,0.8059975007843323,Dave,2,Blockbuster,1990
441,Dazed and Confused (1993),Comedy,1993,3.6936236391912907,643.0,1.0266267062362309,Dazed and Confused,1,Blockbuster,1990
442,Demolition Man (1993),Action|Sci-Fi,1993,2.9921875,640.0,1.0428690243910916,Demolition Man,2,Blockbuster,1990
443,"Endless Summer 2, The (1994)",Documentary,1994,3.3870967741935485,31.0,1.054432528419551,"Endless Summer 2, The",1,Moderate,1990
444,Even Cowgirls Get the Blues (1993),Comedy|Romance,1993,2.2962962962962963,81.0,1.1005049346146119,Even Cowgirls Get the Blues,2,Popular,1990
445,Fatal Instinct (1993),Comedy,1993,2.61,100.0,1.0720979150217294,Fatal Instinct,1,Popular,1990
446,Farewell My Concubine (1993),Drama|Romance,1993,4.082677165354331,254.0,0.8510950387183936,Farewell My Concubine,2,Blockbuster,1990
447,"Favor, The (1994)",Comedy|Romance,1994,2.4838709677419355,31.0,0.8896054459491385,"Favor, The",2,Moderate,1990
448,Fearless (1993),Drama,1993,3.6008771929824563,228.0,1.033960403985853,Fearless,1,Blockbuster,1990
449,Fear of a Black Hat (1993),Comedy,1993,3.6619718309859155,71.0,1.1945550513156529,Fear of a Black Hat,1,Popular,1990
450,With Honors (1994),Comedy|Drama,1994,3.280701754385965,228.0,0.9434099919231005,With Honors,2,Blockbuster,1990
451,Flesh and Bone (1993),Drama|Mystery|Romance,1993,3.150943396226415,106.0,0.9236826174167616,Flesh and Bone,3,Popular,1990
452,Widows' Peak (1994),Drama,1994,3.289473684210526,38.0,0.8976815403791097,Widows' Peak,1,Moderate,1990
453,For Love or Money (1993),Comedy,1993,3.2238805970149254,67.0,0.8315902167276944,For Love or Money,1,Popular,1990
454,"Firm, The (1993)",Drama|Thriller,1993,3.5473300970873787,824.0,0.8294064737388674,"Firm, The",2,Blockbuster,1990
455,Free Willy (1993),Adventure|Children's|Drama,1993,2.5894736842105264,285.0,1.0464029955321048,Free Willy,3,Blockbuster,1990
456,Fresh (1994),Drama,1994,4.0,93.0,0.8209220690651828,Fresh,1,Popular,1990
457,"Fugitive, The (1993)",Action|Thriller,1993,4.103258145363409,1995.0,0.7727586160396789,"Fugitive, The",2,Blockbuster,1990
458,Geronimo: An American Legend (1993),Drama|Western,1993,3.2758620689655173,87.0,0.9846455527116035,Geronimo: An American Legend,2,Popular,1990
459,"Getaway, The (1994)",Action,1994,2.832167832167832,143.0,0.9999015020928418,"Getaway, The",1,Popular,1990
460,Getting Even with Dad (1994),Comedy,1994,2.263157894736842,38.0,1.0573861328081184,Getting Even with Dad,1,Moderate,1990
461,Go Fish (1994),Drama|Romance,1994,3.2790697674418605,86.0,1.0699220729259036,Go Fish,2,Popular,1990
462,"Good Man in Africa, A (1994)",Action|Adventure,1994,2.642857142857143,28.0,1.0959280090672932,"Good Man in Africa, A",2,Moderate,1990
463,Guilty as Sin (1993),Crime|Drama|Thriller,1993,2.74468085106383,47.0,0.9661237004780221,Guilty as Sin,3,Moderate,1990
464,Hard Target (1993),Action|Adventure|Crime|Thriller,1993,2.7824074074074074,216.0,1.0315333994483327,Hard Target,4,Blockbuster,1990
465,Heaven & Earth (1993),Action|Drama|War,1993,3.3142857142857145,105.0,1.1292806229076657,Heaven & Earth,3,Popular,1990
466,Hot Shots! Part Deux (1993),Action|Comedy|War,1993,2.7958115183246073,573.0,1.0750751702812267,Hot Shots! Part Deux,3,Blockbuster,1990
467,Live Nude Girls (1995),Comedy,1995,3.2037037037037037,54.0,1.0164612982939487,Live Nude Girls,1,Popular,1990
468,"Englishman Who Went Up a Hill, But Came Down a Mountain, The (1995)",Comedy|Romance,1995,3.2714285714285714,350.0,0.9351681670234498,"Englishman Who Went Up a Hill, But Came Down a Mountain, The",2,Blockbuster,1990
469,"House of the Spirits, The (1993)",Drama|Romance,1993,2.9565217391304346,69.0,1.21793922634887,"House of the Spirits, The",2,Popular,1990
470,House Party 3 (1994),Comedy,1994,1.736842105263158,38.0,0.9207579288741623,House Party 3,1,Moderate,1990
471,"Hudsucker Proxy, The (1994)",Comedy|Romance,1994,3.631051752921536,599.0,1.0324682551953122,"Hudsucker Proxy, The",2,Blockbuster,1990
472,I'll Do Anything (1994),Comedy|Drama,1994,2.7045454545454546,44.0,1.0247982320879003,I'll Do Anything,2,Moderate,1990
473,In the Army Now (1994),Comedy|War,1994,2.225165562913907,151.0,1.0209288935765872,In the Army Now,2,Popular,1990
474,In the Line of Fire (1993),Action|Thriller,1993,3.825102880658436,972.0,0.7783551603381715,In the Line of Fire,2,Blockbuster,1990
475,In the Name of the Father (1993),Drama,1993,3.9006410256410255,312.0,0.8293643631895743,In the Name of the Father,1,Blockbuster,1990
476,"Inkwell, The (1994)",Comedy|Drama,1994,2.6857142857142855,35.0,1.0224373581107569,"Inkwell, The",2,Moderate,1990
477,What's Love Got to Do with It? (1993),Drama,1993,3.466666666666667,195.0,0.91531452915663,What's Love Got to Do with It?,1,Popular,1990
478,Jimmy Hollywood (1994),Comedy,1994,2.4583333333333335,24.0,0.883627241233132,Jimmy Hollywood,1,Moderate,1990
479,Judgment Night (1993),Action,1993,2.7969924812030076,133.0,0.9828791850310401,Judgment Night,1,Popular,1990
480,Jurassic Park (1993),Action|Adventure|Sci-Fi,1993,3.7638473053892216,2672.0,0.9697768349391768,Jurassic Park,3,Blockbuster,1990
481,Kalifornia (1993),Drama|Thriller,1993,3.380952380952381,294.0,0.9798887819688729,Kalifornia,2,Blockbuster,1990
482,Killing Zoe (1994),Thriller,1994,3.528409090909091,176.0,1.0525016580793307,Killing Zoe,1,Popular,1990
483,King of the Hill (1993),Drama,1993,3.7432432432432434,74.0,0.8449821398908631,King of the Hill,1,Popular,1990
484,Lassie (1994),Adventure|Children's,1994,2.6551724137931036,29.0,1.078221487614989,Lassie,2,Moderate,1990
485,Last Action Hero (1993),Action|Comedy,1993,2.508,500.0,1.0450455686145756,Last Action Hero,2,Blockbuster,1990
486,Life with Mikey (1993),Comedy,1993,2.8125,64.0,1.0819588350001677,Life with Mikey,1,Popular,1990
487,Lightning Jack (1994),Comedy|Western,1994,2.6129032258064515,62.0,1.1213989902792225,Lightning Jack,2,Popular,1990
488,M. Butterfly (1993),Drama,1993,3.3846153846153846,39.0,0.962873567023664,M. Butterfly,1,Moderate,1990
489,Made in America (1993),Comedy,1993,2.4742268041237114,97.0,0.9252565354307899,Made in America,1,Popular,1990
490,Malice (1993),Thriller,1993,3.324324324324324,185.0,0.9456437321502809,Malice,1,Popular,1990
491,"Man Without a Face, The (1993)",Drama,1993,3.3160377358490565,212.0,0.9484971192887802,"Man Without a Face, The",1,Blockbuster,1990
492,Manhattan Murder Mystery (1993),Comedy|Mystery,1993,3.719402985074627,335.0,0.8575551528099074,Manhattan Murder Mystery,2,Blockbuster,1990
493,Menace II Society (1993),Action|Crime|Drama,1993,3.6073825503355703,298.0,0.9899558851329177,Menace II Society,3,Blockbuster,1990
494,Executive Decision (1996),Action|Thriller,1996,3.3461538461538463,416.0,0.9185555005548819,Executive Decision,2,Blockbuster,1990
495,In the Realm of the Senses (Ai no corrida) (1976),Drama,1976,3.380952380952381,42.0,1.0809296123917655,In the Realm of the Senses (Ai no corrida),1,Moderate,1970
496,What Happened Was... (1994),Comedy|Drama|Romance,1994,3.2162162162162162,37.0,1.3361456826578773,What Happened Was...,3,Moderate,1990
497,Much Ado About Nothing (1993),Comedy|Romance,1993,4.0,667.0,0.8802129144558007,Much Ado About Nothing,2,Blockbuster,1990
498,Mr. Jones (1993),Drama|Romance,1993,2.74468085106383,47.0,0.9883689925806616,Mr. Jones,2,Moderate,1990
499,Mr. Wonderful (1993),Comedy|Romance,1993,2.7551020408163267,49.0,0.8786972422498065,Mr. Wonderful,2,Moderate,1990
500,Mrs. Doubtfire (1993),Comedy,1993,3.420047732696897,838.0,0.9862514856464827,Mrs. Doubtfire,1,Blockbuster,1990
501,Naked (1993),Drama,1993,3.606382978723404,94.0,1.165988298382632,Naked,1,Popular,1990
502,"Next Karate Kid, The (1994)",Action|Children's,1994,1.935483870967742,155.0,0.9375113461120427,"Next Karate Kid, The",2,Popular,1990
503,"New Age, The (1994)",Drama,1994,3.6923076923076925,13.0,1.0315534712764838,"New Age, The",1,Moderate,1990
504,No Escape (1994),Action|Sci-Fi,1994,2.955056179775281,178.0,1.067338549264902,No Escape,2,Popular,1990
505,North (1994),Comedy,1994,2.4927536231884058,69.0,1.009122921530741,North,1,Popular,1990
506,Orlando (1993),Drama,1993,3.491228070175439,114.0,1.1843045383511264,Orlando,1,Popular,1990
507,"Perfect World, A (1993)",Action|Drama,1993,3.522727272727273,308.0,0.9182211046576918,"Perfect World, A",2,Blockbuster,1990
508,Philadelphia (1993),Drama,1993,3.894830659536542,561.0,0.9031640897745626,Philadelphia,1,Blockbuster,1990
509,"Piano, The (1993)",Drama|Romance,1993,3.674342105263158,608.0,1.1244766213212412,"Piano, The",2,Blockbuster,1990
510,Poetic Justice (1993),Drama,1993,2.4047619047619047,42.0,0.9642265650547381,Poetic Justice,1,Moderate,1990
511,"Program, The (1993)",Action|Drama,1993,3.1052631578947367,152.0,1.0927690978199496,"Program, The",2,Popular,1990
512,Robert A. Heinlein's The Puppet Masters (1994),Horror|Sci-Fi,1994,2.8715083798882683,179.0,1.1067837114441768,Robert A. Heinlein's The Puppet Masters,2,Popular,1990
513,Radioland Murders (1994),Comedy|Mystery|Romance,1994,3.1194029850746268,67.0,0.9617280542305006,Radioland Murders,3,Popular,1990
514,"Ref, The (1994)",Comedy,1994,3.531791907514451,346.0,0.9296255893004176,"Ref, The",1,Blockbuster,1990
515,"Remains of the Day, The (1993)",Drama,1993,3.917777777777778,450.0,0.9532008878982059,"Remains of the Day, The",1,Blockbuster,1990
516,Renaissance Man (1994),Comedy|Drama|War,1994,2.870967741935484,248.0,1.0017615410815204,Renaissance Man,3,Blockbuster,1990
517,Rising Sun (1993),Action|Drama|Mystery,1993,3.175392670157068,382.0,0.9436188383410521,Rising Sun,3,Blockbuster,1990
518,"Road to Wellville, The (1994)",Comedy,1994,2.4563758389261743,149.0,1.062144830790255,"Road to Wellville, The",1,Popular,1990
519,Robocop 3 (1993),Sci-Fi|Thriller,1993,1.9405940594059405,202.0,0.9391621350887366,Robocop 3,2,Blockbuster,1990
520,Robin Hood: Men in Tights (1993),Comedy,1993,2.93048128342246,374.0,1.1672388001342444,Robin Hood: Men in Tights,1,Blockbuster,1990
521,Romeo Is Bleeding (1993),Crime|Thriller,1993,3.3675213675213675,117.0,0.9790767167142249,Romeo Is Bleeding,2,Popular,1990
522,Romper Stomper (1992),Action|Drama,1992,3.566265060240964,83.0,1.0144417073773953,Romper Stomper,2,Popular,1990
523,Ruby in Paradise (1993),Drama,1993,3.658119658119658,117.0,0.9483415029661825,Ruby in Paradise,1,Popular,1990
524,Rudy (1993),Drama,1993,3.615546218487395,476.0,0.9718619763203257,Rudy,1,Blockbuster,1990
525,"Saint of Fort Washington, The (1993)",Drama,1993,3.1904761904761907,21.0,1.2090925365350504,"Saint of Fort Washington, The",1,Moderate,1990
526,"Savage Nights (Nuits fauves, Les) (1992)",Drama,1992,2.5,8.0,1.1952286093343938,"Savage Nights (Nuits fauves, Les)",1,Niche,1990
527,Schindler's List (1993),Drama|War,1993,4.510416666666667,2304.0,0.7638573637007731,Schindler's List,2,Blockbuster,1990
528,"Scout, The (1994)",Drama,1994,2.514705882352941,68.0,1.0857647014112002,"Scout, The",1,Popular,1990
529,Searching for Bobby Fischer (1993),Drama,1993,3.977777777777778,720.0,0.8133486854156572,Searching for Bobby Fischer,1,Blockbuster,1990
530,Second Best (1994),Drama,1994,3.5,2.0,0.7071067811865476,Second Best,1,Niche,1990
531,"Secret Garden, The (1993)",Children's|Drama,1993,3.769230769230769,338.0,0.9621933401031585,"Secret Garden, The",2,Blockbuster,1990
532,Serial Mom (1994),Comedy|Crime|Horror,1994,3.0488431876606685,389.0,1.2227145516558837,Serial Mom,3,Blockbuster,1990
533,"Shadow, The (1994)",Action,1994,2.7339901477832513,203.0,0.9990972855738662,"Shadow, The",1,Blockbuster,1990
534,Shadowlands (1993),Drama|Romance,1993,3.835664335664336,286.0,0.9427027657103688,Shadowlands,2,Blockbuster,1990
535,Short Cuts (1993),Drama,1993,3.8172757475083055,301.0,0.9881804256864511,Short Cuts,1,Blockbuster,1990
536,"Simple Twist of Fate, A (1994)",Drama,1994,3.1636363636363636,55.0,1.06742397358966,"Simple Twist of Fate, A",1,Popular,1990
537,Sirens (1994),Comedy|Drama,1994,3.077294685990338,207.0,0.9723439925885698,Sirens,2,Blockbuster,1990
538,Six Degrees of Separation (1993),Drama,1993,3.8222222222222224,315.0,0.8779761840502153,Six Degrees of Separation,1,Blockbuster,1990
539,Sleepless in Seattle (1993),Comedy|Romance,1993,3.760649087221095,986.0,0.9598610223980154,Sleepless in Seattle,2,Blockbuster,1990
540,Sliver (1993),Thriller,1993,2.2189349112426036,169.0,0.941438262283097,Sliver,1,Popular,1990
541,Blade Runner (1982),Film-Noir|Sci-Fi,1982,4.273333333333333,1800.0,0.8750510189207749,Blade Runner,2,Blockbuster,1980
542,Son in Law (1993),Comedy,1993,2.674757281553398,206.0,1.1416905263133037,Son in Law,1,Blockbuster,1990
543,So I Married an Axe Murderer (1993),Comedy|Romance|Thriller,1993,3.3841642228739004,682.0,1.027770760711849,So I Married an Axe Murderer,3,Blockbuster,1990
544,Striking Distance (1993),Action,1993,2.643410852713178,129.0,0.9082817708144311,Striking Distance,1,Popular,1990
545,Harlem (1993),Drama,1993,2.0,1.0,,Harlem,1,Niche,1990
546,Super Mario Bros. (1993),Action|Adventure|Children's|Sci-Fi,1993,1.8742857142857143,350.0,1.0441110220866836,Super Mario Bros.,4,Blockbuster,1990
547,Surviving the Game (1994),Action|Adventure|Thriller,1994,2.879032258064516,124.0,1.032738422524049,Surviving the Game,3,Popular,1990
548,Terminal Velocity (1994),Action,1994,2.5474452554744524,137.0,0.9312452362271211,Terminal Velocity,1,Popular,1990
549,Thirty-Two Short Films About Glenn Gould (1993),Documentary,1993,3.821656050955414,157.0,1.0771709427547118,Thirty-Two Short Films About Glenn Gould,1,Popular,1990
550,Threesome (1994),Comedy|Romance,1994,3.0168539325842696,178.0,1.0968610534767678,Threesome,2,Popular,1990
551,"Nightmare Before Christmas, The (1993)",Children's|Comedy|Musical,1993,3.717871485943775,996.0,1.070256573544999,"Nightmare Before Christmas, The",3,Blockbuster,1990
552,"Three Musketeers, The (1993)",Action|Adventure|Comedy,1993,3.2400756143667295,529.0,0.9947879294476132,"Three Musketeers, The",3,Blockbuster,1990
553,Tombstone (1993),Western,1993,3.8734177215189876,553.0,1.0470275736807022,Tombstone,1,Blockbuster,1990
554,Trial by Jury (1994),Thriller,1994,2.6153846153846154,26.0,0.9413574486632834,Trial by Jury,1,Moderate,1990
555,True Romance (1993),Action|Crime|Romance,1993,3.9285714285714284,658.0,0.9648643701998022,True Romance,3,Blockbuster,1990
556,"War Room, The (1993)",Documentary,1993,4.2272727272727275,132.0,0.7675768265092634,"War Room, The",1,Popular,1990
557,Mamma Roma (1962),Drama,1962,4.5,2.0,0.7071067811865476,Mamma Roma,1,Niche,1960
558,"Pagemaster, The (1994)",Action|Adventure|Animation|Children's|Fantasy,1994,2.7037037037037037,135.0,1.1067909378966112,"Pagemaster, The",5,Popular,1990
559,"Paris, France (1993)",Comedy,1993,3.0,5.0,2.0,"Paris, France",1,Niche,1990
560,"Beans of Egypt, Maine, The (1994)",Drama,1994,3.625,8.0,0.5175491695067655,"Beans of Egypt, Maine, The",1,Niche,1990
561,Killer (Bulletproof Heart) (1994),Thriller,1994,3.6153846153846154,13.0,0.9607689228305228,Killer (Bulletproof Heart),1,Moderate,1990
562,Welcome to the Dollhouse (1995),Comedy|Drama,1995,3.799163179916318,478.0,1.038786246731373,Welcome to the Dollhouse,2,Blockbuster,1990
563,Germinal (1993),Drama,1993,3.235294117647059,17.0,0.9701425001453319,Germinal,1,Moderate,1990
564,Chasers (1994),Comedy,1994,2.2666666666666666,45.0,0.9629500128629351,Chasers,1,Moderate,1990
565,Cronos (1992),Horror,1992,3.1311475409836067,61.0,1.0874344399558926,Cronos,1,Popular,1990
566,Naked in New York (1994),Comedy|Romance,1994,2.923076923076923,13.0,0.9540735874430286,Naked in New York,2,Moderate,1990
567,Kika (1993),Drama,1993,3.5714285714285716,14.0,1.2224996910042532,Kika,1,Moderate,1990
568,Bhaji on the Beach (1993),Comedy|Drama,1993,3.857142857142857,35.0,0.9121034881575903,Bhaji on the Beach,2,Moderate,1990
569,Little Big League (1994),Children's|Comedy,1994,2.93,100.0,0.9347932305266143,Little Big League,2,Popular,1990
570,"Slingshot, The (Kådisbellan ) (1993)",Comedy|Drama,1993,3.217391304347826,23.0,1.2776584313476258,"Slingshot, The (Kådisbellan )",2,Moderate,1990
571,"Wedding Gift, The (1994)",Drama,1994,3.588235294117647,34.0,0.8916327229616303,"Wedding Gift, The",1,Moderate,1990
572,Foreign Student (1994),Drama,1994,3.0,2.0,2.8284271247461903,Foreign Student,1,Niche,1990
573,"Ciao, Professore! (Io speriamo che me la cavo ) (1993)",Drama,1993,3.5238095238095237,21.0,1.077916862241593,"Ciao, Professore! (Io speriamo che me la cavo )",1,Moderate,1990
574,Spanking the Monkey (1994),Comedy|Drama,1994,3.4457142857142857,175.0,1.0373326917149062,Spanking the Monkey,2,Popular,1990
575,"Little Rascals, The (1994)",Children's|Comedy,1994,2.822429906542056,107.0,1.1477055380697736,"Little Rascals, The",2,Popular,1990
576,Fausto (1993),Comedy,1993,3.0,1.0,,Fausto,1,Niche,1990
577,Andre (1994),Adventure|Children's,1994,2.963636363636364,55.0,1.0534535157112106,Andre,2,Popular,1990
578,"Hour of the Pig, The (1993)",Drama|Mystery,1993,4.5,2.0,0.7071067811865476,"Hour of the Pig, The",2,Niche,1990
579,"Scorta, La (1993)",Thriller,1993,2.0,1.0,,"Scorta, La",1,Niche,1990
580,Princess Caraboo (1994),Drama,1994,3.2419354838709675,62.0,1.035207809516615,Princess Caraboo,1,Popular,1990
581,"Celluloid Closet, The (1995)",Documentary,1995,4.049645390070922,141.0,0.889030299457559,"Celluloid Closet, The",1,Popular,1990
582,Metisse (Café au Lait) (1993),Comedy,1993,3.0,2.0,0.0,Metisse (Café au Lait),1,Niche,1990
583,Dear Diary (Caro Diario) (1994),Comedy|Drama,1994,3.6785714285714284,28.0,1.1880133254200733,Dear Diary (Caro Diario),2,Moderate,1990
584,I Don't Want to Talk About It (De eso no se habla) (1993),Drama,1993,4.0,1.0,,I Don't Want to Talk About It (De eso no se habla),1,Niche,1990
585,"Brady Bunch Movie, The (1995)",Comedy,1995,2.9066985645933014,418.0,1.0986816211269987,"Brady Bunch Movie, The",1,Blockbuster,1990
586,Home Alone (1990),Children's|Comedy,1990,3.1348148148148147,675.0,1.08314018415619,Home Alone,2,Blockbuster,1990
587,Ghost (1990),Comedy|Romance|Thriller,1990,3.49644128113879,1124.0,1.051219774527888,Ghost,3,Blockbuster,1990
588,Aladdin (1992),Animation|Children's|Comedy|Musical,1992,3.788304959289415,1351.0,0.9558611468807209,Aladdin,4,Blockbuster,1990
589,Terminator 2: Judgment Day (1991),Action|Sci-Fi|Thriller,1991,4.058512646281616,2649.0,0.9048231245063141,Terminator 2: Judgment Day,3,Blockbuster,1990
590,Dances with Wolves (1990),Adventure|Drama|Western,1990,3.9152308752584424,1451.0,1.019997767968075,Dances with Wolves,3,Blockbuster,1990
591,Tough and Deadly (1995),Action|Drama|Thriller,1995,2.0,2.0,1.4142135623730951,Tough and Deadly,3,Niche,1990
592,Batman (1989),Action|Adventure|Crime|Drama,1989,3.6009783368273935,1431.0,0.9827742345187291,Batman,4,Blockbuster,1980
593,"Silence of the Lambs, The (1991)",Drama|Thriller,1991,4.3518231186966645,2578.0,0.83154167459831,"Silence of the Lambs, The",2,Blockbuster,1990
594,Snow White and the Seven Dwarfs (1937),Animation|Children's|Musical,1937,3.8453473132372213,763.0,0.9527904748298542,Snow White and the Seven Dwarfs,3,Blockbuster,1930
595,Beauty and the Beast (1991),Animation|Children's|Musical,1991,3.8858490566037736,1060.0,1.0289426973627565,Beauty and the Beast,3,Blockbuster,1990
596,Pinocchio (1940),Animation|Children's,1940,3.751004016064257,498.0,0.9484971677593036,Pinocchio,2,Blockbuster,1940
597,Pretty Woman (1990),Comedy|Romance,1990,3.641491395793499,1046.0,1.044722106967753,Pretty Woman,2,Blockbuster,1990
598,Window to Paris (1994),Comedy,1994,4.25,8.0,0.8864052604279182,Window to Paris,1,Niche,1990
599,"Wild Bunch, The (1969)",Western,1969,4.087121212121212,264.0,0.9331173725095536,"Wild Bunch, The",1,Blockbuster,1960
600,Love and a .45 (1994),Thriller,1994,3.0,30.0,1.114172029062311,Love and a .45,1,Moderate,1990
601,"Wooden Man's Bride, The (Wu Kui) (1994)",Drama,1994,3.0,1.0,,"Wooden Man's Bride, The (Wu Kui)",1,Niche,1990
602,"Great Day in Harlem, A (1994)",Documentary,1994,4.121951219512195,41.0,0.9796714232644411,"Great Day in Harlem, A",1,Moderate,1990
603,"Bye Bye, Love (1995)",Comedy,1995,3.0,58.0,1.0429378208913578,"Bye Bye, Love",1,Popular,1990
604,Criminals (1996),Documentary,1996,,,,Criminals,1,,1990
605,One Fine Day (1996),Drama|Romance,1996,3.314159292035398,226.0,0.8961515007469727,One Fine Day,2,Blockbuster,1990
606,Candyman: Farewell to the Flesh (1995),Horror,1995,2.225806451612903,93.0,1.0439164577816988,Candyman: Farewell to the Flesh,1,Popular,1990
607,Century (1993),Drama,1993,2.0,2.0,1.4142135623730951,Century,1,Niche,1990
608,Fargo (1996),Crime|Drama|Thriller,1996,4.254675686430561,2513.0,0.9495656819561784,Fargo,3,Blockbuster,1990
609,Homeward Bound II: Lost in San Francisco (1996),Adventure|Children's,1996,2.7761194029850746,67.0,0.9972826036723575,Homeward Bound II: Lost in San Francisco,2,Popular,1990
610,Heavy Metal (1981),Action|Adventure|Animation|Horror|Sci-Fi,1981,3.546925566343042,618.0,1.0735807476287826,Heavy Metal,5,Blockbuster,1980
611,Hellraiser: Bloodline (1996),Action|Horror|Sci-Fi,1996,2.4722222222222223,216.0,1.2719392506579632,Hellraiser: Bloodline,3,Blockbuster,1990
612,"Pallbearer, The (1996)",Comedy,1996,2.4050632911392404,79.0,0.9270713100358533,"Pallbearer, The",1,Popular,1990
613,Jane Eyre (1996),Drama|Romance,1996,3.6341463414634148,82.0,0.9363996604008329,Jane Eyre,2,Popular,1990
614,Loaded (1994),Drama|Thriller,1994,2.6666666666666665,9.0,0.8660254037844386,Loaded,2,Niche,1990
615,Bread and Chocolate (Pane e cioccolata) (1973),Drama,1973,4.044776119402985,67.0,0.9444067533561549,Bread and Chocolate (Pane e cioccolata),1,Popular,1970
616,"Aristocats, The (1970)",Animation|Children's,1970,3.352517985611511,278.0,1.0327720879244984,"Aristocats, The",2,Blockbuster,1970
617,"Flower of My Secret, The (La Flor de Mi Secreto) (1995)",Drama,1995,3.6470588235294117,17.0,1.057188279741849,"Flower of My Secret, The (La Flor de Mi Secreto)",1,Moderate,1990
618,Two Much (1996),Comedy|Romance,1996,2.111111111111111,9.0,1.3642254619787417,Two Much,2,Niche,1990
619,Ed (1996),Comedy,1996,2.59375,32.0,1.011526313978518,Ed,1,Moderate,1990
620,Scream of Stone (Schrei aus Stein) (1991),Drama,1991,,,,Scream of Stone (Schrei aus Stein),1,,1990
621,My Favorite Season (1993),Drama,1993,3.7142857142857144,42.0,0.9444501377615285,My Favorite Season,1,Moderate,1990
623,"Modern Affair, A (1995)",Romance,1995,3.0,3.0,1.0,"Modern Affair, A",1,Niche,1990
624,Condition Red (1995),Action|Drama|Thriller,1995,4.0,1.0,,Condition Red,3,Niche,1990
625,Asfour Stah (1990),Drama,1990,,,,Asfour Stah,1,,1990
626,"Thin Line Between Love and Hate, A (1996)",Comedy,1996,2.263157894736842,19.0,1.1945294407402947,"Thin Line Between Love and Hate, A",1,Moderate,1990
627,"Last Supper, The (1995)",Drama|Thriller,1995,3.603305785123967,121.0,1.012252758644263,"Last Supper, The",2,Popular,1990
628,Primal Fear (1996),Drama|Thriller,1996,3.8969072164948453,485.0,0.8317627413525812,Primal Fear,2,Blockbuster,1990
629,Rude (1995),Drama,1995,,,,Rude,1,,1990
630,Carried Away (1996),Drama|Romance,1996,2.857142857142857,7.0,1.2149857925879117,Carried Away,2,Niche,1990
631,All Dogs Go to Heaven 2 (1996),Animation|Children's|Musical,1996,2.08,75.0,1.17127788841585,All Dogs Go to Heaven 2,3,Popular,1990
632,Land and Freedom (Tierra y libertad) (1995),War,1995,4.0,13.0,1.0801234497346435,Land and Freedom (Tierra y libertad),1,Moderate,1990
633,Denise Calls Up (1995),Comedy,1995,3.6,20.0,0.9403246919632544,Denise Calls Up,1,Moderate,1990
634,Theodore Rex (1995),Comedy,1995,1.6666666666666667,3.0,1.1547005383792517,Theodore Rex,1,Niche,1990
635,"Family Thing, A (1996)",Comedy|Drama,1996,3.6233766233766236,77.0,0.7615593600764337,"Family Thing, A",2,Popular,1990
636,Frisk (1995),Drama,1995,,,,Frisk,1,,1990
637,Sgt. Bilko (1996),Comedy,1996,2.5428571428571427,140.0,1.1083166870193697,Sgt. Bilko,1,Popular,1990
638,Jack and Sarah (1995),Romance,1995,3.210526315789474,19.0,1.0316624861746777,Jack and Sarah,1,Moderate,1990
639,Girl 6 (1996),Comedy,1996,2.6153846153846154,78.0,1.0718447410194953,Girl 6,1,Popular,1990
640,Diabolique (1996),Drama|Thriller,1996,2.676056338028169,71.0,0.9528100978132893,Diabolique,2,Popular,1990
641,"Little Indian, Big City (Un indien dans la ville) (1994)",Comedy,1994,1.0,1.0,,"Little Indian, Big City (Un indien dans la ville)",1,Niche,1990
642,Roula (1995),Drama,1995,2.0,1.0,,Roula,1,Niche,1990
643,Peanuts - Die Bank zahlt alles (1996),Comedy,1996,2.0,3.0,1.0,Peanuts - Die Bank zahlt alles,1,Niche,1990
644,Happy Weekend (1996),Comedy,1996,2.0,1.0,,Happy Weekend,1,Niche,1990
645,Nelly & Monsieur Arnaud (1995),Drama,1995,3.6,20.0,0.8207826816681232,Nelly & Monsieur Arnaud,1,Moderate,1990
647,Courage Under Fire (1996),Drama|War,1996,3.5532879818594103,441.0,0.8215806998849338,Courage Under Fire,2,Blockbuster,1990
648,Mission: Impossible (1996),Action|Adventure|Mystery,1996,3.432874918140144,1527.0,0.9770866635259192,Mission: Impossible,3,Blockbuster,1990
649,Cold Fever (Á köldum klaka) (1994),Comedy|Drama,1994,4.1875,16.0,0.8341662504161464,Cold Fever (Á köldum klaka),2,Moderate,1990
650,Moll Flanders (1996),Drama,1996,3.4719101123595504,89.0,0.9425532013010945,Moll Flanders,1,Popular,1990
651,"Superweib, Das (1996)",Comedy,1996,2.0,1.0,,"Superweib, Das",1,Niche,1990
652,"301, 302 (1995)",Mystery,1995,2.888888888888889,9.0,0.7817359599705717,"301, 302",1,Niche,1990
653,Dragonheart (1996),Action|Adventure|Fantasy,1996,3.2254901960784315,612.0,0.9783937142750141,Dragonheart,3,Blockbuster,1990
654,Und keiner weint mir nach (1996),Drama|Romance,1996,,,,Und keiner weint mir nach,2,,1990
655,Mutters Courage (1995),Comedy,1995,1.0,1.0,,Mutters Courage,1,Niche,1990
656,Eddie (1996),Comedy,1996,2.5641025641025643,39.0,1.119089662812728,Eddie,1,Moderate,1990
657,Yankee Zulu (1994),Comedy|Drama,1994,3.0,2.0,0.0,Yankee Zulu,2,Niche,1990
658,Billy's Holiday (1995),Drama,1995,3.0,1.0,,Billy's Holiday,1,Niche,1990
659,Purple Noon (1960),Crime|Thriller,1960,3.72,25.0,1.173314393786536,Purple Noon,2,Moderate,1960
660,August (1996),Drama,1996,1.5,2.0,0.7071067811865476,August,1,Niche,1990
661,James and the Giant Peach (1996),Animation|Children's|Musical,1996,3.4647619047619047,525.0,1.023202291750607,James and the Giant Peach,3,Blockbuster,1990
662,Fear (1996),Thriller,1996,2.984375,128.0,0.9879938713189368,Fear,1,Popular,1990
663,Kids in the Hall: Brain Candy (1996),Comedy,1996,3.4166666666666665,264.0,1.1033420827577842,Kids in the Hall: Brain Candy,1,Blockbuster,1990
664,Faithful (1996),Comedy,1996,3.0,8.0,0.7559289460184544,Faithful,1,Niche,1990
665,Underground (1995),War,1995,3.657142857142857,35.0,1.186761712116016,Underground,1,Moderate,1990
666,All Things Fair (1996),Drama,1996,3.3333333333333335,3.0,1.5275252316519465,All Things Fair,1,Niche,1990
667,Bloodsport 2 (1995),Action,1995,2.0425531914893615,47.0,1.062348645148234,Bloodsport 2,1,Moderate,1990
668,Pather Panchali (1955),Drama,1955,4.404255319148936,47.0,0.924534535486938,Pather Panchali,1,Moderate,1950
669,Aparajito (1956),Drama,1956,4.173913043478261,23.0,1.192864158731316,Aparajito,1,Moderate,1950
670,"World of Apu, The (Apur Sansar) (1959)",Drama,1959,4.410714285714286,56.0,1.0229509134990646,"World of Apu, The (Apur Sansar)",1,Popular,1950
671,Mystery Science Theater 3000: The Movie (1996),Comedy|Sci-Fi,1996,3.6798245614035086,456.0,1.1302575666439267,Mystery Science Theater 3000: The Movie,2,Blockbuster,1990
672,Tarantella (1995),Drama,1995,2.0,2.0,0.0,Tarantella,1,Niche,1990
673,Space Jam (1996),Adventure|Animation|Children's|Comedy|Fantasy,1996,2.619893428063943,563.0,1.016463404845889,Space Jam,5,Blockbuster,1990
674,Barbarella (1968),Adventure|Sci-Fi,1968,3.0155440414507773,386.0,1.173192708731838,Barbarella,2,Blockbuster,1960
675,Hostile Intentions (1994),Action|Drama|Thriller,1994,,,,Hostile Intentions,3,,1990
676,They Bite (1996),Drama,1996,,,,They Bite,1,,1990
678,Some Folks Call It a Sling Blade (1993),Drama|Thriller,1993,4.245098039215686,306.0,0.8504919445437723,Some Folks Call It a Sling Blade,2,Blockbuster,1990
679,"Run of the Country, The (1995)",Drama,1995,3.5,2.0,0.7071067811865476,"Run of the Country, The",1,Niche,1990
680,Alphaville (1965),Sci-Fi,1965,3.359375,64.0,1.17334398669406,Alphaville,1,Popular,1960
681,Clean Slate (Coup de Torchon) (1981),Crime,1981,3.933333333333333,15.0,1.0327955589886446,Clean Slate (Coup de Torchon),1,Moderate,1980
682,Tigrero: A Film That Was Never Made (1994),Documentary|Drama,1994,3.5,4.0,1.7320508075688772,Tigrero: A Film That Was Never Made,2,Niche,1990
683,"Eye of Vichy, The (Oeil de Vichy, L') (1993)",Documentary,1993,,,,"Eye of Vichy, The (Oeil de Vichy, L')",1,,1990
684,Windows (1980),Drama,1980,1.0,1.0,,Windows,1,Niche,1980
685,It's My Party (1995),Drama,1995,3.3,30.0,1.0553639672872464,It's My Party,1,Moderate,1990
687,Country Life (1994),Drama|Romance,1994,3.0,3.0,1.7320508075688772,Country Life,2,Niche,1990
688,Operation Dumbo Drop (1995),Action|Adventure|Comedy|War,1995,2.276995305164319,213.0,0.9777170101131754,Operation Dumbo Drop,4,Blockbuster,1990
690,"Promise, The (Versprechen, Das) (1994)",Romance,1994,2.0,2.0,1.4142135623730951,"Promise, The (Versprechen, Das)",1,Niche,1990
691,Mrs. Winterbourne (1996),Comedy|Romance,1996,3.0991735537190084,121.0,1.106081361366076,Mrs. Winterbourne,2,Popular,1990
692,Solo (1996),Action|Sci-Fi|Thriller,1996,2.1132075471698113,106.0,1.080747137660584,Solo,3,Popular,1990
693,Under the Domin Tree (Etz Hadomim Tafus) (1994),Drama,1994,,,,Under the Domin Tree (Etz Hadomim Tafus),1,,1990
694,"Substitute, The (1996)",Action,1996,2.645390070921986,141.0,1.0009620498946403,"Substitute, The",1,Popular,1990
695,True Crime (1995),Mystery|Thriller,1995,3.1777777777777776,135.0,0.9293447110947594,True Crime,2,Popular,1990
696,Butterfly Kiss (1995),Thriller,1995,3.25,4.0,1.2583057392117916,Butterfly Kiss,1,Niche,1990
697,Feeling Minnesota (1996),Drama|Romance,1996,2.552941176470588,85.0,1.052275112869855,Feeling Minnesota,2,Popular,1990
698,Delta of Venus (1994),Drama,1994,2.2,5.0,0.8366600265340756,Delta of Venus,1,Niche,1990
699,To Cross the Rubicon (1991),Drama,1991,,,,To Cross the Rubicon,1,,1990
700,Angus (1995),Comedy,1995,3.3241379310344827,145.0,1.0467062002929954,Angus,1,Popular,1990
701,Daens (1992),Drama,1992,4.0,1.0,,Daens,1,Niche,1990
702,Faces (1968),Drama,1968,3.6666666666666665,27.0,0.9607689228305226,Faces,1,Moderate,1960
703,Boys (1996),Drama,1996,1.6,10.0,0.8432740427115678,Boys,1,Niche,1990
704,"Quest, The (1996)",Action|Adventure,1996,2.3095238095238093,42.0,1.1367067373497675,"Quest, The",2,Moderate,1990
705,Cosi (1996),Comedy,1996,3.8333333333333335,36.0,0.7745966692414836,Cosi,1,Moderate,1990
706,Sunset Park (1996),Drama,1996,2.5,2.0,2.1213203435596424,Sunset Park,1,Niche,1990
707,Mulholland Falls (1996),Crime|Film-Noir|Thriller,1996,3.0872727272727274,275.0,0.9039763225725173,Mulholland Falls,3,Blockbuster,1990
708,"Truth About Cats & Dogs, The (1996)",Comedy|Romance,1996,3.434462444771723,679.0,0.9062496699560716,"Truth About Cats & Dogs, The",2,Blockbuster,1990
709,Oliver & Company (1988),Animation|Children's,1988,3.0416666666666665,144.0,1.0503079801405173,Oliver & Company,2,Popular,1980
710,Celtic Pride (1996),Comedy,1996,2.3333333333333335,51.0,1.051982255870633,Celtic Pride,1,Popular,1990
711,Flipper (1996),Adventure|Children's,1996,2.5,62.0,1.082650057747647,Flipper,2,Popular,1990
712,Captives (1994),Drama,1994,3.5,2.0,0.7071067811865476,Captives,1,Niche,1990
713,Of Love and Shadows (1994),Drama,1994,,,,Of Love and Shadows,1,,1990
714,Dead Man (1995),Western,1995,3.888888888888889,153.0,1.097578408394179,Dead Man,1,Popular,1990
715,"Horseman on the Roof, The (Hussard sur le toit, Le) (1995)",Drama,1995,3.6153846153846154,52.0,1.0692465031341254,"Horseman on the Roof, The (Hussard sur le toit, Le)",1,Popular,1990
716,Switchblade Sisters (1975),Crime,1975,2.6785714285714284,28.0,1.1239339452243238,Switchblade Sisters,1,Moderate,1970
717,Mouth to Mouth (Boca a boca) (1995),Comedy,1995,4.0,1.0,,Mouth to Mouth (Boca a boca),1,Niche,1990
718,"Visitors, The (Les Visiteurs) (1993)",Comedy|Sci-Fi,1993,3.484848484848485,33.0,1.3720698807188203,"Visitors, The (Les Visiteurs)",2,Moderate,1990
719,Multiplicity (1996),Comedy,1996,2.8619246861924688,239.0,1.0380239684178203,Multiplicity,1,Blockbuster,1990
720,Wallace & Gromit: The Best of Aardman Animation (1996),Animation,1996,4.426940639269406,438.0,0.8049647155401155,Wallace & Gromit: The Best of Aardman Animation,1,Blockbuster,1990
721,Halfmoon (Paul Bowles - Halbmond) (1995),Drama,1995,,,,Halfmoon (Paul Bowles - Halbmond),1,,1990
722,"Haunted World of Edward D. Wood Jr., The (1995)",Documentary,1995,3.814814814814815,27.0,0.681459803941116,"Haunted World of Edward D. Wood Jr., The",1,Moderate,1990
723,Two Friends (1986),Drama,1986,,,,Two Friends,1,,1980
724,"Craft, The (1996)",Drama|Horror,1996,3.0865384615384617,416.0,1.0213204486144933,"Craft, The",2,Blockbuster,1990
725,"Great White Hype, The (1996)",Comedy,1996,2.791208791208791,91.0,1.0383371697787178,"Great White Hype, The",1,Popular,1990
726,Last Dance (1996),Drama,1996,3.0,9.0,0.5000000000000001,Last Dance,1,Niche,1990
727,War Stories (1995),Documentary,1995,,,,War Stories,1,,1990
728,Cold Comfort Farm (1995),Comedy,1995,3.7649769585253456,217.0,0.9001384278439887,Cold Comfort Farm,1,Blockbuster,1990
729,"Institute Benjamenta, or This Dream People Call Human Life (1995)",Drama,1995,3.6666666666666665,3.0,1.5275252316519465,"Institute Benjamenta, or This Dream People Call Human Life",1,Niche,1990
730,"Low Life, The (1994)",Drama,1994,1.0,1.0,,"Low Life, The",1,Niche,1990
731,Heaven's Prisoners (1996),Mystery|Thriller,1996,2.851063829787234,47.0,0.8335029121321893,Heaven's Prisoners,2,Moderate,1990
732,Original Gangstas (1996),Crime,1996,2.8333333333333335,6.0,0.983192080250175,Original Gangstas,1,Niche,1990
733,"Rock, The (1996)",Action|Adventure|Thriller,1996,3.723134328358209,1340.0,0.962432052758489,"Rock, The",3,Blockbuster,1990
734,Getting Away With Murder (1996),Comedy,1996,3.0,3.0,1.0,Getting Away With Murder,1,Niche,1990
735,Cemetery Man (Dellamorte Dellamore) (1994),Comedy|Horror,1994,3.3564356435643563,101.0,1.3006472113208993,Cemetery Man (Dellamorte Dellamore),2,Popular,1990
736,Twister (1996),Action|Adventure|Romance|Thriller,1996,3.1738738738738737,1110.0,1.1014550350227859,Twister,4,Blockbuster,1990
737,Barb Wire (1996),Action|Sci-Fi,1996,2.03,300.0,1.089214377368487,Barb Wire,2,Blockbuster,1990
738,"Garcu, Le (1995)",Drama,1995,,,,"Garcu, Le",1,,1990
739,Honigmond (1996),Comedy,1996,,,,Honigmond,1,,1990
741,Ghost in the Shell (Kokaku kidotai) (1995),Animation|Sci-Fi,1995,4.089171974522293,314.0,0.9415899555813453,Ghost in the Shell (Kokaku kidotai),2,Blockbuster,1990
742,Thinner (1996),Horror|Thriller,1996,2.528735632183908,174.0,1.1105284942954339,Thinner,2,Popular,1990
743,Spy Hard (1996),Comedy,1996,2.5700934579439254,107.0,1.1983648413859636,Spy Hard,1,Popular,1990
744,Brothers in Trouble (1995),Drama,1995,2.0,3.0,1.0,Brothers in Trouble,1,Niche,1990
745,"Close Shave, A (1995)",Animation|Comedy|Thriller,1995,4.52054794520548,657.0,0.6671433032739226,"Close Shave, A",3,Blockbuster,1990
746,Force of Evil (1948),Film-Noir,1948,4.0,31.0,0.7745966692414834,Force of Evil,1,Moderate,1940
747,"Stupids, The (1996)",Comedy,1996,2.0,55.0,1.1547005383792512,"Stupids, The",1,Popular,1990
748,"Arrival, The (1996)",Action|Sci-Fi|Thriller,1996,3.1510791366906474,417.0,0.9626211392155475,"Arrival, The",3,Blockbuster,1990
749,"Man from Down Under, The (1943)",Drama,1943,2.75,4.0,1.2583057392117916,"Man from Down Under, The",1,Niche,1940
750,Dr. Strangelove or: How I Learned to Stop Worrying and Love the Bomb (1963),Sci-Fi|War,1963,4.4498902706656915,1367.0,0.8055069807291353,Dr. Strangelove or: How I Learned to Stop Worrying and Love the Bomb,2,Blockbuster,1960
751,Careful (1992),Comedy,1992,3.533333333333333,15.0,1.3557637102737474,Careful,1,Moderate,1990
752,Vermont Is For Lovers (1992),Comedy|Romance,1992,,,,Vermont Is For Lovers,2,,1990
753,"Month by the Lake, A (1995)",Comedy|Drama,1995,3.15625,32.0,0.9540871333712221,"Month by the Lake, A",2,Moderate,1990
754,Gold Diggers: The Secret of Bear Mountain (1995),Adventure|Children's,1995,2.923076923076923,13.0,1.3821202589704018,Gold Diggers: The Secret of Bear Mountain,2,Moderate,1990
755,Kim (1950),Children's|Drama,1950,3.7777777777777777,9.0,0.4409585518440985,Kim,2,Niche,1950
756,Carmen Miranda: Bananas Is My Business (1994),Documentary,1994,3.0,4.0,0.816496580927726,Carmen Miranda: Bananas Is My Business,1,Niche,1990
757,Ashes of Time (1994),Drama,1994,3.75,4.0,0.5,Ashes of Time,1,Niche,1990
758,"Jar, The (Khomreh) (1992)",Drama,1992,4.0,1.0,,"Jar, The (Khomreh)",1,Niche,1990
759,Maya Lin: A Strong Clear Vision (1994),Documentary,1994,4.101694915254237,59.0,1.0119103690414977,Maya Lin: A Strong Clear Vision,1,Popular,1990
760,Stalingrad (1993),War,1993,3.515151515151515,33.0,0.9721500694726909,Stalingrad,1,Moderate,1990
761,"Phantom, The (1996)",Adventure,1996,2.7886178861788617,123.0,1.0421606851996588,"Phantom, The",1,Popular,1990
762,Striptease (1996),Comedy|Crime,1996,2.184563758389262,298.0,0.9929871834148876,Striptease,2,Blockbuster,1990
763,"Last of the High Kings, The (a.k.a. Summer Fling) (1996)",Drama,1996,3.0,1.0,,"Last of the High Kings, The (a.k.a. Summer Fling)",1,Niche,1990
764,Heavy (1995),Drama|Romance,1995,3.27027027027027,74.0,0.9551202649268302,Heavy,2,Popular,1990
765,Jack (1996),Comedy|Drama,1996,2.6315789473684212,171.0,1.0566024175301938,Jack,2,Popular,1990
766,I Shot Andy Warhol (1996),Drama,1996,3.57,100.0,0.9455370981830399,I Shot Andy Warhol,1,Popular,1990
767,"Grass Harp, The (1995)",Drama,1995,3.2083333333333335,24.0,0.7790276362049131,"Grass Harp, The",1,Moderate,1990
768,Someone Else's America (1995),Drama,1995,,,,Someone Else's America,1,,1990
769,Marlene Dietrich: Shadow and Light (1996),Documentary,1996,3.25,12.0,1.2154310870109943,Marlene Dietrich: Shadow and Light,1,Moderate,1990
770,Costa Brava (1946),Drama,1946,,,,Costa Brava,1,,1940
771,"Vie est belle, La (Life is Rosey) (1987)",Comedy|Drama,1987,3.7777777777777777,18.0,1.0602749674192764,"Vie est belle, La (Life is Rosey)",2,Moderate,1980
772,Quartier Mozart (1992),Comedy,1992,,,,Quartier Mozart,1,,1990
773,Touki Bouki (Journey of the Hyena) (1973),Drama,1973,,,,Touki Bouki (Journey of the Hyena),1,,1970
774,Wend Kuuni (God's Gift) (1982),Drama,1982,4.0,1.0,,Wend Kuuni (God's Gift),1,Niche,1980
775,Spirits of the Dead (Tre Passi nel Delirio) (1968),Horror,1968,3.2222222222222223,9.0,1.2018504251546631,Spirits of the Dead (Tre Passi nel Delirio),1,Niche,1960
776,Babyfever (1994),Comedy|Drama,1994,3.0,4.0,1.4142135623730951,Babyfever,2,Niche,1990
777,Pharaoh's Army (1995),War,1995,,,,Pharaoh's Army,1,,1990
778,Trainspotting (1996),Drama,1996,3.9600532623169107,751.0,1.0216337229291181,Trainspotting,1,Blockbuster,1990
779,'Til There Was You (1997),Drama|Romance,1997,2.6923076923076925,52.0,1.020158802295237,'Til There Was You,2,Popular,1990
780,Independence Day (ID4) (1996),Action|Sci-Fi|War,1996,3.5104046242774567,1730.0,1.107916911349412,Independence Day (ID4),3,Blockbuster,1990
781,Stealing Beauty (1996),Drama,1996,3.378640776699029,103.0,1.058268145477659,Stealing Beauty,1,Popular,1990
782,"Fan, The (1996)",Thriller,1996,2.5517241379310347,145.0,1.0201513673276807,"Fan, The",1,Popular,1990
783,"Hunchback of Notre Dame, The (1996)",Animation|Children's|Musical,1996,3.223076923076923,390.0,1.0211041804247967,"Hunchback of Notre Dame, The",3,Blockbuster,1990
784,"Cable Guy, The (1996)",Comedy,1996,2.72987012987013,385.0,1.117925084031347,"Cable Guy, The",1,Blockbuster,1990
785,Kingpin (1996),Comedy,1996,3.4784313725490197,765.0,1.1203111231381395,Kingpin,1,Blockbuster,1990
786,Eraser (1996),Action|Thriller,1996,3.123913043478261,460.0,1.0161409296629331,Eraser,2,Blockbuster,1990
787,"Gate of Heavenly Peace, The (1995)",Documentary,1995,5.0,3.0,0.0,"Gate of Heavenly Peace, The",1,Niche,1990
788,"Nutty Professor, The (1996)",Comedy|Fantasy|Romance|Sci-Fi,1996,2.9957805907172994,948.0,1.0698829601548203,"Nutty Professor, The",4,Blockbuster,1990
789,"I, Worst of All (Yo, la peor de todas) (1990)",Drama,1990,3.0,2.0,1.4142135623730951,"I, Worst of All (Yo, la peor de todas)",1,Niche,1990
790,An Unforgettable Summer (1994),Drama,1994,3.0,1.0,,An Unforgettable Summer,1,Niche,1990
791,"Last Klezmer: Leopold Kozlowski, His Life and Music, The (1995)",Documentary,1995,3.5,2.0,0.7071067811865476,"Last Klezmer: Leopold Kozlowski, His Life and Music, The",1,Niche,1990
792,"Hungarian Fairy Tale, A (1987)",Fantasy,1987,4.0,1.0,,"Hungarian Fairy Tale, A",1,Niche,1980
793,My Life and Times With Antonin Artaud (En compagnie d'Antonin Artaud) (1993),Drama,1993,2.6,10.0,1.429840705968481,My Life and Times With Antonin Artaud (En compagnie d'Antonin Artaud),1,Niche,1990
794,Midnight Dancers (Sibak) (1994),Comedy|Drama,1994,,,,Midnight Dancers (Sibak),2,,1990
795,Somebody to Love (1994),Drama,1994,,,,Somebody to Love,1,,1990
796,"Very Natural Thing, A (1974)",Drama,1974,3.3333333333333335,3.0,1.1547005383792515,"Very Natural Thing, A",1,Niche,1970
797,"Old Lady Who Walked in the Sea, The (Vieille qui marchait dans la mer, La) (1991)",Comedy,1991,,,,"Old Lady Who Walked in the Sea, The (Vieille qui marchait dans la mer, La)",1,,1990
798,Daylight (1996),Action|Adventure|Thriller,1996,2.7058823529411766,204.0,0.9784700563203858,Daylight,3,Blockbuster,1990
799,"Frighteners, The (1996)",Comedy|Horror,1996,3.3491124260355027,338.0,1.0260765262727645,"Frighteners, The",2,Blockbuster,1990
800,Lone Star (1996),Drama|Mystery,1996,4.082539682539682,630.0,0.9089800504560512,Lone Star,2,Blockbuster,1990
801,Harriet the Spy (1996),Children's|Comedy,1996,3.0991735537190084,121.0,1.150398182353151,Harriet the Spy,2,Popular,1990
802,Phenomenon (1996),Drama|Romance,1996,3.496487119437939,427.0,0.9914478560970936,Phenomenon,2,Blockbuster,1990
803,Walking and Talking (1996),Romance,1996,3.6842105263157894,57.0,0.9094326083734476,Walking and Talking,1,Popular,1990
804,She's the One (1996),Comedy|Romance,1996,2.9785407725321886,233.0,0.9713408433144259,She's the One,2,Blockbuster,1990
805,"Time to Kill, A (1996)",Drama,1996,3.5901162790697674,344.0,0.9339817194832947,"Time to Kill, A",1,Blockbuster,1990
806,American Buffalo (1996),Drama,1996,3.1666666666666665,60.0,0.8668404866978302,American Buffalo,1,Popular,1990
807,"Rendezvous in Paris (Rendez-vous de Paris, Les) (1995)",Comedy|Romance,1995,3.0,14.0,1.1766968108291043,"Rendezvous in Paris (Rendez-vous de Paris, Les)",2,Moderate,1990
808,Alaska (1996),Adventure|Children's,1996,3.395348837209302,43.0,1.0941301150908038,Alaska,2,Moderate,1990
809,Fled (1996),Action|Adventure,1996,2.5714285714285716,105.0,0.9693092589882961,Fled,2,Popular,1990
810,Kazaam (1996),Children's|Comedy|Fantasy,1996,1.4666666666666666,120.0,0.7984578974533363,Kazaam,3,Popular,1990
811,"Bewegte Mann, Der (1994)",Comedy,1994,3.888888888888889,9.0,0.9279607271383371,"Bewegte Mann, Der",1,Niche,1990
812,Magic Hunter (1994),Drama,1994,,,,Magic Hunter,1,,1990
813,Larger Than Life (1996),Comedy,1996,2.5106382978723403,47.0,1.0606056601430498,Larger Than Life,1,Moderate,1990
814,"Boy Called Hate, A (1995)",Drama,1995,3.0,1.0,,"Boy Called Hate, A",1,Niche,1990
815,Power 98 (1995),Action|Mystery|Thriller,1995,2.0,6.0,1.2649110640673518,Power 98,3,Niche,1990
816,Two Deaths (1995),Drama,1995,,,,Two Deaths,1,,1990
818,"Very Brady Sequel, A (1996)",Comedy,1996,2.560846560846561,189.0,1.1451801506291597,"Very Brady Sequel, A",1,Popular,1990
819,Stefano Quantestorie (1993),Comedy|Drama,1993,,,,Stefano Quantestorie,2,,1990
820,"Death in the Garden (Mort en ce jardin, La) (1956)",Drama,1956,3.25,4.0,1.5,"Death in the Garden (Mort en ce jardin, La)",1,Niche,1950
821,"Crude Oasis, The (1995)",Romance,1995,2.0,2.0,1.4142135623730951,"Crude Oasis, The",1,Niche,1990
822,Hedd Wyn (1992),Drama,1992,,,,Hedd Wyn,1,,1990
823,"Collectionneuse, La (1967)",Drama,1967,3.25,4.0,1.707825127659933,"Collectionneuse, La",1,Niche,1960
824,Kaspar Hauser (1993),Drama,1993,3.9285714285714284,28.0,1.0862293403762302,Kaspar Hauser,1,Moderate,1990
825,Echte Kerle (1996),Comedy|Romance,1996,,,,Echte Kerle,2,,1990
826,Diebinnen (1995),Drama,1995,1.0,1.0,,Diebinnen,1,Niche,1990
827,"Convent, The (Convento, O) (1995)",Drama,1995,3.0,2.0,0.0,"Convent, The (Convento, O)",1,Niche,1990
828,"Adventures of Pinocchio, The (1996)",Adventure|Children's,1996,2.9074074074074074,54.0,1.2479193025209891,"Adventures of Pinocchio, The",2,Popular,1990
829,Joe's Apartment (1996),Comedy|Musical,1996,2.2900763358778624,131.0,1.1333310305895807,Joe's Apartment,2,Popular,1990
830,"First Wives Club, The (1996)",Comedy,1996,2.952542372881356,295.0,1.08692850840435,"First Wives Club, The",1,Blockbuster,1990
831,Stonewall (1995),Drama,1995,3.85,20.0,0.9333020044867295,Stonewall,1,Moderate,1990
832,Ransom (1996),Drama|Thriller,1996,3.478723404255319,564.0,0.9182815451608842,Ransom,2,Blockbuster,1990
833,High School High (1996),Comedy,1996,2.1794871794871793,78.0,0.9769232080255612,High School High,1,Popular,1990
834,Phat Beach (1996),Comedy,1996,2.0,4.0,1.1547005383792515,Phat Beach,1,Niche,1990
835,Foxfire (1996),Drama,1996,3.1262135922330097,103.0,0.9968539890574319,Foxfire,1,Popular,1990
836,Chain Reaction (1996),Action|Adventure|Thriller,1996,2.654008438818565,237.0,1.0076585798214623,Chain Reaction,3,Blockbuster,1990
837,Matilda (1996),Children's|Comedy,1996,3.477064220183486,218.0,1.0698751404408178,Matilda,2,Blockbuster,1990
838,Emma (1996),Comedy|Drama|Romance,1996,3.8802395209580838,501.0,0.9303917145562778,Emma,3,Blockbuster,1990
839,"Crow: City of Angels, The (1996)",Action|Thriller,1996,2.214814814814815,135.0,1.1021362241099335,"Crow: City of Angels, The",2,Popular,1990
840,House Arrest (1996),Comedy,1996,2.56,50.0,1.1277573917708887,House Arrest,1,Moderate,1990
841,Eyes Without a Face (1959),Horror,1959,3.4,25.0,1.4433756729740645,Eyes Without a Face,1,Moderate,1950
842,Tales from the Crypt Presents: Bordello of Blood (1996),Horror,1996,2.589403973509934,151.0,1.1562671154988828,Tales from the Crypt Presents: Bordello of Blood,1,Popular,1990
843,Lotto Land (1995),Drama,1995,1.0,1.0,,Lotto Land,1,Niche,1990
844,"Story of Xinghua, The (1993)",Drama,1993,3.5714285714285716,7.0,0.9759000729485331,"Story of Xinghua, The",1,Niche,1990
845,"Day the Sun Turned Cold, The (Tianguo niezi) (1994)",Drama,1994,,,,"Day the Sun Turned Cold, The (Tianguo niezi)",1,,1990
846,Flirt (1995),Drama,1995,3.736842105263158,38.0,1.0826446729693735,Flirt,1,Moderate,1990
847,"Big Squeeze, The (1996)",Comedy|Drama,1996,1.8571428571428572,7.0,0.8997354108424375,"Big Squeeze, The",2,Niche,1990
848,"Spitfire Grill, The (1996)",Drama,1996,3.4358974358974357,156.0,1.0727082829830668,"Spitfire Grill, The",1,Popular,1990
849,Escape from L.A. (1996),Action|Adventure|Sci-Fi|Thriller,1996,2.5107632093933465,511.0,1.1040840426489433,Escape from L.A.,4,Blockbuster,1990
850,Cyclo (1995),Crime|Drama,1995,3.6666666666666665,30.0,0.9222660747548281,Cyclo,2,Moderate,1990
851,Basquiat (1996),Drama,1996,3.4960629921259843,127.0,0.9074122962389144,Basquiat,1,Popular,1990
852,Tin Cup (1996),Comedy|Romance,1996,3.221138211382114,615.0,0.9394755651660278,Tin Cup,2,Blockbuster,1990
853,Dingo (1992),Drama,1992,4.0,3.0,1.0,Dingo,1,Niche,1990
854,"Ballad of Narayama, The (Narayama Bushiko) (1958)",Drama,1958,3.625,8.0,1.7677669529663689,"Ballad of Narayama, The (Narayama Bushiko)",1,Niche,1950
855,Every Other Weekend (1990),Drama,1990,,,,Every Other Weekend,1,,1990
856,Mille bolle blu (1993),Comedy,1993,,,,Mille bolle blu,1,,1990
857,Crows and Sparrows (1949),Drama,1949,,,,Crows and Sparrows,1,,1940
858,"Godfather, The (1972)",Action|Crime|Drama,1972,4.524966261808367,2223.0,0.7807207696118679,"Godfather, The",3,Blockbuster,1970
859,"Hippie Revolution, The (1996)",Documentary,1996,2.0,1.0,,"Hippie Revolution, The",1,Niche,1990
860,"Maybe, Maybe Not (Bewegte Mann, Der) (1994)",Comedy,1994,3.6,10.0,0.8432740427115678,"Maybe, Maybe Not (Bewegte Mann, Der)",1,Niche,1990
861,Supercop (1992),Action|Thriller,1992,3.5128205128205128,273.0,0.9855670363334444,Supercop,2,Blockbuster,1990
862,Manny & Lo (1996),Drama,1996,3.6451612903225805,31.0,0.8774351674729476,Manny & Lo,1,Moderate,1990
863,Celestial Clockwork (1994),Comedy,1994,3.5,10.0,0.8498365855987974,Celestial Clockwork,1,Niche,1990
864,"Wife, The (1995)",Comedy|Drama,1995,3.5833333333333335,12.0,0.9962049198956219,"Wife, The",2,Moderate,1990
865,Small Faces (1995),Drama,1995,2.0,1.0,,Small Faces,1,Niche,1990
866,Bound (1996),Crime|Drama|Romance|Thriller,1996,3.8234265734265733,572.0,0.9480056344058805,Bound,4,Blockbuster,1990
867,Carpool (1996),Comedy|Crime,1996,2.2083333333333335,24.0,1.1025333147551268,Carpool,2,Moderate,1990
868,Death in Brunswick (1991),Comedy,1991,3.0,1.0,,Death in Brunswick,1,Niche,1990
869,Kansas City (1996),Crime,1996,3.0952380952380953,42.0,0.8499504665488028,Kansas City,1,Moderate,1990
870,Gone Fishin' (1997),Comedy,1997,2.183673469387755,49.0,1.0930360886798125,Gone Fishin',1,Moderate,1990
871,Lover's Knot (1996),Comedy,1996,,,,Lover's Knot,1,,1990
872,Aiqing wansui (1994),Drama,1994,3.0,1.0,,Aiqing wansui,1,Niche,1990
873,Shadow of Angels (Schatten der Engel) (1976),Drama,1976,,,,Shadow of Angels (Schatten der Engel),1,,1970
874,Killer: A Journal of Murder (1995),Crime|Drama,1995,3.125,8.0,1.5526475085202969,Killer: A Journal of Murder,2,Niche,1990
875,Nothing to Lose (1994),Drama,1994,3.3863636363636362,44.0,1.1251027672112754,Nothing to Lose,1,Moderate,1990
876,Police Story 4: Project S (Chao ji ji hua) (1993),Action,1993,2.857142857142857,21.0,1.2761549390929883,Police Story 4: Project S (Chao ji ji hua),1,Moderate,1990
877,Girls Town (1996),Drama,1996,3.2916666666666665,24.0,1.1601786469133206,Girls Town,1,Moderate,1990
878,Bye-Bye (1995),Drama,1995,4.0,1.0,,Bye-Bye,1,Niche,1990
879,"Relic, The (1997)",Horror,1997,2.827004219409283,237.0,1.089058007271633,"Relic, The",1,Blockbuster,1990
880,"Island of Dr. Moreau, The (1996)",Sci-Fi|Thriller,1996,2.200617283950617,324.0,1.0527273682670562,"Island of Dr. Moreau, The",2,Blockbuster,1990
881,First Kid (1996),Children's|Comedy,1996,2.6233766233766236,77.0,1.1125948929247034,First Kid,2,Popular,1990
882,"Trigger Effect, The (1996)",Drama|Thriller,1996,2.711864406779661,59.0,1.0347554676585242,"Trigger Effect, The",2,Popular,1990
884,Sweet Nothing (1995),Drama,1995,3.0,2.0,0.0,Sweet Nothing,1,Niche,1990
885,Bogus (1996),Children's|Drama|Fantasy,1996,2.5813953488372094,43.0,1.2952763657951054,Bogus,3,Moderate,1990
886,Bulletproof (1996),Action,1996,2.9423076923076925,104.0,1.0596475240758412,Bulletproof,1,Popular,1990
887,Talk of Angels (1998),Drama,1998,2.5,2.0,2.1213203435596424,Talk of Angels,1,Niche,1990
888,Land Before Time III: The Time of the Great Giving (1995),Animation|Children's,1995,2.2083333333333335,48.0,1.2540713837182447,Land Before Time III: The Time of the Great Giving,2,Moderate,1990
889,1-900 (1994),Romance,1994,2.5,2.0,0.7071067811865476,1-900,1,Niche,1990
890,Baton Rouge (1988),Thriller,1988,,,,Baton Rouge,1,,1980
891,Halloween: The Curse of Michael Myers (1995),Horror|Thriller,1995,2.360655737704918,183.0,1.2363468015889858,Halloween: The Curse of Michael Myers,2,Popular,1990
892,Twelfth Night (1996),Comedy|Drama|Romance,1996,3.861842105263158,152.0,0.88437010999945,Twelfth Night,3,Popular,1990
893,Mother Night (1996),Drama,1996,3.6956521739130435,69.0,1.0044657319439108,Mother Night,1,Popular,1990
894,Liebelei (1933),Romance,1933,,,,Liebelei,1,,1930
895,Venice/Venice (1992),Drama,1992,1.0,2.0,0.0,Venice/Venice,1,Niche,1990
896,Wild Reeds (1994),Drama,1994,3.4313725490196076,51.0,1.1181216742516769,Wild Reeds,1,Popular,1990
897,For Whom the Bell Tolls (1943),Adventure|War,1943,3.7551020408163267,98.0,0.9201212883944251,For Whom the Bell Tolls,2,Popular,1940
898,"Philadelphia Story, The (1940)",Comedy|Romance,1940,4.3006872852233675,582.0,0.8342699871789656,"Philadelphia Story, The",2,Blockbuster,1940
899,Singin' in the Rain (1952),Musical|Romance,1952,4.2836218375499335,751.0,0.8888858558906682,Singin' in the Rain,2,Blockbuster,1950
900,"American in Paris, An (1951)",Musical|Romance,1951,3.8513119533527695,343.0,0.9903288331267532,"American in Paris, An",2,Blockbuster,1950
901,Funny Face (1957),Comedy|Musical,1957,3.6436781609195403,174.0,1.0366354144664738,Funny Face,2,Popular,1950
902,Breakfast at Tiffany's (1961),Drama|Romance,1961,3.908284023668639,676.0,0.9601802372991928,Breakfast at Tiffany's,2,Blockbuster,1960
903,Vertigo (1958),Mystery|Thriller,1958,4.27292817679558,905.0,0.7965542081750531,Vertigo,2,Blockbuster,1950
904,Rear Window (1954),Mystery|Thriller,1954,4.476190476190476,1050.0,0.6889463376441249,Rear Window,2,Blockbuster,1950
905,It Happened One Night (1934),Comedy,1934,4.280748663101604,374.0,0.8046803278060137,It Happened One Night,1,Blockbuster,1930
906,Gaslight (1944),Mystery|Thriller,1944,4.096256684491979,187.0,0.8239277152732515,Gaslight,2,Popular,1940
907,"Gay Divorcee, The (1934)",Comedy|Musical|Romance,1934,3.9238095238095236,105.0,0.9775876716068261,"Gay Divorcee, The",3,Popular,1930
908,North by Northwest (1959),Drama|Thriller,1959,4.38403041825095,1315.0,0.7325154419820886,North by Northwest,2,Blockbuster,1950
909,"Apartment, The (1960)",Comedy|Drama,1960,4.127098321342926,417.0,0.8089995438467756,"Apartment, The",2,Blockbuster,1960
910,Some Like It Hot (1959),Comedy|Crime,1959,4.300480769230769,832.0,0.8215507391258634,Some Like It Hot,2,Blockbuster,1950
911,Charade (1963),Comedy|Mystery|Romance|Thriller,1963,4.183006535947713,306.0,0.8253198763617641,Charade,4,Blockbuster,1960
912,Casablanca (1942),Drama|Romance|War,1942,4.412822049131217,1669.0,0.8276420553546816,Casablanca,3,Blockbuster,1940
913,"Maltese Falcon, The (1941)",Film-Noir|Mystery,1941,4.395973154362416,1043.0,0.7747596291520621,"Maltese Falcon, The",2,Blockbuster,1940
914,My Fair Lady (1964),Musical|Romance,1964,4.154088050314465,636.0,0.8738541393172327,My Fair Lady,2,Blockbuster,1960
915,Sabrina (1954),Comedy|Romance,1954,3.9643835616438357,365.0,0.8778986310061342,Sabrina,2,Blockbuster,1950
916,Roman Holiday (1953),Comedy|Romance,1953,4.216470588235294,425.0,0.8356512344103774,Roman Holiday,2,Blockbuster,1950
917,"Little Princess, The (1939)",Children's|Drama,1939,3.675324675324675,77.0,0.965749755665166,"Little Princess, The",2,Popular,1930
918,Meet Me in St. Louis (1944),Musical,1944,3.7936507936507935,189.0,1.0025297283022017,Meet Me in St. Louis,1,Popular,1940
919,"Wizard of Oz, The (1939)",Adventure|Children's|Drama|Musical,1939,4.247962747380675,1718.0,0.8959781585395842,"Wizard of Oz, The",4,Blockbuster,1930
920,Gone with the Wind (1939),Drama|Romance|War,1939,3.9974048442906573,1156.0,1.053952451564269,Gone with the Wind,3,Blockbuster,1930
921,My Favorite Year (1982),Comedy,1982,3.8940397350993377,302.0,0.8284983644788417,My Favorite Year,1,Blockbuster,1980
922,Sunset Blvd. (a.k.a. Sunset Boulevard) (1950),Film-Noir,1950,4.491489361702127,470.0,0.7409236980457691,Sunset Blvd. (a.k.a. Sunset Boulevard),1,Blockbuster,1950
923,Citizen Kane (1941),Drama,1941,4.388888888888889,1116.0,0.8654930538186145,Citizen Kane,1,Blockbuster,1940
924,2001: A Space Odyssey (1968),Drama|Mystery|Sci-Fi|Thriller,1968,4.068764568764569,1716.0,1.0425036529459768,2001: A Space Odyssey,4,Blockbuster,1960
925,Golden Earrings (1947),Adventure|Romance,1947,3.25,12.0,1.0552897060221726,Golden Earrings,2,Moderate,1940
926,All About Eve (1950),Drama,1950,4.255583126550868,403.0,0.8355814521024648,All About Eve,1,Blockbuster,1950
927,"Women, The (1939)",Comedy,1939,3.9761904761904763,84.0,1.0176300186452654,"Women, The",1,Popular,1930
928,Rebecca (1940),Romance|Thriller,1940,4.204663212435233,386.0,0.8135725388002674,Rebecca,2,Blockbuster,1940
929,Foreign Correspondent (1940),Thriller,1940,3.78494623655914,93.0,0.8578215883928642,Foreign Correspondent,1,Popular,1940
930,Notorious (1946),Film-Noir|Romance|Thriller,1946,4.29438202247191,445.0,0.7510292563011275,Notorious,3,Blockbuster,1940
931,Spellbound (1945),Mystery|Romance|Thriller,1945,3.912621359223301,206.0,0.8509024892287623,Spellbound,3,Blockbuster,1940
932,"Affair to Remember, An (1957)",Romance,1957,3.9523809523809526,189.0,1.0068156790347238,"Affair to Remember, An",1,Popular,1950
933,To Catch a Thief (1955),Comedy|Romance|Thriller,1955,4.10158013544018,443.0,0.8106040620961994,To Catch a Thief,3,Blockbuster,1950
934,Father of the Bride (1950),Comedy,1950,3.6578947368421053,304.0,0.9516722343792423,Father of the Bride,1,Blockbuster,1950
935,"Band Wagon, The (1953)",Comedy|Musical,1953,3.6338028169014085,71.0,1.098563173548825,"Band Wagon, The",2,Popular,1950
936,Ninotchka (1939),Comedy|Romance,1939,4.075757575757576,132.0,0.8160715067570016,Ninotchka,2,Popular,1930
937,Love in the Afternoon (1957),Comedy|Romance,1957,3.75,44.0,1.1023231282476873,Love in the Afternoon,2,Moderate,1950
938,Gigi (1958),Musical,1958,3.620320855614973,187.0,1.0876698501612525,Gigi,1,Popular,1950
939,"Reluctant Debutante, The (1958)",Comedy|Drama,1958,3.1818181818181817,11.0,1.3280197150781925,"Reluctant Debutante, The",2,Moderate,1950
940,"Adventures of Robin Hood, The (1938)",Action|Adventure,1938,3.9735449735449735,378.0,0.9122442226973513,"Adventures of Robin Hood, The",2,Blockbuster,1930
941,"Mark of Zorro, The (1940)",Adventure,1940,3.704761904761905,105.0,0.8651790557652208,"Mark of Zorro, The",1,Popular,1940
942,Laura (1944),Crime|Film-Noir|Mystery,1944,4.2020547945205475,292.0,0.771214882904027,Laura,3,Blockbuster,1940
943,"Ghost and Mrs. Muir, The (1947)",Drama|Romance,1947,3.982456140350877,171.0,0.8573123818794635,"Ghost and Mrs. Muir, The",2,Popular,1940
944,Lost Horizon (1937),Drama,1937,3.7938144329896906,97.0,0.9458037182944032,Lost Horizon,1,Popular,1930
945,Top Hat (1935),Comedy|Musical|Romance,1935,4.147410358565737,251.0,0.8427237192177941,Top Hat,3,Blockbuster,1930
946,To Be or Not to Be (1942),Comedy|Drama|War,1942,3.8509316770186337,161.0,1.0137256786492066,To Be or Not to Be,3,Popular,1940
947,My Man Godfrey (1936),Comedy,1936,4.1063829787234045,188.0,0.8333693624403176,My Man Godfrey,1,Popular,1930
948,Giant (1956),Drama,1956,3.753846153846154,130.0,0.9070057943759807,Giant,1,Popular,1950
949,East of Eden (1955),Drama,1955,3.9767441860465116,215.0,0.8777725657845984,East of Eden,1,Blockbuster,1950
950,"Thin Man, The (1934)",Mystery,1934,4.239726027397261,292.0,0.7715276453238343,"Thin Man, The",1,Blockbuster,1930
951,His Girl Friday (1940),Comedy,1940,4.249370277078086,397.0,0.8107739514978565,His Girl Friday,1,Blockbuster,1940
952,Around the World in 80 Days (1956),Adventure|Comedy,1956,3.6022304832713754,269.0,0.8945078312189776,Around the World in 80 Days,2,Blockbuster,1950
953,It's a Wonderful Life (1946),Drama,1946,4.299039780521262,729.0,0.9054242280588665,It's a Wonderful Life,1,Blockbuster,1940
954,Mr. Smith Goes to Washington (1939),Drama,1939,4.240208877284595,383.0,0.8055773892544748,Mr. Smith Goes to Washington,1,Blockbuster,1930
955,Bringing Up Baby (1938),Comedy,1938,4.169491525423729,413.0,0.9554844158757404,Bringing Up Baby,1,Blockbuster,1930
956,Penny Serenade (1941),Drama|Romance,1941,3.55,40.0,0.9323254631461962,Penny Serenade,2,Moderate,1940
957,"Scarlet Letter, The (1926)",Drama,1926,3.2432432432432434,37.0,1.2111841176992733,"Scarlet Letter, The",1,Moderate,1920
958,Lady of Burlesque (1943),Comedy|Mystery,1943,3.3846153846153846,13.0,0.869718492622904,Lady of Burlesque,2,Moderate,1940
959,Of Human Bondage (1934),Drama,1934,3.7413793103448274,58.0,1.0010581213753005,Of Human Bondage,1,Popular,1930
960,Angel on My Shoulder (1946),Crime|Drama,1946,3.45,20.0,1.316894273021107,Angel on My Shoulder,2,Moderate,1940
961,Little Lord Fauntleroy (1936),Drama,1936,3.4782608695652173,23.0,1.2011193725169755,Little Lord Fauntleroy,1,Moderate,1930
962,They Made Me a Criminal (1939),Crime|Drama,1939,3.5454545454545454,11.0,1.0357254813546264,They Made Me a Criminal,2,Moderate,1930
963,"Inspector General, The (1949)",Musical,1949,3.574074074074074,54.0,1.0389009405236018,"Inspector General, The",1,Popular,1940
964,Angel and the Badman (1947),Western,1947,3.392156862745098,51.0,0.9813955649492007,Angel and the Badman,1,Popular,1940
965,"39 Steps, The (1935)",Thriller,1935,4.075098814229249,253.0,0.85350147741116,"39 Steps, The",1,Blockbuster,1930
966,"Walk in the Sun, A (1945)",Drama,1945,4.0,6.0,0.6324555320336758,"Walk in the Sun, A",1,Niche,1940
967,"Outlaw, The (1943)",Western,1943,3.260869565217391,23.0,1.09616651457157,"Outlaw, The",1,Moderate,1940
968,Night of the Living Dead (1968),Horror|Sci-Fi,1968,3.6713286713286712,715.0,1.1557687716184901,Night of the Living Dead,2,Blockbuster,1960
969,"African Queen, The (1951)",Action|Adventure|Romance|War,1951,4.251655629139073,1057.0,0.820580219386211,"African Queen, The",4,Blockbuster,1950
970,Beat the Devil (1954),Comedy|Drama,1954,3.4054054054054053,37.0,1.1657010160666663,Beat the Devil,2,Moderate,1950
971,Cat on a Hot Tin Roof (1958),Drama,1958,4.047970479704797,271.0,0.8528305458096971,Cat on a Hot Tin Roof,1,Blockbuster,1950
972,"Last Time I Saw Paris, The (1954)",Drama,1954,3.1666666666666665,6.0,0.752772652709081,"Last Time I Saw Paris, The",1,Niche,1950
973,Meet John Doe (1941),Drama,1941,3.9146341463414633,82.0,0.9454402529541741,Meet John Doe,1,Popular,1940
974,Algiers (1938),Drama|Romance,1938,3.75,16.0,0.7745966692414834,Algiers,2,Moderate,1930
975,Something to Sing About (1937),Comedy|Musical,1937,1.5,2.0,0.7071067811865476,Something to Sing About,2,Niche,1930
976,"Farewell to Arms, A (1932)",Romance|War,1932,3.5714285714285716,56.0,1.0763092299342036,"Farewell to Arms, A",2,Popular,1930
977,Moonlight Murder (1936),Mystery,1936,2.0,2.0,0.0,Moonlight Murder,1,Niche,1930
978,"Blue Angel, The (Blaue Engel, Der) (1930)",Drama,1930,3.94,100.0,1.1175369742826804,"Blue Angel, The (Blaue Engel, Der)",1,Popular,1930
979,Nothing Personal (1995),Drama|War,1995,,,,Nothing Personal,2,,1990
980,In the Line of Duty 2 (1987),Action,1987,2.8,5.0,1.3038404810405297,In the Line of Duty 2,1,Niche,1980
981,Dangerous Ground (1997),Drama,1997,2.75,4.0,1.707825127659933,Dangerous Ground,1,Niche,1990
982,Picnic (1955),Drama,1955,3.6790123456790123,81.0,0.9464031975567703,Picnic,1,Popular,1950
983,Madagascar Skin (1995),Romance,1995,,,,Madagascar Skin,1,,1990
984,"Pompatus of Love, The (1996)",Comedy|Drama,1996,2.6666666666666665,33.0,1.1086778913041726,"Pompatus of Love, The",2,Moderate,1990
985,Small Wonders (1996),Documentary,1996,3.75,4.0,1.2583057392117916,Small Wonders,1,Niche,1990
986,Fly Away Home (1996),Adventure|Children's,1996,3.603448275862069,232.0,1.018268714437505,Fly Away Home,2,Blockbuster,1990
987,Bliss (1997),Drama|Romance,1997,2.9,40.0,0.9818872461248106,Bliss,2,Moderate,1990
988,Grace of My Heart (1996),Comedy|Drama,1996,3.3768115942028984,69.0,1.0585985362922377,Grace of My Heart,2,Popular,1990
989,Schlafes Bruder (Brother of Sleep) (1995),Drama,1995,5.0,1.0,,Schlafes Bruder (Brother of Sleep),1,Niche,1990
990,Maximum Risk (1996),Action|Adventure|Thriller,1996,2.574074074074074,54.0,0.9437350893856844,Maximum Risk,3,Popular,1990
991,Michael Collins (1996),Drama|War,1996,3.523529411764706,170.0,0.8648490046851979,Michael Collins,2,Popular,1990
992,"Rich Man's Wife, The (1996)",Thriller,1996,2.6,20.0,1.0954451150103321,"Rich Man's Wife, The",1,Moderate,1990
993,Infinity (1996),Drama,1996,3.111111111111111,9.0,1.0540925533894598,Infinity,1,Niche,1990
994,Big Night (1996),Drama,1996,4.095555555555555,450.0,0.8186184122804253,Big Night,1,Blockbuster,1990
996,Last Man Standing (1996),Action|Drama|Western,1996,2.90625,256.0,1.1267687620524691,Last Man Standing,3,Blockbuster,1990
997,Caught (1996),Drama|Thriller,1996,3.357142857142857,28.0,0.9893613995077729,Caught,2,Moderate,1990
998,Set It Off (1996),Action|Crime,1996,3.010752688172043,93.0,1.0580398576357868,Set It Off,2,Popular,1990
999,2 Days in the Valley (1996),Crime,1996,3.2832167832167833,286.0,0.9215917590690584,2 Days in the Valley,1,Blockbuster,1990
1000,Curdled (1996),Crime,1996,3.05,20.0,1.234376040972246,Curdled,1,Moderate,1990
1001,"Associate, The (L'Associe)(1982)",Comedy,1982,,,,"Associate, The (L'Associe)",1,,1980
1002,Ed's Next Move (1996),Comedy,1996,4.25,8.0,0.8864052604279183,Ed's Next Move,1,Niche,1990
1003,Extreme Measures (1996),Drama|Thriller,1996,2.9421487603305785,121.0,0.8688835812040357,Extreme Measures,2,Popular,1990
1004,"Glimmer Man, The (1996)",Action|Thriller,1996,2.6633663366336635,101.0,1.1685651691092995,"Glimmer Man, The",2,Popular,1990
1005,D3: The Mighty Ducks (1996),Children's|Comedy,1996,2.3732394366197185,142.0,1.1147569459960718,D3: The Mighty Ducks,2,Popular,1990
1006,"Chamber, The (1996)",Drama,1996,3.08974358974359,78.0,0.9559913252323026,"Chamber, The",1,Popular,1990
1007,"Apple Dumpling Gang, The (1975)",Children's|Comedy|Western,1975,2.978448275862069,232.0,0.932557441981145,"Apple Dumpling Gang, The",3,Blockbuster,1970
1008,"Davy Crockett, King of the Wild Frontier (1955)",Western,1955,3.329896907216495,97.0,0.9434163260518488,"Davy Crockett, King of the Wild Frontier",1,Popular,1950
1009,Escape to Witch Mountain (1975),Adventure|Children's|Fantasy,1975,3.185567010309278,291.0,1.0372034373709593,Escape to Witch Mountain,3,Blockbuster,1970
1010,"Love Bug, The (1969)",Children's|Comedy,1969,3.268595041322314,242.0,0.980179766546471,"Love Bug, The",2,Blockbuster,1960
1011,Herbie Rides Again (1974),Adventure|Children's|Comedy,1974,2.725925925925926,135.0,1.0106125645696842,Herbie Rides Again,3,Popular,1970
1012,Old Yeller (1957),Children's|Drama,1957,3.7043189368770766,301.0,0.9568775354977247,Old Yeller,2,Blockbuster,1950
1013,"Parent Trap, The (1961)",Children's|Drama,1961,3.565891472868217,258.0,1.031375201028537,"Parent Trap, The",2,Blockbuster,1960
1014,Pollyanna (1960),Children's|Comedy|Drama,1960,3.4044117647058822,136.0,1.1377604803627968,Pollyanna,3,Popular,1960
1015,Homeward Bound: The Incredible Journey (1993),Adventure|Children's,1993,3.3461538461538463,234.0,1.0542404430926073,Homeward Bound: The Incredible Journey,2,Blockbuster,1990
1016,"Shaggy Dog, The (1959)",Children's|Comedy,1959,3.217948717948718,156.0,0.9318373926739805,"Shaggy Dog, The",2,Popular,1950
1017,Swiss Family Robinson (1960),Adventure|Children's,1960,3.5869565217391304,276.0,0.8715984135290764,Swiss Family Robinson,2,Blockbuster,1960
1018,That Darn Cat! (1965),Children's|Comedy|Mystery,1965,3.252032520325203,123.0,1.0604166822138203,That Darn Cat!,3,Popular,1960
1019,"20,000 Leagues Under the Sea (1954)",Adventure|Children's|Fantasy|Sci-Fi,1954,3.7026086956521738,575.0,0.8696850394645784,"20,000 Leagues Under the Sea",4,Blockbuster,1950
1020,Cool Runnings (1993),Comedy,1993,3.239795918367347,392.0,0.966787577037341,Cool Runnings,1,Blockbuster,1990
1021,Angels in the Outfield (1994),Children's|Comedy,1994,2.769230769230769,247.0,1.122291054386839,Angels in the Outfield,2,Blockbuster,1990
1022,Cinderella (1950),Animation|Children's|Musical,1950,3.755632582322357,577.0,0.9705240871090067,Cinderella,3,Blockbuster,1950
1023,Winnie the Pooh and the Blustery Day (1968),Animation|Children's,1968,3.986425339366516,221.0,1.0552019970734157,Winnie the Pooh and the Blustery Day,2,Blockbuster,1960
1024,"Three Caballeros, The (1945)",Animation|Children's|Musical,1945,3.246031746031746,126.0,0.9772328929094267,"Three Caballeros, The",3,Popular,1940
1025,"Sword in the Stone, The (1963)",Animation|Children's,1963,3.6109215017064846,293.0,0.9059261725539698,"Sword in the Stone, The",2,Blockbuster,1960
1026,So Dear to My Heart (1949),Children's|Drama,1949,3.625,8.0,1.1877349391654208,So Dear to My Heart,2,Niche,1940
1027,Robin Hood: Prince of Thieves (1991),Drama,1991,3.1627906976744184,344.0,1.0257383331417813,Robin Hood: Prince of Thieves,1,Blockbuster,1990
1028,Mary Poppins (1964),Children's|Comedy|Musical,1964,3.894164193867458,1011.0,1.0096933995686477,Mary Poppins,3,Blockbuster,1960
1029,Dumbo (1941),Animation|Children's|Musical,1941,3.688380281690141,568.0,0.9630229721566917,Dumbo,3,Blockbuster,1940
1030,Pete's Dragon (1977),Adventure|Animation|Children's|Musical,1977,3.0773993808049536,323.0,1.0500887502863157,Pete's Dragon,4,Blockbuster,1970
1031,Bedknobs and Broomsticks (1971),Adventure|Children's|Musical,1971,3.479623824451411,319.0,0.9510298206061588,Bedknobs and Broomsticks,3,Blockbuster,1970
1032,Alice in Wonderland (1951),Animation|Children's|Musical,1951,3.697142857142857,525.0,0.9737447530316691,Alice in Wonderland,3,Blockbuster,1950
1033,"Fox and the Hound, The (1981)",Animation|Children's,1981,3.4494773519163764,287.0,0.9589793190030117,"Fox and the Hound, The",2,Blockbuster,1980
1034,Freeway (1996),Crime,1996,3.6449704142011834,169.0,1.1092098883892187,Freeway,1,Popular,1990
1035,"Sound of Music, The (1965)",Musical,1965,3.931972789115646,882.0,1.1324931399726281,"Sound of Music, The",1,Blockbuster,1960
1036,Die Hard (1988),Action|Thriller,1988,4.121848739495798,1666.0,0.8609878766005158,Die Hard,2,Blockbuster,1980
1037,"Lawnmower Man, The (1992)",Action|Sci-Fi|Thriller,1992,2.6601626016260163,615.0,1.0631325354112238,"Lawnmower Man, The",3,Blockbuster,1990
1038,Unhook the Stars (1996),Drama,1996,3.272727272727273,11.0,0.9045340337332909,Unhook the Stars,1,Moderate,1990
1039,Synthetic Pleasures (1995),Documentary,1995,3.6666666666666665,3.0,0.5773502691896257,Synthetic Pleasures,1,Niche,1990
1040,"Secret Agent, The (1996)",Drama,1996,3.0,5.0,1.0,"Secret Agent, The",1,Niche,1990
1041,Secrets & Lies (1996),Drama,1996,4.037974683544304,474.0,0.8931456816556006,Secrets & Lies,1,Blockbuster,1990
1042,That Thing You Do! (1996),Comedy,1996,3.481060606060606,528.0,0.9621002149695289,That Thing You Do!,1,Blockbuster,1990
1043,To Gillian on Her 37th Birthday (1996),Drama|Romance,1996,2.8425925925925926,108.0,1.0154142567650966,To Gillian on Her 37th Birthday,2,Popular,1990
1044,Surviving Picasso (1996),Drama,1996,3.2857142857142856,35.0,0.9873144969898835,Surviving Picasso,1,Moderate,1990
1045,Love Is All There Is (1996),Comedy|Drama,1996,,,,Love Is All There Is,2,,1990
1046,Beautiful Thing (1996),Drama|Romance,1996,4.066666666666666,90.0,1.1297807284522172,Beautiful Thing,2,Popular,1990
1047,"Long Kiss Goodnight, The (1996)",Action|Thriller,1996,3.4838709677419355,434.0,1.0444918726327301,"Long Kiss Goodnight, The",2,Blockbuster,1990
1049,"Ghost and the Darkness, The (1996)",Action|Adventure,1996,3.328159645232816,451.0,1.0471467821397589,"Ghost and the Darkness, The",2,Blockbuster,1990
1050,Looking for Richard (1996),Documentary|Drama,1996,3.8219178082191783,146.0,1.0483808962122254,Looking for Richard,2,Popular,1990
1051,Trees Lounge (1996),Drama,1996,3.4183673469387754,98.0,0.9624225167661319,Trees Lounge,1,Popular,1990
1052,"Proprietor, The (1996)",Drama,1996,,,,"Proprietor, The",1,,1990
1053,Normal Life (1996),Crime|Drama,1996,2.914285714285714,35.0,1.0674716850199486,Normal Life,2,Moderate,1990
1054,Get on the Bus (1996),Drama,1996,3.308641975308642,81.0,1.125188598731808,Get on the Bus,1,Popular,1990
1055,Shadow Conspiracy (1997),Thriller,1997,2.736842105263158,19.0,1.0975784083941793,Shadow Conspiracy,1,Moderate,1990
1056,Jude (1996),Drama,1996,3.54,50.0,0.8134080483135291,Jude,1,Moderate,1990
1057,Everyone Says I Love You (1996),Comedy|Musical|Romance,1996,3.5583941605839415,274.0,0.952278342644911,Everyone Says I Love You,3,Blockbuster,1990
1058,Bitter Sugar (Azucar Amargo) (1996),Drama,1996,3.272727272727273,11.0,1.1037127426019047,Bitter Sugar (Azucar Amargo),1,Moderate,1990
1059,William Shakespeare's Romeo and Juliet (1996),Drama|Romance,1996,3.4008350730688934,479.0,1.167050842677782,William Shakespeare's Romeo and Juliet,2,Blockbuster,1990
1060,Swingers (1996),Comedy|Drama,1996,3.94147582697201,786.0,0.9625522654620536,Swingers,2,Blockbuster,1990
1061,Sleepers (1996),Crime|Drama,1996,3.550802139037433,374.0,0.947035390284427,Sleepers,2,Blockbuster,1990
1062,"Sunchaser, The (1996)",Drama,1996,2.5,2.0,0.7071067811865476,"Sunchaser, The",1,Niche,1990
1063,Johns (1996),Drama,1996,3.1538461538461537,26.0,1.2551432648843777,Johns,1,Moderate,1990
1064,Aladdin and the King of Thieves (1996),Animation|Children's|Comedy,1996,2.8947368421052633,209.0,1.0644703687712038,Aladdin and the King of Thieves,3,Blockbuster,1990
1065,"Woman in Question, The (1950)",Mystery,1950,,,,"Woman in Question, The",1,,1950
1066,Shall We Dance? (1937),Comedy|Musical|Romance,1937,4.1657142857142855,175.0,0.9039958731033282,Shall We Dance?,3,Popular,1930
1067,"Damsel in Distress, A (1937)",Comedy|Musical|Romance,1937,3.782608695652174,23.0,1.2415723806063765,"Damsel in Distress, A",3,Moderate,1930
1068,Crossfire (1947),Crime|Film-Noir,1947,3.6857142857142855,35.0,0.9321521136730904,Crossfire,2,Moderate,1940
1069,"Murder, My Sweet (1944)",Film-Noir|Thriller,1944,3.9272727272727272,110.0,0.9453807631440195,"Murder, My Sweet",2,Popular,1940
1070,Macao (1952),Adventure,1952,3.0,2.0,0.0,Macao,1,Niche,1950
1071,For the Moment (1994),Romance|War,1994,3.4,5.0,1.140175425099138,For the Moment,2,Niche,1990
1073,Willy Wonka and the Chocolate Factory (1971),Adventure|Children's|Comedy|Fantasy,1971,3.8613861386138613,1313.0,1.0161696812332646,Willy Wonka and the Chocolate Factory,4,Blockbuster,1970
1075,"Sexual Life of the Belgians, The (1994)",Comedy,1994,,,,"Sexual Life of the Belgians, The",1,,1990
1076,"Innocents, The (1961)",Thriller,1961,4.0,23.0,0.9045340337332909,"Innocents, The",1,Moderate,1960
1077,Sleeper (1973),Comedy|Sci-Fi,1973,3.9798387096774195,744.0,0.9021415978161692,Sleeper,2,Blockbuster,1970
1078,Bananas (1971),Comedy|War,1971,3.836021505376344,372.0,0.891706791625863,Bananas,2,Blockbuster,1970
1079,"Fish Called Wanda, A (1988)",Comedy,1988,3.971342383107089,1326.0,0.9246767963887027,"Fish Called Wanda, A",1,Blockbuster,1980
1080,Monty Python's Life of Brian (1979),Comedy,1979,4.018358531317495,926.0,0.9338602852661679,Monty Python's Life of Brian,1,Blockbuster,1970
1081,Victor/Victoria (1982),Comedy|Musical,1982,3.6175115207373274,434.0,1.0040413860732023,Victor/Victoria,2,Blockbuster,1980
1082,"Candidate, The (1972)",Drama,1972,3.7012987012987013,154.0,0.7680709230755446,"Candidate, The",1,Popular,1970
1083,"Great Race, The (1965)",Comedy|Musical,1965,3.5304878048780486,164.0,0.9295673542611291,"Great Race, The",2,Popular,1960
1084,Bonnie and Clyde (1967),Crime|Drama,1967,4.096209912536443,686.0,0.8209395950044823,Bonnie and Clyde,2,Blockbuster,1960
1085,"Old Man and the Sea, The (1958)",Adventure|Drama,1958,3.7786259541984735,131.0,0.9710428679111949,"Old Man and the Sea, The",2,Popular,1950
1086,Dial M for Murder (1954),Mystery|Thriller,1954,4.079155672823219,379.0,0.7760047758936782,Dial M for Murder,2,Blockbuster,1950
1087,Madame Butterfly (1995),Musical,1995,3.4444444444444446,18.0,1.041617645905367,Madame Butterfly,1,Moderate,1990
1088,Dirty Dancing (1987),Musical|Romance,1987,3.3114992721979624,687.0,1.168924124554064,Dirty Dancing,2,Blockbuster,1980
1089,Reservoir Dogs (1992),Crime|Thriller,1992,4.13582208101668,1259.0,0.9911269397050105,Reservoir Dogs,2,Blockbuster,1990
1090,Platoon (1986),Drama|War,1986,4.090113735783027,1143.0,0.8656301093291455,Platoon,2,Blockbuster,1980
1091,Weekend at Bernie's (1989),Comedy,1989,2.7935656836461127,373.0,1.0614260006935266,Weekend at Bernie's,1,Blockbuster,1980
1092,Basic Instinct (1992),Mystery|Thriller,1992,3.5419440745672435,751.0,0.960852927803301,Basic Instinct,2,Blockbuster,1990
1093,"Doors, The (1991)",Drama|Musical,1991,3.4073529411764705,680.0,0.9322903490779968,"Doors, The",2,Blockbuster,1990
1094,"Crying Game, The (1992)",Drama|Romance|War,1992,3.7314890154597236,1229.0,1.0054377298393238,"Crying Game, The",3,Blockbuster,1990
1095,Glengarry Glen Ross (1992),Drama,1992,3.8844133099824867,571.0,1.0348076170543785,Glengarry Glen Ross,1,Blockbuster,1990
1096,Sophie's Choice (1982),Drama,1982,3.9767441860465116,344.0,0.9894692653538064,Sophie's Choice,1,Blockbuster,1980
1097,E.T. the Extra-Terrestrial (1982),Children's|Drama|Fantasy|Sci-Fi,1982,3.9651828999559275,2269.0,0.9475321722319995,E.T. the Extra-Terrestrial,4,Blockbuster,1980
1098,"Search for One-eye Jimmy, The (1996)",Comedy,1996,2.4,5.0,0.5477225575051661,"Search for One-eye Jimmy, The",1,Niche,1990
1099,"Christmas Carol, A (1938)",Drama,1938,3.9896907216494846,194.0,0.9047353302711945,"Christmas Carol, A",1,Popular,1930
1100,Days of Thunder (1990),Action|Romance,1990,2.807142857142857,420.0,1.037918988552816,Days of Thunder,2,Blockbuster,1990
1101,Top Gun (1986),Action|Romance,1986,3.6861386138613863,1010.0,1.0295466207969939,Top Gun,2,Blockbuster,1980
1102,American Strays (1996),Action,1996,2.0,4.0,1.4142135623730951,American Strays,1,Niche,1990
1103,Rebel Without a Cause (1955),Drama,1955,3.9228855721393034,402.0,0.8513000952720907,Rebel Without a Cause,1,Blockbuster,1950
1104,"Streetcar Named Desire, A (1951)",Drama,1951,4.225672877846791,483.0,0.847747388971311,"Streetcar Named Desire, A",1,Blockbuster,1950
1105,Children of the Corn IV: The Gathering (1996),Horror,1996,1.7857142857142858,42.0,1.116084494697035,Children of the Corn IV: The Gathering,1,Moderate,1990
1106,"Leopard Son, The (1996)",Documentary,1996,,,,"Leopard Son, The",1,,1990
1107,Loser (1991),Comedy,1991,2.0,3.0,1.0,Loser,1,Niche,1990
1108,Prerokbe Ognja (1995),Documentary,1995,,,,Prerokbe Ognja,1,,1990
1109,Charm's Incidents (1996),Drama,1996,,,,Charm's Incidents,1,,1990
1110,Bird of Prey (1996),Action,1996,,,,Bird of Prey,1,,1990
1111,Microcosmos (Microcosmos: Le peuple de l'herbe) (1996),Documentary,1996,4.095744680851064,94.0,0.8559613715554331,Microcosmos (Microcosmos: Le peuple de l'herbe),1,Popular,1990
1112,Palookaville (1996),Action|Drama,1996,3.4285714285714284,35.0,0.9787661586289704,Palookaville,2,Moderate,1990
1113,"Associate, The (1996)",Comedy,1996,3.0,50.0,1.1065666703449764,"Associate, The",1,Moderate,1990
1114,"Funeral, The (1996)",Drama,1996,2.870967741935484,31.0,1.1177935254739124,"Funeral, The",1,Moderate,1990
1115,Sleepover (1995),Comedy|Drama,1995,1.0,1.0,,Sleepover,2,Niche,1990
1116,"Single Girl, A (La Fille Seule) (1995)",Drama,1995,3.411764705882353,17.0,0.8702602720890289,"Single Girl, A (La Fille Seule)",1,Moderate,1990
1117,"Eighth Day, The (Le Huitième jour ) (1996)",Drama,1996,4.25,12.0,0.9653072991634228,"Eighth Day, The (Le Huitième jour )",1,Moderate,1990
1118,Tashunga (1995),Adventure|Western,1995,2.0,1.0,,Tashunga,2,Niche,1990
1119,Drunks (1997),Drama,1997,3.2058823529411766,34.0,0.9464258687999236,Drunks,1,Moderate,1990
1120,"People vs. Larry Flynt, The (1996)",Drama,1996,3.5833333333333335,456.0,0.8475346708630969,"People vs. Larry Flynt, The",1,Blockbuster,1990
1121,Glory Daze (1996),Drama,1996,3.076923076923077,13.0,0.8623164985025762,Glory Daze,1,Moderate,1990
1122,Plutonium Circus (1995),Documentary,1995,,,,Plutonium Circus,1,,1990
1123,"Perfect Candidate, A (1996)",Documentary,1996,3.727272727272727,33.0,1.0975178606954215,"Perfect Candidate, A",1,Moderate,1990
1124,On Golden Pond (1981),Drama,1981,3.740740740740741,405.0,0.9670023316160793,On Golden Pond,1,Blockbuster,1980
1125,"Return of the Pink Panther, The (1974)",Comedy,1974,3.779220779220779,385.0,0.9132043033008002,"Return of the Pink Panther, The",1,Blockbuster,1970
1126,Drop Dead Fred (1991),Comedy|Fantasy,1991,2.3722397476340693,317.0,1.1584523036394423,Drop Dead Fred,2,Blockbuster,1990
1127,"Abyss, The (1989)",Action|Adventure|Sci-Fi|Thriller,1989,3.6839650145772596,1715.0,0.9481016585268306,"Abyss, The",4,Blockbuster,1980
1128,"Fog, The (1980)",Horror,1980,2.9235294117647057,170.0,1.0658937476964343,"Fog, The",1,Popular,1980
1129,Escape from New York (1981),Action|Adventure|Sci-Fi|Thriller,1981,3.4649321266968327,884.0,0.964789449405783,Escape from New York,4,Blockbuster,1980
1130,"Howling, The (1980)",Horror,1980,3.25974025974026,231.0,0.9965496658920202,"Howling, The",1,Blockbuster,1980
1131,Jean de Florette (1986),Drama,1986,4.324074074074074,216.0,0.8277591347639636,Jean de Florette,1,Blockbuster,1980
1132,Manon of the Spring (Manon des sources) (1986),Drama,1986,4.259090909090909,220.0,0.8391989499174487,Manon of the Spring (Manon des sources),1,Blockbuster,1980
1133,Talking About Sex (1994),Comedy|Drama,1994,2.0,2.0,1.4142135623730951,Talking About Sex,2,Niche,1990
1134,Johnny 100 Pesos (1993),Action|Drama,1993,3.0,2.0,0.0,Johnny 100 Pesos,2,Niche,1990
1135,Private Benjamin (1980),Comedy,1980,3.189189189189189,407.0,0.9156983827433025,Private Benjamin,1,Blockbuster,1980
1136,Monty Python and the Holy Grail (1974),Comedy,1974,4.335209505941213,1599.0,0.8738760723048069,Monty Python and the Holy Grail,1,Blockbuster,1970
1137,Hustler White (1996),Romance,1996,,,,Hustler White,1,,1990
1138,Dadetown (1995),Documentary,1995,3.857142857142857,7.0,1.4638501094227998,Dadetown,1,Niche,1990
1139,Everything Relative (1996),Drama,1996,4.0,2.0,0.0,Everything Relative,1,Niche,1990
1140,Entertaining Angels: The Dorothy Day Story (1996),Drama,1996,,,,Entertaining Angels: The Dorothy Day Story,1,,1990
1141,Hoogste tijd (1995),Drama,1995,,,,Hoogste tijd,1,,1990
1142,Get Over It (1996),Drama,1996,1.0,2.0,0.0,Get Over It,1,Niche,1990
1143,Three Lives and Only One Death (1996),Comedy,1996,,,,Three Lives and Only One Death,1,,1990
1144,"Line King: Al Hirschfeld, The (1996)",Documentary,1996,3.75,16.0,0.6831300510639731,"Line King: Al Hirschfeld, The",1,Moderate,1990
1145,Snowriders (1996),Documentary,1996,2.5,2.0,0.7071067811865476,Snowriders,1,Niche,1990
1146,Curtis's Charm (1995),Comedy|Drama,1995,,,,Curtis's Charm,2,,1990
1147,When We Were Kings (1996),Documentary,1996,4.32129963898917,277.0,0.7949212250871608,When We Were Kings,1,Blockbuster,1990
1148,"Wrong Trousers, The (1993)",Animation|Comedy,1993,4.507936507936508,882.0,0.7086657095592804,"Wrong Trousers, The",2,Blockbuster,1990
1149,JLG/JLG - autoportrait de décembre (1994),Documentary|Drama,1994,3.5,4.0,1.7320508075688772,JLG/JLG - autoportrait de décembre,2,Niche,1990
1150,"Return of Martin Guerre, The (Retour de Martin Guerre, Le) (1982)",Drama,1982,3.930379746835443,158.0,0.860433075726263,"Return of Martin Guerre, The (Retour de Martin Guerre, Le)",1,Popular,1980
1151,Faust (1994),Animation|Comedy|Thriller,1994,3.4838709677419355,31.0,1.3132902127084092,Faust,3,Moderate,1990
1152,He Walked by Night (1948),Crime|Film-Noir|Thriller,1948,3.4827586206896552,29.0,1.0219270890672476,He Walked by Night,3,Moderate,1940
1153,Raw Deal (1948),Film-Noir,1948,3.4285714285714284,14.0,1.1578684470436789,Raw Deal,1,Moderate,1940
1154,T-Men (1947),Film-Noir,1947,3.7333333333333334,15.0,0.8837151016885368,T-Men,1,Moderate,1940
1155,"Invitation, The (Zaproszenie) (1986)",Drama,1986,,,,"Invitation, The (Zaproszenie)",1,,1980
1156,"Children Are Watching us, The (Bambini ci guardano, I) (1942)",Drama,1942,,,,"Children Are Watching us, The (Bambini ci guardano, I)",1,,1940
1157,"Symphonie pastorale, La (1946)",Drama,1946,,,,"Symphonie pastorale, La",1,,1940
1158,Here Comes Cookie (1935),Comedy,1935,,,,Here Comes Cookie,1,,1930
1159,Love in Bloom (1935),Romance,1935,,,,Love in Bloom,1,,1930
1160,Six of a Kind (1934),Comedy,1934,2.1666666666666665,6.0,1.3291601358251257,Six of a Kind,1,Niche,1930
1161,"Tin Drum, The (Blechtrommel, Die) (1979)",Drama,1979,3.9468085106382977,94.0,0.9545253988926076,"Tin Drum, The (Blechtrommel, Die)",1,Popular,1970
1162,"Ruling Class, The (1972)",Comedy,1972,3.90625,96.0,0.9070266635667625,"Ruling Class, The",1,Popular,1970
1163,Mina Tannenbaum (1994),Drama,1994,2.9473684210526314,19.0,1.393384536958932,Mina Tannenbaum,1,Moderate,1990
1164,Two or Three Things I Know About Her (1966),Drama,1966,3.6,5.0,1.6733200530681511,Two or Three Things I Know About Her,1,Niche,1960
1165,"Bloody Child, The (1996)",Drama|Thriller,1996,1.0,1.0,,"Bloody Child, The",2,Niche,1990
1166,Farmer & Chase (1995),Comedy,1995,,,,Farmer & Chase,1,,1990
1167,Dear God (1996),Comedy,1996,2.893617021276596,94.0,0.999656770197544,Dear God,1,Popular,1990
1168,Bad Moon (1996),Horror,1996,2.0555555555555554,18.0,1.055641551364534,Bad Moon,1,Moderate,1990
1169,American Dream (1990),Documentary,1990,3.7222222222222223,36.0,1.0586004537288471,American Dream,1,Moderate,1990
1170,Best of the Best 3: No Turning Back (1995),Action,1995,1.6470588235294117,17.0,0.701888209634219,Best of the Best 3: No Turning Back,1,Moderate,1990
1171,Bob Roberts (1992),Comedy,1992,3.7349397590361444,415.0,0.9540700678828012,Bob Roberts,1,Blockbuster,1990
1172,Cinema Paradiso (1988),Comedy|Drama|Romance,1988,4.287804878048781,615.0,0.8407946998749035,Cinema Paradiso,3,Blockbuster,1980
1173,"Cook the Thief His Wife & Her Lover, The (1989)",Drama,1989,3.3484848484848486,198.0,1.2236139894593958,"Cook the Thief His Wife & Her Lover, The",1,Popular,1980
1174,Grosse Fatigue (1994),Comedy,1994,3.8,5.0,1.0954451150103321,Grosse Fatigue,1,Niche,1990
1175,Delicatessen (1991),Comedy|Sci-Fi,1991,4.002717391304348,368.0,0.9890370218254748,Delicatessen,2,Blockbuster,1990
1176,"Double Life of Veronique, The (La Double Vie de Véronique) (1991)",Drama,1991,3.937984496124031,129.0,0.9980601339637565,"Double Life of Veronique, The (La Double Vie de Véronique)",1,Popular,1990
1177,Enchanted April (1991),Drama,1991,3.993197278911565,147.0,0.9326394907565153,Enchanted April,1,Popular,1990
1178,Paths of Glory (1957),Drama|War,1957,4.473913043478261,230.0,0.8075610979383299,Paths of Glory,2,Blockbuster,1950
1179,"Grifters, The (1990)",Crime|Drama|Film-Noir,1990,3.7887005649717516,885.0,0.9207800927701268,"Grifters, The",3,Blockbuster,1990
1180,Hear My Song (1991),Comedy,1991,3.84,50.0,1.0567566862232531,Hear My Song,1,Moderate,1990
1181,"Shooter, The (1995)",Action,1995,2.9,10.0,0.9944289260117533,"Shooter, The",1,Niche,1990
1183,"English Patient, The (1996)",Drama|Romance|War,1996,3.609706774519717,989.0,1.1858420943094599,"English Patient, The",3,Blockbuster,1990
1184,Mediterraneo (1991),Comedy|War,1991,3.802197802197802,91.0,0.8058091891561234,Mediterraneo,2,Popular,1990
1185,My Left Foot (1989),Drama,1989,3.958057395143488,453.0,0.9074459569804155,My Left Foot,1,Blockbuster,1980
1186,"Sex, Lies, and Videotape (1989)",Drama,1989,3.613879003558719,562.0,0.9564601102780064,"Sex, Lies, and Videotape",1,Blockbuster,1980
1187,Passion Fish (1992),Drama,1992,3.6598639455782314,147.0,0.8874821907490056,Passion Fish,1,Popular,1990
1188,Strictly Ballroom (1992),Comedy|Romance,1992,3.951183431952663,676.0,0.9988059932883847,Strictly Ballroom,2,Blockbuster,1990
1189,"Thin Blue Line, The (1988)",Documentary,1988,4.25278810408922,269.0,0.8393547826761001,"Thin Blue Line, The",1,Blockbuster,1980
1190,Tie Me Up! Tie Me Down! (1990),Drama,1990,3.507575757575758,132.0,0.9689548325383498,Tie Me Up! Tie Me Down!,1,Popular,1990
1191,Madonna: Truth or Dare (1991),Documentary,1991,3.062200956937799,209.0,1.0335510750837487,Madonna: Truth or Dare,1,Blockbuster,1990
1192,Paris Is Burning (1990),Documentary,1990,4.0285714285714285,105.0,0.9947665251507208,Paris Is Burning,1,Popular,1990
1193,One Flew Over the Cuckoo's Nest (1975),Drama,1975,4.390724637681159,1725.0,0.7895237757414774,One Flew Over the Cuckoo's Nest,1,Blockbuster,1970
1194,Up in Smoke (1978),Comedy,1978,3.4764150943396226,212.0,1.0773015161680157,Up in Smoke,1,Blockbuster,1970
1196,Star Wars: Episode V - The Empire Strikes Back (1980),Action|Adventure|Drama|Sci-Fi|War,1980,4.292976588628763,2990.0,0.844432003945722,Star Wars: Episode V - The Empire Strikes Back,5,Blockbuster,1980
1197,"Princess Bride, The (1987)",Action|Adventure|Comedy|Romance,1987,4.3037100949094045,2318.0,0.8500395007663406,"Princess Bride, The",4,Blockbuster,1980
1198,Raiders of the Lost Ark (1981),Action|Adventure,1981,4.477724741447892,2514.0,0.7256465441877039,Raiders of the Lost Ark,2,Blockbuster,1980
1199,Brazil (1985),Sci-Fi,1985,4.097480832420591,913.0,1.0556469943407738,Brazil,1,Blockbuster,1980
1200,Aliens (1986),Action|Sci-Fi|Thriller|War,1986,4.125824175824176,1820.0,0.9243473140407271,Aliens,4,Blockbuster,1980
1201,"Good, The Bad and The Ugly, The (1966)",Action|Western,1966,4.133819951338199,822.0,0.8920270783953241,"Good, The Bad and The Ugly, The",2,Blockbuster,1960
1202,Withnail and I (1987),Comedy,1987,3.611111111111111,72.0,1.0948735286865177,Withnail and I,1,Popular,1980
1203,12 Angry Men (1957),Drama,1957,4.295454545454546,616.0,0.8127312906342739,12 Angry Men,1,Blockbuster,1950
1204,Lawrence of Arabia (1962),Adventure|War,1962,4.401925391095066,831.0,0.8226880122568586,Lawrence of Arabia,2,Blockbuster,1960
1205,"Transformers: The Movie, The (1986)",Action|Animation|Children's|Sci-Fi|Thriller|War,1986,3.380952380952381,231.0,1.292917480261616,"Transformers: The Movie, The",6,Blockbuster,1980
1206,"Clockwork Orange, A (1971)",Sci-Fi,1971,4.0781122864117165,1229.0,1.1083416392682768,"Clockwork Orange, A",1,Blockbuster,1970
1207,To Kill a Mockingbird (1962),Drama,1962,4.425646551724138,928.0,0.788858235773545,To Kill a Mockingbird,1,Blockbuster,1960
1208,Apocalypse Now (1979),Drama|War,1979,4.243197278911564,1176.0,0.9153283695082501,Apocalypse Now,2,Blockbuster,1970
1209,Once Upon a Time in the West (1969),Western,1969,4.023121387283237,173.0,0.9938985795050972,Once Upon a Time in the West,1,Popular,1960
1210,Star Wars: Episode VI - Return of the Jedi (1983),Action|Adventure|Romance|Sci-Fi|War,1983,4.022892819979188,2883.0,0.9273560638806971,Star Wars: Episode VI - Return of the Jedi,5,Blockbuster,1980
1211,Wings of Desire (Der Himmel über Berlin) (1987),Comedy|Drama|Romance,1987,4.1115702479338845,242.0,1.030625647524458,Wings of Desire (Der Himmel über Berlin),3,Blockbuster,1980
1212,"Third Man, The (1949)",Mystery|Thriller,1949,4.452083333333333,480.0,0.7575616260464734,"Third Man, The",2,Blockbuster,1940
1213,GoodFellas (1990),Crime|Drama,1990,4.275196137598069,1657.0,0.872455084892143,GoodFellas,2,Blockbuster,1990
1214,Alien (1979),Action|Horror|Sci-Fi|Thriller,1979,4.159584980237154,2024.0,0.9133096294144267,Alien,4,Blockbuster,1970
1215,Army of Darkness (1993),Action|Adventure|Comedy|Horror|Sci-Fi,1993,3.804232804232804,945.0,1.050011636730851,Army of Darkness,5,Blockbuster,1990
1216,"Big Blue, The (Le Grand Bleu) (1988)",Adventure|Romance,1988,3.6551724137931036,87.0,1.0978582342388141,"Big Blue, The (Le Grand Bleu)",2,Popular,1980
1217,Ran (1985),Drama|War,1985,4.26890756302521,357.0,0.8483044456105601,Ran,2,Blockbuster,1980
1218,"Killer, The (Die xue shuang xiong) (1989)",Action|Thriller,1989,4.19672131147541,244.0,0.9264236670670589,"Killer, The (Die xue shuang xiong)",2,Blockbuster,1980
1219,Psycho (1960),Horror|Thriller,1960,4.218527315914489,1263.0,0.8900250449687547,Psycho,2,Blockbuster,1960
1220,"Blues Brothers, The (1980)",Action|Comedy|Musical,1980,3.9395973154362416,1341.0,0.9542158547339398,"Blues Brothers, The",3,Blockbuster,1980
1221,"Godfather: Part II, The (1974)",Action|Crime|Drama,1974,4.357565011820331,1692.0,0.8688965275257146,"Godfather: Part II, The",3,Blockbuster,1970
1222,Full Metal Jacket (1987),Action|Drama|War,1987,4.110845295055821,1254.0,0.8622584462227052,Full Metal Jacket,3,Blockbuster,1980
1223,"Grand Day Out, A (1992)",Animation|Comedy,1992,4.361522198731501,473.0,0.7663192126190325,"Grand Day Out, A",2,Blockbuster,1990
1224,Henry V (1989),Drama|War,1989,4.286384976525822,426.0,0.7807402714375332,Henry V,2,Blockbuster,1980
1225,Amadeus (1984),Drama,1984,4.251808972503618,1382.0,0.8234306283395819,Amadeus,1,Blockbuster,1980
1226,"Quiet Man, The (1952)",Comedy|Romance,1952,4.053097345132743,226.0,0.9076534626494779,"Quiet Man, The",2,Blockbuster,1950
1227,Once Upon a Time in America (1984),Crime|Drama|Thriller,1984,3.863070539419087,241.0,0.9139687444528893,Once Upon a Time in America,3,Blockbuster,1980
1228,Raging Bull (1980),Drama,1980,4.1875923190546525,677.0,0.8661755150657952,Raging Bull,1,Blockbuster,1980
1230,Annie Hall (1977),Comedy|Romance,1977,4.14167916041979,1334.0,0.9684531245104682,Annie Hall,2,Blockbuster,1970
1231,"Right Stuff, The (1983)",Drama,1983,4.08,750.0,0.8245239756258407,"Right Stuff, The",1,Blockbuster,1980
1232,Stalker (1979),Mystery|Sci-Fi,1979,3.6346153846153846,52.0,1.2684535304749476,Stalker,2,Popular,1970
1233,"Boat, The (Das Boot) (1981)",Action|Drama|War,1981,4.302697302697303,1001.0,0.8241860938421112,"Boat, The (Das Boot)",3,Blockbuster,1980
1234,"Sting, The (1973)",Comedy|Crime,1973,4.320305052430887,1049.0,0.7594050895670419,"Sting, The",2,Blockbuster,1970
1235,Harold and Maude (1971),Comedy,1971,4.164992826398852,697.0,0.9128912521033689,Harold and Maude,1,Blockbuster,1970
1236,Trust (1990),Comedy|Drama,1990,4.188888888888889,90.0,0.8332209662069489,Trust,2,Popular,1990
1237,"Seventh Seal, The (Sjunde inseglet, Det) (1957)",Drama,1957,4.230769230769231,299.0,0.978076668803008,"Seventh Seal, The (Sjunde inseglet, Det)",1,Blockbuster,1950
1238,Local Hero (1983),Comedy,1983,4.0,351.0,0.9971387638065796,Local Hero,1,Blockbuster,1980
1240,"Terminator, The (1984)",Action|Sci-Fi|Thriller,1984,4.152049571020019,2098.0,0.8526365703225008,"Terminator, The",3,Blockbuster,1980
1241,Braindead (1992),Comedy|Horror,1992,3.357142857142857,70.0,1.4649104863162308,Braindead,2,Popular,1990
1242,Glory (1989),Action|Drama|War,1989,4.193345323741007,1112.0,0.7762396116210379,Glory,3,Blockbuster,1980
1243,Rosencrantz and Guildenstern Are Dead (1990),Comedy|Drama,1990,3.9846153846153847,325.0,1.0728453527872281,Rosencrantz and Guildenstern Are Dead,2,Blockbuster,1990
1244,Manhattan (1979),Comedy|Drama|Romance,1979,4.082172701949861,718.0,0.8663488935058907,Manhattan,3,Blockbuster,1970
1245,Miller's Crossing (1990),Drama,1990,4.005586592178771,358.0,0.898160003362683,Miller's Crossing,1,Blockbuster,1990
1246,Dead Poets Society (1989),Drama,1989,4.005847953216374,855.0,0.9124244925507312,Dead Poets Society,1,Blockbuster,1980
1247,"Graduate, The (1967)",Drama|Romance,1967,4.245836637589215,1261.0,0.833709744677911,"Graduate, The",2,Blockbuster,1960
1248,Touch of Evil (1958),Crime|Film-Noir|Thriller,1958,4.215953307392996,514.0,0.8841568299571066,Touch of Evil,3,Blockbuster,1950
1249,Nikita (La Femme Nikita) (1990),Thriller,1990,4.005457025920873,733.0,0.8931877674019598,Nikita (La Femme Nikita),1,Blockbuster,1990
1250,"Bridge on the River Kwai, The (1957)",Drama|War,1957,4.386993603411514,938.0,0.7538738956523299,"Bridge on the River Kwai, The",2,Blockbuster,1950
1251,8 1/2 (1963),Drama,1963,4.105263157894737,228.0,0.9467628226420387,8 1/2,1,Blockbuster,1960
1252,Chinatown (1974),Film-Noir|Mystery|Thriller,1974,4.339240506329114,1185.0,0.818713412869183,Chinatown,3,Blockbuster,1970
1253,"Day the Earth Stood Still, The (1951)",Drama|Sci-Fi,1951,4.141323792486583,559.0,0.8570134652141419,"Day the Earth Stood Still, The",2,Blockbuster,1950
1254,"Treasure of the Sierra Madre, The (1948)",Adventure,1948,4.289183222958058,453.0,0.8025360767019595,"Treasure of the Sierra Madre, The",1,Blockbuster,1940
1255,Bad Taste (1987),Comedy|Horror,1987,3.4074074074074074,54.0,1.1898710651336173,Bad Taste,2,Popular,1980
1256,Duck Soup (1933),Comedy|War,1933,4.21043771043771,594.0,0.9152035004356073,Duck Soup,2,Blockbuster,1930
1257,Better Off Dead... (1985),Comedy,1985,3.9216101694915255,472.0,0.8983348316692419,Better Off Dead...,1,Blockbuster,1980
1258,"Shining, The (1980)",Horror,1980,4.104875804967802,1087.0,0.9441318999027947,"Shining, The",1,Blockbuster,1980
1259,Stand by Me (1986),Adventure|Comedy|Drama,1986,4.0969187675070025,1785.0,0.7966553729159108,Stand by Me,3,Blockbuster,1980
1260,M (1931),Crime|Film-Noir|Thriller,1931,4.3019480519480515,308.0,0.8288739490122979,M,3,Blockbuster,1930
1261,Evil Dead II (Dead By Dawn) (1987),Action|Adventure|Comedy|Horror,1987,3.826642335766423,548.0,1.1203053758223895,Evil Dead II (Dead By Dawn),4,Blockbuster,1980
1262,"Great Escape, The (1963)",Adventure|War,1963,4.376436781609195,696.0,0.6925851512132916,"Great Escape, The",2,Blockbuster,1960
1263,"Deer Hunter, The (1978)",Drama|War,1978,4.11,700.0,0.9437165137736535,"Deer Hunter, The",2,Blockbuster,1970
1264,Diva (1981),Action|Drama|Mystery|Romance|Thriller,1981,4.054474708171206,257.0,0.8910083694314473,Diva,5,Blockbuster,1980
1265,Groundhog Day (1993),Comedy|Romance,1993,3.953028972783143,2278.0,0.9291961051807589,Groundhog Day,2,Blockbuster,1990
1266,Unforgiven (1992),Western,1992,4.0902708124373115,997.0,0.9215599371455165,Unforgiven,1,Blockbuster,1990
1267,"Manchurian Candidate, The (1962)",Film-Noir|Thriller,1962,4.333333333333333,765.0,0.7826656023016332,"Manchurian Candidate, The",2,Blockbuster,1960
1268,Pump Up the Volume (1990),Drama,1990,3.4858044164037856,317.0,0.939947008797582,Pump Up the Volume,1,Blockbuster,1990
1269,Arsenic and Old Lace (1944),Comedy|Mystery|Thriller,1944,4.168154761904762,672.0,0.8369258486640795,Arsenic and Old Lace,3,Blockbuster,1940
1270,Back to the Future (1985),Comedy|Sci-Fi,1985,3.9903213317847466,2583.0,0.8651882735905329,Back to the Future,2,Blockbuster,1980
1271,Fried Green Tomatoes (1991),Drama,1991,3.806070826306914,593.0,0.9732035989324953,Fried Green Tomatoes,1,Blockbuster,1990
1272,Patton (1970),Drama|War,1970,4.266666666666667,645.0,0.8077010290825144,Patton,2,Blockbuster,1970
1273,Down by Law (1986),Comedy|Drama,1986,3.9657534246575343,146.0,0.9203776103740496,Down by Law,2,Popular,1980
1274,Akira (1988),Adventure|Animation|Sci-Fi|Thriller,1988,3.933628318584071,452.0,0.9922190069622792,Akira,4,Blockbuster,1980
1275,Highlander (1986),Action|Adventure,1986,3.8461538461538463,741.0,0.9948934062566154,Highlander,2,Blockbuster,1980
1276,Cool Hand Luke (1967),Comedy|Drama,1967,4.253763440860215,930.0,0.7833794390246226,Cool Hand Luke,2,Blockbuster,1960
1277,Cyrano de Bergerac (1990),Action|Drama|Romance,1990,3.884297520661157,363.0,0.9359907680456917,Cyrano de Bergerac,3,Blockbuster,1990
1278,Young Frankenstein (1974),Comedy|Horror,1974,4.250628667225482,1193.0,0.8728098325378878,Young Frankenstein,2,Blockbuster,1970
1279,Night on Earth (1991),Comedy|Drama,1991,3.747422680412371,194.0,0.9990246832911098,Night on Earth,2,Popular,1990
1280,Raise the Red Lantern (1991),Drama,1991,4.1732851985559565,277.0,0.7886934491758358,Raise the Red Lantern,1,Blockbuster,1990
1281,"Great Dictator, The (1940)",Comedy,1940,4.032407407407407,216.0,0.9806811779483092,"Great Dictator, The",1,Blockbuster,1940
1282,Fantasia (1940),Animation|Children's|Musical,1940,3.904559915164369,943.0,1.090107219431404,Fantasia,3,Blockbuster,1940
1283,High Noon (1952),Western,1952,4.1786600496277915,403.0,0.8797564062824564,High Noon,1,Blockbuster,1950
1284,"Big Sleep, The (1946)",Film-Noir|Mystery,1946,4.312384473197782,541.0,0.7772303915418192,"Big Sleep, The",2,Blockbuster,1940
1285,Heathers (1989),Comedy,1989,3.8156911581569117,803.0,0.9675033371985357,Heathers,1,Blockbuster,1980
1286,Somewhere in Time (1980),Drama|Romance,1980,3.585964912280702,285.0,1.0263154726831034,Somewhere in Time,2,Blockbuster,1980
1287,Ben-Hur (1959),Action|Adventure|Drama,1959,4.110795454545454,704.0,0.8935981850255039,Ben-Hur,3,Blockbuster,1950
1288,This Is Spinal Tap (1984),Comedy|Drama|Musical,1984,4.179785330948121,1118.0,0.9634609857977467,This Is Spinal Tap,3,Blockbuster,1980
1289,Koyaanisqatsi (1983),Documentary|War,1983,3.9725274725274726,182.0,1.0793456104301822,Koyaanisqatsi,2,Popular,1980
1290,Some Kind of Wonderful (1987),Drama|Romance,1987,3.591304347826087,230.0,0.8451831374257736,Some Kind of Wonderful,2,Blockbuster,1980
1291,Indiana Jones and the Last Crusade (1989),Action|Adventure,1989,4.133292383292384,1628.0,0.817778615555554,Indiana Jones and the Last Crusade,2,Blockbuster,1980
1292,Being There (1979),Comedy,1979,4.013536379018612,591.0,0.9793561608403858,Being There,1,Blockbuster,1970
1293,Gandhi (1982),Drama,1982,4.141579731743666,671.0,0.8424820521444951,Gandhi,1,Blockbuster,1980
1294,M*A*S*H (1970),Comedy|War,1970,4.124658780709736,1099.0,0.9033038665181478,M*A*S*H,2,Blockbuster,1970
1295,"Unbearable Lightness of Being, The (1988)",Drama,1988,3.5676691729323307,266.0,1.069794469569542,"Unbearable Lightness of Being, The",1,Blockbuster,1980
1296,"Room with a View, A (1986)",Drama|Romance,1986,3.9964285714285714,560.0,0.9990987505319946,"Room with a View, A",2,Blockbuster,1980
1297,Real Genius (1985),Comedy,1985,3.7081447963800906,442.0,0.9444319204981659,Real Genius,1,Blockbuster,1980
1298,Pink Floyd - The Wall (1982),Drama|Musical|War,1982,3.640826873385013,387.0,1.1256258309937193,Pink Floyd - The Wall,3,Blockbuster,1980
1299,"Killing Fields, The (1984)",Drama|War,1984,4.248633879781421,732.0,0.8041858973072595,"Killing Fields, The",2,Blockbuster,1980
1300,My Life as a Dog (Mitt liv som hund) (1985),Drama,1985,4.1454545454545455,330.0,0.883861006653546,My Life as a Dog (Mitt liv som hund),1,Blockbuster,1980
1301,Forbidden Planet (1956),Sci-Fi,1956,3.9758713136729225,373.0,0.979333273617652,Forbidden Planet,1,Blockbuster,1950
1302,Field of Dreams (1989),Drama,1989,3.9114583333333335,768.0,0.9648173126360651,Field of Dreams,1,Blockbuster,1980
1303,"Man Who Would Be King, The (1975)",Adventure,1975,4.129032258064516,310.0,0.8260302181434689,"Man Who Would Be King, The",1,Blockbuster,1970
1304,Butch Cassidy and the Sundance Kid (1969),Action|Comedy|Western,1969,4.215644820295983,1419.0,0.8046114818997785,Butch Cassidy and the Sundance Kid,3,Blockbuster,1960
1305,"Paris, Texas (1984)",Drama,1984,3.793388429752066,121.0,0.9567075081749631,"Paris, Texas",1,Popular,1980
1306,Until the End of the World (Bis ans Ende der Welt) (1991),Drama|Sci-Fi,1991,3.6029411764705883,136.0,1.1436096962053541,Until the End of the World (Bis ans Ende der Welt),2,Popular,1990
1307,When Harry Met Sally... (1989),Comedy|Romance,1989,4.073341836734694,1568.0,0.881116397776031,When Harry Met Sally...,2,Blockbuster,1980
1308,I Shot a Man in Vegas (1995),Comedy,1995,,,,I Shot a Man in Vegas,1,,1990
1309,Parallel Sons (1995),Drama|Romance,1995,,,,Parallel Sons,2,,1990
1310,Hype! (1996),Documentary,1996,3.558139534883721,43.0,1.1609176497884142,Hype!,1,Moderate,1990
1311,Santa with Muscles (1996),Comedy,1996,1.0,7.0,0.0,Santa with Muscles,1,Niche,1990
1312,Female Perversions (1996),Drama,1996,3.2413793103448274,29.0,1.1543449723851775,Female Perversions,1,Moderate,1990
1313,Mad Dog Time (1996),Crime,1996,2.1538461538461537,13.0,1.3445044840729643,Mad Dog Time,1,Moderate,1990
1314,Breathing Room (1996),Romance,1996,,,,Breathing Room,1,,1990
1315,Paris Was a Woman (1995),Documentary,1995,2.3333333333333335,3.0,0.5773502691896257,Paris Was a Woman,1,Niche,1990
1316,Anna (1996),Drama,1996,4.0,1.0,,Anna,1,Niche,1990
1317,I'm Not Rappaport (1996),Comedy,1996,3.175,40.0,0.9306049865682221,I'm Not Rappaport,1,Moderate,1990
1318,Blue Juice (1995),Comedy|Drama,1995,,,,Blue Juice,2,,1990
1319,Kids of Survival (1993),Documentary,1993,,,,Kids of Survival,1,,1990
1320,Alien³ (1992),Action|Horror|Sci-Fi|Thriller,1992,3.037837837837838,925.0,1.0769503980324069,Alien³,4,Blockbuster,1990
1321,"American Werewolf in London, An (1981)",Horror,1981,3.7522768670309654,549.0,0.9744076002269008,"American Werewolf in London, An",1,Blockbuster,1980
1322,Amityville 1992: It's About Time (1992),Horror,1992,1.71875,32.0,0.8884337432408971,Amityville 1992: It's About Time,1,Moderate,1990
1323,Amityville 3-D (1983),Horror,1983,1.372093023255814,43.0,0.7245115206272393,Amityville 3-D,1,Moderate,1980
1324,Amityville: Dollhouse (1996),Horror,1996,1.6818181818181819,22.0,0.8387271329003274,Amityville: Dollhouse,1,Moderate,1990
1325,Amityville: A New Generation (1993),Horror,1993,1.6521739130434783,23.0,0.8316847989130756,Amityville: A New Generation,1,Moderate,1990
1326,Amityville II: The Possession (1982),Horror,1982,2.107142857142857,56.0,1.0562122966451468,Amityville II: The Possession,1,Popular,1980
1327,"Amityville Horror, The (1979)",Horror,1979,2.9380281690140846,355.0,1.0744025007731233,"Amityville Horror, The",1,Blockbuster,1970
1328,"Amityville Curse, The (1990)",Horror,1990,1.84,25.0,1.2476644848141933,"Amityville Curse, The",1,Moderate,1990
1329,Blood For Dracula (Andy Warhol's Dracula) (1974),Horror,1974,2.6666666666666665,36.0,1.3522468075656264,Blood For Dracula (Andy Warhol's Dracula),1,Moderate,1970
1330,April Fool's Day (1986),Comedy|Horror,1986,3.0,116.0,1.0954451150103321,April Fool's Day,2,Popular,1980
1331,Audrey Rose (1977),Horror,1977,3.18,50.0,1.119219844902908,Audrey Rose,1,Moderate,1970
1332,"Believers, The (1987)",Horror|Thriller,1987,2.911764705882353,102.0,1.0254478970835528,"Believers, The",2,Popular,1980
1333,"Birds, The (1963)",Horror,1963,3.882673942701228,733.0,0.920256229963863,"Birds, The",1,Blockbuster,1960
1334,"Blob, The (1958)",Horror|Sci-Fi,1958,3.136094674556213,338.0,1.0972580405845025,"Blob, The",2,Blockbuster,1950
1335,Blood Beach (1981),Action|Horror,1981,1.7142857142857142,21.0,0.9023778112773576,Blood Beach,2,Moderate,1980
1336,Body Parts (1991),Horror,1991,2.2363636363636363,55.0,1.0176886732641939,Body Parts,1,Popular,1990
1337,"Body Snatcher, The (1945)",Horror,1945,3.5625,64.0,1.0059347702036956,"Body Snatcher, The",1,Popular,1940
1339,Bram Stoker's Dracula (1992),Horror|Romance,1992,3.34375,672.0,1.084777305846084,Bram Stoker's Dracula,2,Blockbuster,1990
1340,Bride of Frankenstein (1935),Horror,1935,3.912037037037037,216.0,1.0550624443190912,Bride of Frankenstein,1,Blockbuster,1930
1341,Burnt Offerings (1976),Horror,1976,2.849056603773585,53.0,1.0264993989112545,Burnt Offerings,1,Popular,1970
1342,Candyman (1992),Horror,1992,2.904580152671756,262.0,1.0767741375791693,Candyman,1,Blockbuster,1990
1343,Cape Fear (1991),Thriller,1991,3.671033478893741,687.0,0.8203440633413848,Cape Fear,1,Blockbuster,1990
1344,Cape Fear (1962),Film-Noir|Thriller,1962,3.9224376731301938,361.0,0.8297058629546,Cape Fear,2,Blockbuster,1960
1345,Carrie (1976),Horror,1976,3.6049382716049383,567.0,0.9889014614324096,Carrie,1,Blockbuster,1970
1346,Cat People (1982),Horror,1982,3.1839080459770117,174.0,1.003217202056146,Cat People,1,Popular,1980
1347,"Nightmare on Elm Street, A (1984)",Horror,1984,3.4855875831485585,451.0,1.1894502178088322,"Nightmare on Elm Street, A",1,Blockbuster,1980
1348,"Nosferatu (Nosferatu, eine Symphonie des Grauens) (1922)",Horror,1922,3.991596638655462,238.0,1.0984899364175322,"Nosferatu (Nosferatu, eine Symphonie des Grauens)",1,Blockbuster,1920
1349,Nosferatu a Venezia (1986),Horror,1986,3.0714285714285716,14.0,1.7304639535412154,Nosferatu a Venezia,1,Moderate,1980
1350,"Omen, The (1976)",Horror,1976,3.6234718826405867,409.0,1.0595211065903394,"Omen, The",1,Blockbuster,1970
1351,Blood & Wine (1997),Drama,1997,3.4,35.0,0.9761870601839528,Blood & Wine,1,Moderate,1990
1352,Albino Alligator (1996),Crime|Thriller,1996,2.851063829787234,94.0,0.9385122842615893,Albino Alligator,2,Popular,1990
1353,"Mirror Has Two Faces, The (1996)",Comedy|Romance,1996,3.0851063829787235,188.0,1.157718339376216,"Mirror Has Two Faces, The",2,Popular,1990
1354,Breaking the Waves (1996),Drama,1996,3.8239700374531833,267.0,1.1963707521259792,Breaking the Waves,1,Blockbuster,1990
1355,Nightwatch (1997),Horror|Thriller,1997,2.961038961038961,77.0,1.2715671892916696,Nightwatch,2,Popular,1990
1356,Star Trek: First Contact (1996),Action|Adventure|Sci-Fi,1996,3.7091603053435116,1310.0,0.950328669909767,Star Trek: First Contact,3,Blockbuster,1990
1357,Shine (1996),Drama|Romance,1996,3.8065693430656933,548.0,0.9244755916178589,Shine,2,Blockbuster,1990
1358,Sling Blade (1996),Drama|Thriller,1996,4.208156329651657,1177.0,0.8611028066192042,Sling Blade,2,Blockbuster,1990
1359,Jingle All the Way (1996),Adventure|Children's|Comedy,1996,2.4774774774774775,222.0,1.0707704068549533,Jingle All the Way,3,Blockbuster,1990
1360,Identification of a Woman (Identificazione di una donna) (1982),Drama,1982,3.5,2.0,2.1213203435596424,Identification of a Woman (Identificazione di una donna),1,Niche,1980
1361,Paradise Lost: The Child Murders at Robin Hood Hills (1996),Documentary,1996,4.213836477987422,159.0,0.9831799343039387,Paradise Lost: The Child Murders at Robin Hood Hills,1,Popular,1990
1362,"Garden of Finzi-Contini, The (Giardino dei Finzi-Contini, Il) (1970)",Drama,1970,4.03,100.0,0.9893881386437219,"Garden of Finzi-Contini, The (Giardino dei Finzi-Contini, Il)",1,Popular,1970
1363,"Preacher's Wife, The (1996)",Drama,1996,2.9732142857142856,112.0,0.8643053913541263,"Preacher's Wife, The",1,Popular,1990
1364,Zero Kelvin (Kjærlighetens kjøtere) (1995),Action,1995,3.5,2.0,0.7071067811865476,Zero Kelvin (Kjærlighetens kjøtere),1,Niche,1990
1365,Ridicule (1996),Drama,1996,3.8448275862068964,58.0,0.9876735759141192,Ridicule,1,Popular,1990
1366,"Crucible, The (1996)",Drama,1996,3.185185185185185,108.0,1.0777975825438415,"Crucible, The",1,Popular,1990
1367,101 Dalmatians (1996),Children's|Comedy,1996,3.0467032967032965,364.0,1.0987170629656717,101 Dalmatians,2,Blockbuster,1990
1368,"Forbidden Christ, The (Cristo proibito, Il) (1950)",Drama,1950,,,,"Forbidden Christ, The (Cristo proibito, Il)",1,,1950
1369,I Can't Sleep (J'ai pas sommeil) (1994),Drama|Thriller,1994,3.8,5.0,1.0954451150103321,I Can't Sleep (J'ai pas sommeil),2,Niche,1990
1370,Die Hard 2 (1990),Action|Thriller,1990,3.541850220264317,1135.0,0.9464321354804356,Die Hard 2,2,Blockbuster,1990
1371,Star Trek: The Motion Picture (1979),Action|Adventure|Sci-Fi,1979,3.1363636363636362,792.0,1.0966405010125686,Star Trek: The Motion Picture,3,Blockbuster,1970
1372,Star Trek VI: The Undiscovered Country (1991),Action|Adventure|Sci-Fi,1991,3.4095904095904097,1001.0,1.0440631839443106,Star Trek VI: The Undiscovered Country,3,Blockbuster,1990
1373,Star Trek V: The Final Frontier (1989),Action|Adventure|Sci-Fi,1989,2.7487765089722673,613.0,1.152796813878227,Star Trek V: The Final Frontier,3,Blockbuster,1980
1374,Star Trek: The Wrath of Khan (1982),Action|Adventure|Sci-Fi,1982,3.880524861878453,1448.0,0.962435720613612,Star Trek: The Wrath of Khan,3,Blockbuster,1980
1375,Star Trek III: The Search for Spock (1984),Action|Adventure|Sci-Fi,1984,3.353829557713053,927.0,0.9071017532716297,Star Trek III: The Search for Spock,3,Blockbuster,1980
1376,Star Trek IV: The Voyage Home (1986),Action|Adventure|Sci-Fi,1986,3.6563055062166963,1126.0,1.0101662045451782,Star Trek IV: The Voyage Home,3,Blockbuster,1980
1377,Batman Returns (1992),Action|Adventure|Comedy|Crime,1992,2.9767216294859358,1031.0,0.9681537424585852,Batman Returns,4,Blockbuster,1990
1378,Young Guns (1988),Action|Comedy|Western,1988,3.4181494661921707,562.0,1.0174369912166414,Young Guns,3,Blockbuster,1980
1379,Young Guns II (1990),Action|Comedy|Western,1990,2.907859078590786,369.0,1.0719588031913196,Young Guns II,3,Blockbuster,1990
1380,Grease (1978),Comedy|Musical|Romance,1978,3.5777233782129745,817.0,1.1132637087192403,Grease,3,Blockbuster,1970
1381,Grease 2 (1982),Comedy|Musical|Romance,1982,1.9636963696369636,303.0,1.0651005923112344,Grease 2,3,Blockbuster,1980
1382,Marked for Death (1990),Action|Drama,1990,2.779527559055118,127.0,1.0758045038870574,Marked for Death,2,Popular,1990
1383,Adrenalin: Fear the Rush (1996),Action|Sci-Fi,1996,1.5454545454545454,11.0,0.8201995322647245,Adrenalin: Fear the Rush,2,Moderate,1990
1384,"Substance of Fire, The (1996)",Drama,1996,3.8333333333333335,6.0,0.752772652709081,"Substance of Fire, The",1,Niche,1990
1385,Under Siege (1992),Action,1992,3.2689804772234274,461.0,1.0327742512116862,Under Siege,1,Blockbuster,1990
1386,Terror in a Texas Town (1958),Western,1958,1.0,1.0,,Terror in a Texas Town,1,Niche,1950
1387,Jaws (1975),Action|Horror,1975,4.089569829110195,1697.0,0.94556605101126,Jaws,2,Blockbuster,1970
1388,Jaws 2 (1978),Action|Horror,1978,2.5891891891891894,370.0,0.9536078357951215,Jaws 2,2,Blockbuster,1970
1389,Jaws 3-D (1983),Action|Horror,1983,1.8523809523809525,210.0,0.9743696515272174,Jaws 3-D,2,Blockbuster,1980
1390,My Fellow Americans (1996),Comedy,1996,3.1983471074380163,121.0,0.9185117918925862,My Fellow Americans,1,Popular,1990
1391,Mars Attacks! (1996),Action|Comedy|Sci-Fi|War,1996,2.9003724394785846,1074.0,1.1856315343131256,Mars Attacks!,4,Blockbuster,1990
1392,Citizen Ruth (1996),Comedy|Drama,1996,3.73972602739726,219.0,0.8409376144421696,Citizen Ruth,2,Blockbuster,1990
1393,Jerry Maguire (1996),Drama|Romance,1996,3.7590539541759056,1353.0,0.9107557451985896,Jerry Maguire,2,Blockbuster,1990
1394,Raising Arizona (1987),Comedy,1987,4.02092050209205,1434.0,0.9874906290464023,Raising Arizona,1,Blockbuster,1980
1395,Tin Men (1987),Comedy|Drama,1987,3.3254237288135595,295.0,0.9596614376670726,Tin Men,2,Blockbuster,1980
1396,Sneakers (1992),Crime|Drama|Sci-Fi,1992,3.7277726856095326,1091.0,0.863186165100097,Sneakers,3,Blockbuster,1990
1397,Bastard Out of Carolina (1996),Drama,1996,3.6507936507936507,63.0,1.0497116371886899,Bastard Out of Carolina,1,Popular,1990
1398,In Love and War (1996),Romance|War,1996,3.1904761904761907,63.0,1.0295182534085454,In Love and War,2,Popular,1990
1399,Marvin's Room (1996),Drama,1996,3.201923076923077,104.0,0.9591643581107734,Marvin's Room,1,Popular,1990
1400,Somebody is Waiting (1996),Drama,1996,,,,Somebody is Waiting,1,,1990
1401,Ghosts of Mississippi (1996),Drama,1996,3.506172839506173,162.0,0.9341479897935686,Ghosts of Mississippi,1,Popular,1990
1404,Night Falls on Manhattan (1997),Crime|Drama,1997,3.1447368421052633,76.0,0.9757588140303396,Night Falls on Manhattan,2,Popular,1990
1405,Beavis and Butt-head Do America (1996),Animation|Comedy,1996,3.04,475.0,1.190893718222272,Beavis and Butt-head Do America,2,Blockbuster,1990
1406,"Cérémonie, La (1995)",Drama,1995,3.4583333333333335,24.0,1.141287094417552,"Cérémonie, La",1,Moderate,1990
1407,Scream (1996),Horror|Thriller,1996,3.5756207674943568,886.0,1.0352179325555606,Scream,2,Blockbuster,1990
1408,"Last of the Mohicans, The (1992)",Action|Romance|War,1992,3.8133333333333335,975.0,0.9655390056990719,"Last of the Mohicans, The",3,Blockbuster,1990
1409,Michael (1996),Comedy|Romance,1996,3.0535714285714284,392.0,1.0263472837217762,Michael,2,Blockbuster,1990
1410,"Evening Star, The (1996)",Comedy|Drama,1996,2.8666666666666667,90.0,1.113754657993513,"Evening Star, The",2,Popular,1990
1411,Hamlet (1996),Drama,1996,3.9581151832460733,382.0,0.9268945172000875,Hamlet,1,Blockbuster,1990
1412,Some Mother's Son (1996),Drama,1996,3.9,20.0,0.7880689256524123,Some Mother's Son,1,Moderate,1990
1413,"Whole Wide World, The (1996)",Drama,1996,3.38,50.0,1.0279760181432012,"Whole Wide World, The",1,Moderate,1990
1414,Mother (1996),Comedy,1996,3.5952380952380953,168.0,0.9171558173345472,Mother,1,Popular,1990
1415,"Thieves (Voleurs, Les) (1996)",Crime|Drama|Romance,1996,3.5555555555555554,36.0,1.0808579778370366,"Thieves (Voleurs, Les)",3,Moderate,1990
1416,Evita (1996),Drama|Musical,1996,3.25531914893617,282.0,1.253631055394044,Evita,2,Blockbuster,1990
1417,"Portrait of a Lady, The (1996)",Drama,1996,2.7674418604651163,43.0,1.151338957626657,"Portrait of a Lady, The",1,Moderate,1990
1419,Walkabout (1971),Drama,1971,3.963235294117647,136.0,0.9222202535611717,Walkabout,1,Popular,1970
1420,Message to Love: The Isle of Wight Festival (1996),Documentary,1996,4.0,7.0,1.7320508075688772,Message to Love: The Isle of Wight Festival,1,Niche,1990
1421,Grateful Dead (1995),Documentary,1995,3.0454545454545454,22.0,1.7037010895686493,Grateful Dead,1,Moderate,1990
1422,Murder at 1600 (1997),Mystery|Thriller,1997,3.0249110320284696,281.0,0.9000508374050735,Murder at 1600,2,Blockbuster,1990
1423,Hearts and Minds (1996),Drama,1996,4.357142857142857,14.0,0.9287827316640651,Hearts and Minds,1,Moderate,1990
1424,Inside (1996),Action,1996,,,,Inside,1,,1990
1425,Fierce Creatures (1997),Comedy,1997,3.2916666666666665,168.0,0.9748586058486665,Fierce Creatures,1,Popular,1990
1426,Zeus and Roxanne (1997),Children's,1997,2.5217391304347827,23.0,1.122884484360431,Zeus and Roxanne,1,Moderate,1990
1427,Turbulence (1997),Thriller,1997,2.2941176470588234,51.0,1.1008018467836764,Turbulence,1,Popular,1990
1428,Angel Baby (1995),Drama,1995,3.25,52.0,1.1694644324747674,Angel Baby,1,Popular,1990
1429,Jackie Chan's First Strike (1996),Action,1996,3.3063973063973062,297.0,0.998508761613912,Jackie Chan's First Strike,1,Blockbuster,1990
1430,Underworld (1997),Thriller,1997,1.0,1.0,,Underworld,1,Niche,1990
1431,Beverly Hills Ninja (1997),Action|Comedy,1997,2.5474137931034484,232.0,1.0516498031918777,Beverly Hills Ninja,2,Blockbuster,1990
1432,Metro (1997),Action,1997,2.77,100.0,1.013594463961666,Metro,1,Popular,1990
1433,"Machine, The (1994)",Comedy|Horror,1994,1.8,5.0,1.3038404810405297,"Machine, The",2,Niche,1990
1434,"Stranger, The (1994)",Action,1994,4.0,2.0,0.0,"Stranger, The",1,Niche,1990
1436,Falling in Love Again (1980),Comedy,1980,2.888888888888889,9.0,1.1666666666666667,Falling in Love Again,1,Niche,1980
1437,"Cement Garden, The (1993)",Drama,1993,3.0952380952380953,21.0,0.9436504599035549,"Cement Garden, The",1,Moderate,1990
1438,Dante's Peak (1997),Action|Thriller,1997,2.8161993769470404,321.0,1.0755169734246928,Dante's Peak,2,Blockbuster,1990
1439,Meet Wally Sparks (1997),Comedy,1997,2.347826086956522,46.0,1.1395396985790713,Meet Wally Sparks,1,Moderate,1990
1440,Amos & Andrew (1993),Comedy,1993,2.765432098765432,81.0,0.8407081083567531,Amos & Andrew,1,Popular,1990
1441,Benny & Joon (1993),Comedy|Romance,1993,3.444906444906445,481.0,0.8741543780396434,Benny & Joon,2,Blockbuster,1990
1442,Prefontaine (1997),Drama,1997,3.0985915492957745,71.0,0.847768997806508,Prefontaine,1,Popular,1990
1443,"Tickle in the Heart, A (1996)",Documentary,1996,,,,"Tickle in the Heart, A",1,,1990
1444,Guantanamera (1994),Comedy,1994,3.375,8.0,0.7440238091428449,Guantanamera,1,Niche,1990
1445,McHale's Navy (1997),Comedy|War,1997,2.173076923076923,156.0,1.1139204902329403,McHale's Navy,2,Popular,1990
1446,Kolya (1996),Comedy,1996,4.052910052910053,189.0,0.8298644450665634,Kolya,1,Popular,1990
1447,Gridlock'd (1997),Crime,1997,3.36734693877551,49.0,0.8340133280065235,Gridlock'd,1,Moderate,1990
1448,Fire on the Mountain (1996),Documentary,1996,,,,Fire on the Mountain,1,,1990
1449,Waiting for Guffman (1996),Comedy,1996,4.147186147186147,462.0,0.8762859679323303,Waiting for Guffman,1,Blockbuster,1990
1450,Prisoner of the Mountains (Kavkazsky Plennik) (1996),War,1996,3.7857142857142856,14.0,1.1217137594956024,Prisoner of the Mountains (Kavkazsky Plennik),1,Moderate,1990
1453,"Beautician and the Beast, The (1997)",Comedy|Romance,1997,2.4324324324324325,148.0,1.107563128602131,"Beautician and the Beast, The",2,Popular,1990
1454,SubUrbia (1997),Comedy,1997,3.158536585365854,82.0,1.1052010843808429,SubUrbia,1,Popular,1990
1455,Hotel de Love (1996),Comedy|Romance,1996,2.772727272727273,22.0,0.9725674505593151,Hotel de Love,2,Moderate,1990
1456,"Pest, The (1997)",Comedy,1997,2.359375,64.0,1.2262627116956784,"Pest, The",1,Popular,1990
1457,Fools Rush In (1997),Comedy|Romance,1997,3.1090225563909772,266.0,0.9024878525595742,Fools Rush In,2,Blockbuster,1990
1458,Touch (1997),Romance,1997,2.8333333333333335,24.0,1.1671841502435296,Touch,1,Moderate,1990
1459,Absolute Power (1997),Mystery|Thriller,1997,3.357894736842105,380.0,0.891659263501807,Absolute Power,2,Blockbuster,1990
1460,That Darn Cat! (1997),Children's|Comedy|Mystery,1997,2.6808510638297873,94.0,1.2375206391887816,That Darn Cat!,3,Popular,1990
1461,Vegas Vacation (1997),Comedy,1997,2.574074074074074,216.0,1.062718792389037,Vegas Vacation,1,Blockbuster,1990
1462,Unforgotten: Twenty-Five Years After Willowbrook (1996),Documentary,1996,,,,Unforgotten: Twenty-Five Years After Willowbrook,1,,1990
1463,That Old Feeling (1997),Comedy|Romance,1997,3.0294117647058822,34.0,1.0294244969928164,That Old Feeling,2,Moderate,1990
1464,Lost Highway (1997),Mystery,1997,3.3517241379310345,145.0,1.2220828900030938,Lost Highway,1,Popular,1990
1465,Rosewood (1997),Drama,1997,3.492063492063492,126.0,0.9359147973702029,Rosewood,1,Popular,1990
1466,Donnie Brasco (1997),Crime|Drama,1997,3.7955493741307373,719.0,0.780102269916041,Donnie Brasco,2,Blockbuster,1990
1467,Salut cousin! (1996),Comedy|Drama,1996,,,,Salut cousin!,2,,1990
1468,Booty Call (1997),Comedy|Romance,1997,2.5625,144.0,1.2776658678739405,Booty Call,2,Popular,1990
1470,Rhyme & Reason (1997),Documentary,1997,4.0,1.0,,Rhyme & Reason,1,Niche,1990
1471,Boys Life 2 (1997),Drama,1997,3.4,5.0,1.3416407864998738,Boys Life 2,1,Niche,1990
1472,City of Industry (1997),Crime|Thriller,1997,3.25,48.0,0.8121419014464812,City of Industry,2,Moderate,1990
1473,Best Men (1997),Action|Comedy|Crime|Drama,1997,2.825,40.0,1.0098870208452997,Best Men,4,Moderate,1990
1474,Jungle2Jungle (a.k.a. Jungle 2 Jungle) (1997),Children's|Comedy,1997,2.335616438356164,146.0,1.1281806975607258,Jungle2Jungle (a.k.a. Jungle 2 Jungle),2,Popular,1990
1475,Kama Sutra: A Tale of Love (1996),Romance,1996,3.1481481481481484,81.0,1.1303883305208782,Kama Sutra: A Tale of Love,1,Popular,1990
1476,Private Parts (1997),Comedy|Drama,1997,3.4869739478957915,499.0,0.9742315792472832,Private Parts,2,Blockbuster,1990
1477,Love Jones (1997),Romance,1997,3.4444444444444446,27.0,1.0860419786947368,Love Jones,1,Moderate,1990
1479,"Saint, The (1997)",Action|Romance|Thriller,1997,3.197158081705151,563.0,1.1041135096653314,"Saint, The",3,Blockbuster,1990
1480,Smilla's Sense of Snow (1997),Action|Drama|Thriller,1997,3.279245283018868,265.0,1.002526824731048,Smilla's Sense of Snow,3,Blockbuster,1990
1482,"Van, The (1996)",Comedy|Drama,1996,3.3333333333333335,63.0,0.842423539174232,"Van, The",2,Popular,1990
1483,Crash (1996),Drama|Thriller,1996,2.7588652482269502,141.0,1.3196358221648996,Crash,2,Popular,1990
1484,"Daytrippers, The (1996)",Mystery,1996,3.7016129032258065,124.0,1.0199620486298309,"Daytrippers, The",1,Popular,1990
1485,Liar Liar (1997),Comedy,1997,3.5,666.0,0.9114971572468961,Liar Liar,1,Blockbuster,1990
1486,"Quiet Room, The (1996)",Drama,1996,3.142857142857143,7.0,1.0690449676496976,"Quiet Room, The",1,Niche,1990
1487,Selena (1997),Drama|Musical,1997,3.067901234567901,162.0,1.0639580574199234,Selena,2,Popular,1990
1488,"Devil's Own, The (1997)",Action|Drama|Thriller|War,1997,2.857638888888889,288.0,0.9575724141692132,"Devil's Own, The",4,Blockbuster,1990
1489,Cats Don't Dance (1997),Animation|Children's|Musical,1997,2.5675675675675675,37.0,1.2142794054394874,Cats Don't Dance,3,Moderate,1990
1490,B*A*P*S (1997),Comedy,1997,1.8076923076923077,26.0,0.895286804068094,B*A*P*S,1,Moderate,1990
1493,Love and Other Catastrophes (1996),Romance,1996,3.2941176470588234,17.0,1.5315313367000094,Love and Other Catastrophes,1,Moderate,1990
1494,"Sixth Man, The (1997)",Comedy,1997,2.473684210526316,19.0,0.9048278567177281,"Sixth Man, The",1,Moderate,1990
1495,Turbo: A Power Rangers Movie (1997),Action|Adventure|Children's,1997,1.3181818181818181,44.0,0.6387752551864214,Turbo: A Power Rangers Movie,3,Moderate,1990
1496,Anna Karenina (1997),Drama|Romance,1997,3.16,25.0,1.0677078252031311,Anna Karenina,2,Moderate,1990
1497,Double Team (1997),Action,1997,2.0833333333333335,48.0,1.2519488354261221,Double Team,1,Moderate,1990
1498,Inventing the Abbotts (1997),Drama|Romance,1997,3.1374045801526718,131.0,0.9904416946193243,Inventing the Abbotts,2,Popular,1990
1499,Anaconda (1997),Action|Adventure|Thriller,1997,2.200501253132832,399.0,1.0393754161282112,Anaconda,3,Blockbuster,1990
1500,Grosse Pointe Blank (1997),Comedy|Crime,1997,3.813380281690141,1136.0,0.8797459683992929,Grosse Pointe Blank,2,Blockbuster,1990
1501,Keys to Tulsa (1997),Crime,1997,2.611111111111111,18.0,1.0921586228732252,Keys to Tulsa,1,Moderate,1990
1502,Kissed (1996),Romance,1996,3.076923076923077,13.0,1.255755978254962,Kissed,1,Moderate,1990
1503,8 Heads in a Duffel Bag (1997),Comedy,1997,2.317241379310345,145.0,1.0521370334536995,8 Heads in a Duffel Bag,1,Popular,1990
1504,Hollow Reed (1996),Drama,1996,3.5,16.0,0.8944271909999157,Hollow Reed,1,Moderate,1990
1507,Paradise Road (1997),Drama|War,1997,3.3333333333333335,42.0,0.9542374472273957,Paradise Road,2,Moderate,1990
1508,Traveller (1997),Drama,1997,3.3055555555555554,36.0,0.9803627446568495,Traveller,1,Moderate,1990
1509,All Over Me (1997),Drama,1997,3.6666666666666665,21.0,0.7302967433402214,All Over Me,1,Moderate,1990
1510,"Brother's Kiss, A (1997)",Drama,1997,2.5,2.0,0.7071067811865476,"Brother's Kiss, A",1,Niche,1990
1511,A Chef in Love (1996),Comedy,1996,3.5833333333333335,24.0,0.928611242975073,A Chef in Love,1,Moderate,1990
1513,Romy and Michele's High School Reunion (1997),Comedy,1997,3.0463576158940397,755.0,1.0205952672472403,Romy and Michele's High School Reunion,1,Blockbuster,1990
1514,Temptress Moon (Feng Yue) (1996),Romance,1996,2.7142857142857144,7.0,0.7559289460184544,Temptress Moon (Feng Yue),1,Niche,1990
1515,Volcano (1997),Drama|Thriller,1997,2.5580110497237567,181.0,1.0182798239566693,Volcano,2,Popular,1990
1516,Children of the Revolution (1996),Comedy,1996,3.6538461538461537,52.0,0.9678076170967076,Children of the Revolution,1,Popular,1990
1517,Austin Powers: International Man of Mystery (1997),Comedy,1997,3.7103734439834026,1205.0,1.0867368372550068,Austin Powers: International Man of Mystery,1,Blockbuster,1990
1518,Breakdown (1997),Action|Thriller,1997,3.42090395480226,354.0,0.9192392943448411,Breakdown,2,Blockbuster,1990
1519,Broken English (1996),Drama,1996,3.3333333333333335,6.0,1.0327955589886444,Broken English,1,Niche,1990
1520,Commandments (1997),Romance,1997,2.466666666666667,15.0,0.990430401872025,Commandments,1,Moderate,1990
1522,Ripe (1996),Drama,1996,2.4285714285714284,7.0,0.9759000729485331,Ripe,1,Niche,1990
1523,"Truth or Consequences, N.M. (1997)",Action|Crime|Romance,1997,2.6315789473684212,57.0,1.0795432060990364,"Truth or Consequences, N.M.",3,Popular,1990
1524,"Turning, The (1992)",Drama,1992,,,,"Turning, The",1,,1990
1525,Warriors of Virtue (1997),Action|Adventure|Children's|Fantasy,1997,2.090909090909091,44.0,1.0743993847983013,Warriors of Virtue,4,Moderate,1990
1526,Fathers' Day (1997),Comedy,1997,2.465909090909091,88.0,0.9936449056564902,Fathers' Day,1,Popular,1990
1527,"Fifth Element, The (1997)",Action|Sci-Fi,1997,3.6405228758169934,1377.0,1.090077746697019,"Fifth Element, The",2,Blockbuster,1990
1528,Intimate Relations (1996),Comedy,1996,2.0,2.0,1.4142135623730951,Intimate Relations,1,Niche,1990
1529,Nowhere (1997),Drama,1997,3.225806451612903,31.0,1.2030427373776003,Nowhere,1,Moderate,1990
1531,Losing Chase (1996),Drama,1996,3.6363636363636362,11.0,0.8090398349558905,Losing Chase,1,Moderate,1990
1532,Sprung (1997),Comedy,1997,2.6666666666666665,6.0,0.816496580927726,Sprung,1,Niche,1990
1533,"Promise, The (La Promesse) (1996)",Drama,1996,3.875,24.0,0.6796738348201514,"Promise, The (La Promesse)",1,Moderate,1990
1534,"Bonheur, Le (1965)",Drama,1965,3.6666666666666665,6.0,1.3662601021279464,"Bonheur, Le",1,Niche,1960
1535,Love! Valour! Compassion! (1997),Drama|Romance,1997,3.4854368932038833,103.0,1.1102382509712343,Love! Valour! Compassion!,2,Popular,1990
1537,Shall We Dance? (Shall We Dansu?) (1996),Comedy,1996,4.137142857142857,350.0,0.796513072139582,Shall We Dance? (Shall We Dansu?),1,Blockbuster,1990
1538,"Second Jungle Book: Mowgli & Baloo, The (1997)",Adventure|Children's,1997,1.6666666666666667,6.0,1.0327955589886444,"Second Jungle Book: Mowgli & Baloo, The",2,Niche,1990
1539,Twin Town (1997),Comedy|Crime,1997,2.8181818181818183,11.0,1.1677484162422846,Twin Town,2,Moderate,1990
1541,Addicted to Love (1997),Comedy|Romance,1997,3.1,240.0,0.9319974500297331,Addicted to Love,2,Blockbuster,1990
1542,Brassed Off (1996),Comedy|Drama|Romance,1996,3.542016806722689,238.0,0.8740994930595574,Brassed Off,3,Blockbuster,1990
1543,"Designated Mourner, The (1997)",Drama,1997,3.2857142857142856,7.0,1.3801311186847085,"Designated Mourner, The",1,Niche,1990
1544,"Lost World: Jurassic Park, The (1997)",Action|Adventure|Sci-Fi|Thriller,1997,3.036653386454183,1255.0,1.0835562073120124,"Lost World: Jurassic Park, The",4,Blockbuster,1990
1545,Ponette (1996),Drama,1996,4.068493150684931,73.0,0.9906334550748557,Ponette,1,Popular,1990
1546,Schizopolis (1996),Comedy,1996,3.816326530612245,49.0,1.2694071678634593,Schizopolis,1,Moderate,1990
1547,Shiloh (1997),Children's|Drama,1997,3.324324324324324,37.0,0.9733691218892487,Shiloh,2,Moderate,1990
1548,"War at Home, The (1996)",Drama,1996,2.5,2.0,0.7071067811865476,"War at Home, The",1,Niche,1990
1549,Rough Magic (1995),Drama|Romance,1995,2.6842105263157894,19.0,1.1572300058975775,Rough Magic,2,Moderate,1990
1550,Trial and Error (1997),Comedy|Romance,1997,2.704225352112676,71.0,1.0056180217328063,Trial and Error,2,Popular,1990
1551,Buddy (1997),Adventure|Children's|Drama,1997,2.8333333333333335,36.0,1.1084094137869043,Buddy,3,Moderate,1990
1552,Con Air (1997),Action|Adventure|Thriller,1997,3.2662473794549265,954.0,1.0276212436380086,Con Air,3,Blockbuster,1990
1553,Late Bloomers (1996),Comedy,1996,2.75,4.0,1.5,Late Bloomers,1,Niche,1990
1554,"Pillow Book, The (1995)",Drama|Romance,1995,3.4782608695652173,138.0,1.1412465415836366,"Pillow Book, The",2,Popular,1990
1555,"To Have, or Not (1995)",Drama,1995,3.0,2.0,1.4142135623730951,"To Have, or Not",1,Niche,1990
1556,Speed 2: Cruise Control (1997),Action|Romance|Thriller,1997,1.8719346049046321,367.0,0.8885749111701149,Speed 2: Cruise Control,3,Blockbuster,1990
1557,Squeeze (1996),Drama,1996,,,,Squeeze,1,,1990
1558,Sudden Manhattan (1996),Comedy,1996,1.5,2.0,0.7071067811865476,Sudden Manhattan,1,Niche,1990
1559,"Next Step, The (1995)",Drama,1995,,,,"Next Step, The",1,,1990
1561,Wedding Bell Blues (1996),Comedy,1996,3.25,4.0,0.5,Wedding Bell Blues,1,Niche,1990
1562,Batman & Robin (1997),Action|Adventure|Crime,1997,2.257425742574257,606.0,1.1103134723461718,Batman & Robin,3,Blockbuster,1990
1563,Dream With the Fishes (1997),Drama,1997,3.6,40.0,1.0573309405993558,Dream With the Fishes,1,Moderate,1990
1564,Roseanna's Grave (For Roseanna) (1997),Comedy|Romance,1997,3.8333333333333335,36.0,1.0000000000000002,Roseanna's Grave (For Roseanna),2,Moderate,1990
1565,Head Above Water (1996),Comedy|Thriller,1996,3.0,17.0,1.224744871391589,Head Above Water,2,Moderate,1990
1566,Hercules (1997),Adventure|Animation|Children's|Comedy|Musical,1997,3.279317697228145,469.0,1.0765660245721407,Hercules,5,Blockbuster,1990
1567,"Last Time I Committed Suicide, The (1997)",Drama,1997,3.4444444444444446,9.0,1.2360330811826103,"Last Time I Committed Suicide, The",1,Niche,1990
1568,MURDER and murder (1996),Crime|Drama|Mystery,1996,,,,MURDER and murder,3,,1990
1569,My Best Friend's Wedding (1997),Comedy|Romance,1997,3.428048780487805,820.0,0.9713571174558878,My Best Friend's Wedding,2,Blockbuster,1990
1570,Tetsuo II: Body Hammer (1992),Sci-Fi,1992,3.3043478260869565,23.0,1.329209697140497,Tetsuo II: Body Hammer,1,Moderate,1990
1571,When the Cats Away (Chacun cherche son chat) (1996),Comedy|Romance,1996,3.9555555555555557,45.0,0.9034166348709859,When the Cats Away (Chacun cherche son chat),2,Moderate,1990
1572,Contempt (Le Mépris) (1963),Drama,1963,3.730769230769231,26.0,1.0023050357128735,Contempt (Le Mépris),1,Moderate,1960
1573,Face/Off (1997),Action|Sci-Fi|Thriller,1997,3.4011259676284307,1421.0,1.1362646359248252,Face/Off,3,Blockbuster,1990
1574,Fall (1997),Romance,1997,2.8666666666666667,15.0,1.2459458063579458,Fall,1,Moderate,1990
1575,Gabbeh (1996),Drama,1996,3.142857142857143,14.0,1.3506205330054124,Gabbeh,1,Moderate,1990
1577,Mondo (1996),Drama,1996,,,,Mondo,1,,1990
1578,"Innocent Sleep, The (1995)",Crime,1995,,,,"Innocent Sleep, The",1,,1990
1579,For Ever Mozart (1996),Drama,1996,3.0,1.0,,For Ever Mozart,1,Niche,1990
1580,Men in Black (1997),Action|Adventure|Comedy|Sci-Fi,1997,3.739952718676123,2538.0,0.9317186501374177,Men in Black,4,Blockbuster,1990
1581,Out to Sea (1997),Comedy,1997,2.847457627118644,59.0,1.1266912088368022,Out to Sea,1,Popular,1990
1582,Wild America (1997),Adventure|Children's,1997,3.1666666666666665,60.0,1.0761933331866909,Wild America,2,Popular,1990
1583,"Simple Wish, A (1997)",Children's|Fantasy,1997,2.7777777777777777,27.0,1.0127393670836666,"Simple Wish, A",2,Moderate,1990
1584,Contact (1997),Drama|Sci-Fi,1997,3.768451519536903,1382.0,1.0082586153235817,Contact,2,Blockbuster,1990
1585,Love Serenade (1996),Comedy,1996,3.2142857142857144,28.0,1.4995590180707288,Love Serenade,1,Moderate,1990
1586,G.I. Jane (1997),Action|Drama|War,1997,3.0520646319569122,557.0,1.0956832611502454,G.I. Jane,3,Blockbuster,1990
1587,Conan the Barbarian (1982),Action|Adventure,1982,3.4213286713286712,572.0,1.0632038537802389,Conan the Barbarian,2,Blockbuster,1980
1588,George of the Jungle (1997),Children's|Comedy,1997,3.083044982698962,289.0,1.1086887281316595,George of the Jungle,2,Blockbuster,1990
1589,Cop Land (1997),Crime|Drama|Mystery,1997,3.3597560975609757,492.0,0.9152734010332183,Cop Land,3,Blockbuster,1990
1590,Event Horizon (1997),Action|Mystery|Sci-Fi|Thriller,1997,2.5180722891566263,498.0,1.089863068390811,Event Horizon,4,Blockbuster,1990
1591,Spawn (1997),Action|Adventure|Sci-Fi|Thriller,1997,2.6210526315789475,475.0,1.1021550367675927,Spawn,4,Blockbuster,1990
1592,Air Bud (1997),Children's|Comedy,1997,2.4910714285714284,112.0,1.1854640305909614,Air Bud,2,Popular,1990
1593,Picture Perfect (1997),Comedy|Romance,1997,2.8641975308641974,162.0,0.8451996187421144,Picture Perfect,2,Popular,1990
1594,In the Company of Men (1997),Drama,1997,3.778501628664495,307.0,1.049335474044808,In the Company of Men,1,Blockbuster,1990
1595,Free Willy 3: The Rescue (1997),Adventure|Children's|Drama,1997,1.7384615384615385,65.0,0.9232571939356043,Free Willy 3: The Rescue,3,Popular,1990
1596,Career Girls (1997),Drama,1997,3.46875,32.0,0.9498514315067824,Career Girls,1,Moderate,1990
1597,Conspiracy Theory (1997),Action|Mystery|Romance|Thriller,1997,3.405672009864365,811.0,0.9555128599987504,Conspiracy Theory,4,Blockbuster,1990
1598,Desperate Measures (1998),Crime|Drama|Thriller,1998,2.7117117117117115,111.0,0.9379609159078429,Desperate Measures,3,Popular,1990
1599,Steel (1997),Action,1997,1.6417910447761195,67.0,0.9954668850908744,Steel,1,Popular,1990
1600,She's So Lovely (1997),Drama|Romance,1997,2.869047619047619,84.0,1.050298430392919,She's So Lovely,2,Popular,1990
1601,Hoodlum (1997),Crime|Drama|Film-Noir,1997,2.72,75.0,1.085033316215358,Hoodlum,3,Popular,1990
1602,Leave It to Beaver (1997),Comedy,1997,2.116279069767442,43.0,1.1171669595471736,Leave It to Beaver,1,Moderate,1990
1603,Mimic (1997),Sci-Fi|Thriller,1997,2.925287356321839,348.0,0.9573881847028154,Mimic,2,Blockbuster,1990
1604,Money Talks (1997),Action|Comedy,1997,2.753846153846154,65.0,1.1184639191594596,Money Talks,2,Popular,1990
1605,Excess Baggage (1997),Adventure|Romance,1997,2.659090909090909,88.0,1.0270632571410971,Excess Baggage,2,Popular,1990
1606,Kull the Conqueror (1997),Action|Adventure,1997,2.3394495412844036,109.0,1.115714216413917,Kull the Conqueror,2,Popular,1990
1608,Air Force One (1997),Action|Thriller,1997,3.5882899628252787,1076.0,0.9413560004399381,Air Force One,2,Blockbuster,1990
1609,187 (1997),Drama,1997,2.7454545454545456,55.0,1.057918673240963,187,1,Popular,1990
1610,"Hunt for Red October, The (1990)",Action|Thriller,1990,4.052058111380146,1652.0,0.8249306644216554,"Hunt for Red October, The",2,Blockbuster,1990
1611,My Own Private Idaho (1991),Drama,1991,3.3516949152542375,236.0,1.1066709173431746,My Own Private Idaho,1,Blockbuster,1990
1612,"Kiss Me, Guido (1997)",Comedy,1997,3.327272727272727,55.0,0.924051975741654,"Kiss Me, Guido",1,Popular,1990
1613,Star Maps (1997),Drama,1997,2.9,30.0,1.0938700673013826,Star Maps,1,Moderate,1990
1614,In & Out (1997),Comedy,1997,3.2803738317757007,428.0,1.008575804123104,In & Out,1,Blockbuster,1990
1615,"Edge, The (1997)",Adventure|Thriller,1997,3.6211453744493394,227.0,0.9440510106086241,"Edge, The",2,Blockbuster,1990
1616,"Peacemaker, The (1997)",Action|Thriller|War,1997,3.0936708860759494,395.0,0.9418824670649947,"Peacemaker, The",3,Blockbuster,1990
1617,L.A. Confidential (1997),Crime|Film-Noir|Mystery|Thriller,1997,4.219405594405594,2288.0,0.8441932088425477,L.A. Confidential,4,Blockbuster,1990
1619,Seven Years in Tibet (1997),Drama|War,1997,3.4281767955801103,362.0,0.9627876721379061,Seven Years in Tibet,2,Blockbuster,1990
1620,Kiss the Girls (1997),Crime|Drama|Thriller,1997,3.3367088607594937,395.0,0.9561684874770398,Kiss the Girls,3,Blockbuster,1990
1621,Soul Food (1997),Drama,1997,3.2823529411764705,85.0,0.8537280249682838,Soul Food,1,Popular,1990
1622,Kicked in the Head (1997),Comedy|Drama,1997,2.4,5.0,0.5477225575051661,Kicked in the Head,2,Niche,1990
1623,Wishmaster (1997),Horror,1997,2.2109375,128.0,1.0696407797189653,Wishmaster,1,Popular,1990
1624,"Thousand Acres, A (1997)",Drama,1997,2.72,50.0,1.0887176504718656,"Thousand Acres, A",1,Moderate,1990
1625,"Game, The (1997)",Mystery|Thriller,1997,3.9138321995464853,882.0,0.8973736728369878,"Game, The",2,Blockbuster,1990
1626,Fire Down Below (1997),Action|Drama|Thriller,1997,2.5185185185185186,81.0,1.1522924011629072,Fire Down Below,3,Popular,1990
1627,U Turn (1997),Action|Crime|Mystery,1997,3.076,250.0,1.1469463561017577,U Turn,3,Blockbuster,1990
1628,"Locusts, The (1997)",Drama,1997,,,,"Locusts, The",1,,1990
1629,"MatchMaker, The (1997)",Comedy|Romance,1997,3.018348623853211,109.0,0.9126847999187444,"MatchMaker, The",2,Popular,1990
1630,"Lay of the Land, The (1997)",Comedy|Drama,1997,2.0,1.0,,"Lay of the Land, The",2,Niche,1990
1631,"Assignment, The (1997)",Thriller,1997,3.5918367346938775,49.0,0.9110060223670946,"Assignment, The",1,Moderate,1990
1632,"Smile Like Yours, A (1997)",Comedy|Romance,1997,2.45,20.0,0.998683343734455,"Smile Like Yours, A",2,Moderate,1990
1633,Ulee's Gold (1997),Drama,1997,3.661654135338346,266.0,0.8892415088480217,Ulee's Gold,1,Blockbuster,1990
1635,"Ice Storm, The (1997)",Drama,1997,3.8007889546351086,507.0,1.0262172800945788,"Ice Storm, The",1,Blockbuster,1990
1636,Stag (1997),Action|Thriller,1997,2.4,5.0,1.140175425099138,Stag,2,Niche,1990
1639,Chasing Amy (1997),Drama|Romance,1997,3.7784679089026914,966.0,1.0131734030090556,Chasing Amy,2,Blockbuster,1990
1640,How to Be a Player (1997),Comedy,1997,2.5357142857142856,84.0,1.1454091558265502,How to Be a Player,1,Popular,1990
1641,"Full Monty, The (1997)",Comedy,1997,3.872393661384487,1199.0,0.95100168182005,"Full Monty, The",1,Blockbuster,1990
1642,Indian Summer (a.k.a. Alive & Kicking) (1996),Comedy|Drama,1996,3.054054054054054,74.0,1.0322457482156886,Indian Summer (a.k.a. Alive & Kicking),2,Popular,1990
1643,"Mrs. Brown (Her Majesty, Mrs. Brown) (1997)",Drama|Romance,1997,3.8754716981132074,265.0,0.8323264357194745,"Mrs. Brown (Her Majesty, Mrs. Brown)",2,Blockbuster,1990
1644,I Know What You Did Last Summer (1997),Horror|Mystery|Thriller,1997,2.6315789473684212,475.0,1.146013375918318,I Know What You Did Last Summer,3,Blockbuster,1990
1645,"Devil's Advocate, The (1997)",Crime|Horror|Mystery|Thriller,1997,3.4358353510895885,826.0,1.0520394471275407,"Devil's Advocate, The",4,Blockbuster,1990
1646,Rocket Man (1997),Comedy,1997,2.8181818181818183,88.0,1.1401296008752946,Rocket Man,1,Popular,1990
1647,Playing God (1997),Crime|Thriller,1997,2.8777777777777778,90.0,0.9460476955192342,Playing God,2,Popular,1990
1648,"House of Yes, The (1997)",Comedy|Drama|Thriller,1997,3.4742268041237114,194.0,1.073397429453606,"House of Yes, The",3,Popular,1990
1649,"Fast, Cheap & Out of Control (1997)",Documentary,1997,3.8518518518518516,189.0,1.0863070660569087,"Fast, Cheap & Out of Control",1,Popular,1990
1650,Washington Square (1997),Drama,1997,3.34,50.0,0.9816687167205415,Washington Square,1,Moderate,1990
1651,Telling Lies in America (1997),Drama,1997,2.8823529411764706,17.0,1.1663164740528442,Telling Lies in America,1,Moderate,1990
1652,Year of the Horse (1997),Documentary,1997,3.25,4.0,1.2583057392117916,Year of the Horse,1,Niche,1990
1653,Gattaca (1997),Drama|Sci-Fi|Thriller,1997,3.711234911792015,1077.0,0.9968323704067871,Gattaca,3,Blockbuster,1990
1654,FairyTale: A True Story (1997),Children's|Drama|Fantasy,1997,3.310344827586207,87.0,1.296779058368439,FairyTale: A True Story,3,Popular,1990
1655,Phantoms (1998),Horror,1998,2.4285714285714284,77.0,1.1857550495755795,Phantoms,1,Popular,1990
1656,Swept from the Sea (1997),Romance,1997,3.2142857142857144,14.0,0.9749612559222293,Swept from the Sea,1,Moderate,1990
1657,Wonderland (1997),Documentary,1997,3.5,20.0,1.0,Wonderland,1,Moderate,1990
1658,"Life Less Ordinary, A (1997)",Romance|Thriller,1997,3.1724137931034484,116.0,1.0572800383343433,"Life Less Ordinary, A",2,Popular,1990
1659,Hurricane Streets (1998),Drama,1998,2.857142857142857,7.0,1.5735915849388864,Hurricane Streets,1,Niche,1990
1660,Eve's Bayou (1997),Drama,1997,3.569832402234637,179.0,0.8801081872084747,Eve's Bayou,1,Popular,1990
1661,Switchback (1997),Thriller,1997,3.1931818181818183,88.0,0.8557843017722835,Switchback,1,Popular,1990
1662,Gang Related (1997),Crime,1997,2.65,20.0,1.3088765773505315,Gang Related,1,Moderate,1990
1663,Stripes (1981),Comedy,1981,3.8391891891891894,740.0,0.8994536858759755,Stripes,1,Blockbuster,1980
1664,Nénette et Boni (1996),Drama,1996,4.2,5.0,0.8366600265340757,Nénette et Boni,1,Niche,1990
1665,Bean (1997),Comedy,1997,2.685,200.0,1.1411776514464362,Bean,1,Popular,1990
1666,Hugo Pool (1997),Romance,1997,2.6,20.0,1.187655806953123,Hugo Pool,1,Moderate,1990
1667,Mad City (1997),Action|Drama,1997,2.7787610619469025,113.0,1.0241243060217722,Mad City,2,Popular,1990
1668,One Night Stand (1997),Drama,1997,2.5384615384615383,39.0,0.9959431881428263,One Night Stand,1,Moderate,1990
1669,"Tango Lesson, The (1997)",Romance,1997,3.4594594594594597,37.0,1.2603922360077393,"Tango Lesson, The",1,Moderate,1990
1670,Welcome To Sarajevo (1997),Drama|War,1997,3.5,82.0,1.1027462911821782,Welcome To Sarajevo,2,Popular,1990
1671,Deceiver (1997),Crime,1997,3.1818181818181817,22.0,1.0527227119356304,Deceiver,1,Moderate,1990
1672,"Rainmaker, The (1997)",Drama,1997,3.5700934579439254,321.0,0.8113894279187508,"Rainmaker, The",1,Blockbuster,1990
1673,Boogie Nights (1997),Drama,1997,3.769503546099291,1128.0,1.0498112907643642,Boogie Nights,1,Blockbuster,1990
1674,Witness (1985),Drama|Romance|Thriller,1985,3.9961759082217974,1046.0,0.7959134282663088,Witness,3,Blockbuster,1980
1675,Incognito (1997),Crime|Thriller,1997,3.090909090909091,11.0,0.8312094145936335,Incognito,2,Moderate,1990
1676,Starship Troopers (1997),Action|Adventure|Sci-Fi|War,1997,3.1332760103181427,1163.0,1.2032451167638634,Starship Troopers,4,Blockbuster,1990
1677,Critical Care (1997),Comedy,1997,2.7567567567567566,37.0,1.038305387676515,Critical Care,1,Moderate,1990
1678,"Joy Luck Club, The (1993)",Drama,1993,3.829113924050633,474.0,0.9503067579154367,"Joy Luck Club, The",1,Blockbuster,1990
1679,Chairman of the Board (1998),Comedy,1998,1.9583333333333333,24.0,0.999093792292346,Chairman of the Board,1,Moderate,1990
1680,Sliding Doors (1998),Drama|Romance,1998,3.790948275862069,464.0,0.9326359943551304,Sliding Doors,2,Blockbuster,1990
1681,Mortal Kombat: Annihilation (1997),Action|Adventure,1997,2.1791044776119404,134.0,1.0957933663717403,Mortal Kombat: Annihilation,2,Popular,1990
1682,"Truman Show, The (1998)",Drama,1998,3.861691542288557,1005.0,0.8835454228962004,"Truman Show, The",1,Blockbuster,1990
1683,"Wings of the Dove, The (1997)",Drama|Romance|Thriller,1997,3.761467889908257,218.0,0.8682742305960637,"Wings of the Dove, The",3,Blockbuster,1990
1684,Mrs. Dalloway (1997),Romance,1997,3.7241379310344827,58.0,0.9513260080664854,Mrs. Dalloway,1,Popular,1990
1685,"I Love You, I Love You Not (1996)",Romance,1996,3.5,6.0,0.8366600265340756,"I Love You, I Love You Not",1,Niche,1990
1686,Red Corner (1997),Crime|Thriller,1997,3.1559633027522938,109.0,0.9247052776386078,Red Corner,2,Popular,1990
1687,"Jackal, The (1997)",Action|Thriller,1997,3.077151335311573,337.0,0.9910222975752694,"Jackal, The",2,Blockbuster,1990
1688,Anastasia (1997),Animation|Children's|Musical,1997,3.5032894736842106,304.0,0.988375856352321,Anastasia,3,Blockbuster,1990
1689,"Man Who Knew Too Little, The (1997)",Comedy|Mystery,1997,3.1547619047619047,252.0,1.1343325357453786,"Man Who Knew Too Little, The",2,Blockbuster,1990
1690,Alien: Resurrection (1997),Action|Horror|Sci-Fi,1997,2.958921694480103,779.0,1.0807294821807674,Alien: Resurrection,3,Blockbuster,1990
1692,Alien Escape (1995),Horror|Sci-Fi,1995,2.55,20.0,1.3562719801759995,Alien Escape,2,Moderate,1990
1693,Amistad (1997),Drama,1997,3.717948717948718,351.0,0.9577904976364284,Amistad,1,Blockbuster,1990
1694,"Apostle, The (1997)",Drama,1997,3.7261146496815285,471.0,1.0372516773409588,"Apostle, The",1,Blockbuster,1990
1695,Artemisia (1997),Drama,1997,3.6875,32.0,0.9310937030562326,Artemisia,1,Moderate,1990
1696,Bent (1997),Drama|War,1997,3.5714285714285716,28.0,1.1362241376617954,Bent,2,Moderate,1990
1697,"Big Bang Theory, The (1994)",Crime,1994,,,,"Big Bang Theory, The",1,,1990
1698,"Boys, Les (1997)",Comedy,1997,,,,"Boys, Les",1,,1990
1699,"Butcher Boy, The (1998)",Drama,1998,3.503225806451613,155.0,1.1245443149173,"Butcher Boy, The",1,Popular,1990
1701,Deconstructing Harry (1997),Comedy|Drama,1997,3.415492957746479,284.0,1.0380939161505658,Deconstructing Harry,2,Blockbuster,1990
1702,Flubber (1997),Children's|Comedy|Fantasy,1997,2.552980132450331,302.0,1.073158343474416,Flubber,3,Blockbuster,1990
1703,For Richer or Poorer (1997),Comedy,1997,2.935483870967742,62.0,1.1716734248457152,For Richer or Poorer,1,Popular,1990
1704,Good Will Hunting (1997),Drama,1997,4.176356589147287,1548.0,0.8319938323181119,Good Will Hunting,1,Blockbuster,1990
1705,Guy (1996),Drama,1996,,,,Guy,1,,1990
1706,Harlem River Drive (1996),Drama,1996,,,,Harlem River Drive,1,,1990
1707,Home Alone 3 (1997),Children's|Comedy,1997,1.8766233766233766,154.0,1.1621926655543229,Home Alone 3,2,Popular,1990
1708,Ill Gotten Gains (1997),Drama,1997,,,,Ill Gotten Gains,1,,1990
1709,Legal Deceit (1997),Thriller,1997,2.0,1.0,,Legal Deceit,1,Niche,1990
1710,Man of Her Dreams (1996),Drama,1996,,,,Man of Her Dreams,1,,1990
1711,Midnight in the Garden of Good and Evil (1997),Comedy|Crime|Drama|Mystery,1997,3.2531847133757963,628.0,1.0465585971392188,Midnight in the Garden of Good and Evil,4,Blockbuster,1990
1713,Mouse Hunt (1997),Children's|Comedy,1997,3.0432900432900434,231.0,1.0623335666416065,Mouse Hunt,2,Blockbuster,1990
1714,Never Met Picasso (1996),Romance,1996,2.0,1.0,,Never Met Picasso,1,Niche,1990
1715,Office Killer (1997),Thriller,1997,3.0,13.0,1.2909944487358058,Office Killer,1,Moderate,1990
1716,"Other Voices, Other Rooms (1997)",Drama,1997,,,,"Other Voices, Other Rooms",1,,1990
1717,Scream 2 (1997),Horror|Thriller,1997,2.975824175824176,455.0,1.1153060719892116,Scream 2,2,Blockbuster,1990
1718,Stranger in the House (1997),Thriller,1997,2.5714285714285716,7.0,0.9759000729485331,Stranger in the House,1,Niche,1990
1719,"Sweet Hereafter, The (1997)",Drama,1997,4.044619422572178,381.0,0.9035623501281685,"Sweet Hereafter, The",1,Blockbuster,1990
1720,Time Tracers (1995),Action|Adventure|Sci-Fi,1995,1.2857142857142858,7.0,0.48795003647426655,Time Tracers,3,Niche,1990
1721,Titanic (1997),Drama|Romance,1997,3.5834411384217333,1546.0,1.167448492490018,Titanic,2,Blockbuster,1990
1722,Tomorrow Never Dies (1997),Action|Romance|Thriller,1997,3.4419953596287702,862.0,0.8942971779487806,Tomorrow Never Dies,3,Blockbuster,1990
1723,Twisted (1996),Comedy|Drama,1996,,,,Twisted,2,,1990
1724,Full Speed (1996),Drama,1996,3.0,1.0,,Full Speed,1,Niche,1990
1725,"Education of Little Tree, The (1997)",Drama,1997,3.739130434782609,23.0,1.2869057782967015,"Education of Little Tree, The",1,Moderate,1990
1726,"Postman, The (1997)",Drama,1997,2.7737226277372264,137.0,1.289052894056484,"Postman, The",1,Popular,1990
1727,"Horse Whisperer, The (1998)",Drama,1998,3.2285714285714286,210.0,1.046819222838485,"Horse Whisperer, The",1,Blockbuster,1990
1728,"Winter Guest, The (1997)",Drama,1997,3.3181818181818183,22.0,1.1291110551632089,"Winter Guest, The",1,Moderate,1990
1729,Jackie Brown (1997),Crime|Drama,1997,3.6892265193370166,724.0,0.9102732911186437,Jackie Brown,2,Blockbuster,1990
1730,Kundun (1997),Drama,1997,3.727272727272727,176.0,0.8780142885563372,Kundun,1,Popular,1990
1731,Mr. Magoo (1997),Comedy,1997,1.875,64.0,1.0764432909959347,Mr. Magoo,1,Popular,1990
1732,"Big Lebowski, The (1998)",Comedy|Crime|Mystery|Thriller,1998,3.7383773928896993,1097.0,1.1048641260384464,"Big Lebowski, The",4,Blockbuster,1990
1733,Afterglow (1997),Drama|Romance,1997,3.1097560975609757,82.0,0.8749758029948932,Afterglow,2,Popular,1990
1734,My Life in Pink (Ma vie en rose) (1997),Comedy|Drama,1997,3.825870646766169,201.0,1.0744893499630788,My Life in Pink (Ma vie en rose),2,Blockbuster,1990
1735,Great Expectations (1998),Drama|Romance,1998,3.2015209125475286,263.0,0.9774546154806141,Great Expectations,2,Blockbuster,1990
1738,Vermin (1998),Comedy,1998,,,,Vermin,1,,1990
1739,3 Ninjas: High Noon On Mega Mountain (1998),Action|Children's,1998,1.3617021276595744,47.0,0.7919577260043514,3 Ninjas: High Noon On Mega Mountain,2,Moderate,1990
1740,Men of Means (1998),Action|Drama,1998,,,,Men of Means,2,,1990
1741,"Midaq Alley (Callejón de los milagros, El) (1995)",Drama,1995,4.0,5.0,1.0,"Midaq Alley (Callejón de los milagros, El)",1,Niche,1990
1742,Caught Up (1998),Crime,1998,,,,Caught Up,1,,1990
1743,Arguing the World (1996),Documentary,1996,3.909090909090909,11.0,1.3751033019046572,Arguing the World,1,Moderate,1990
1744,Firestorm (1998),Action|Adventure|Thriller,1998,2.675324675324675,77.0,1.0692048009417097,Firestorm,3,Popular,1990
1746,Senseless (1998),Comedy,1998,2.7636363636363637,55.0,1.0357254813546266,Senseless,1,Popular,1990
1747,Wag the Dog (1997),Comedy|Drama,1997,3.4895259095920617,907.0,0.9903789361864774,Wag the Dog,2,Blockbuster,1990
1748,Dark City (1998),Film-Noir|Sci-Fi|Thriller,1998,3.822654462242563,874.0,1.0161983833068753,Dark City,3,Blockbuster,1990
1749,"Leading Man, The (1996)",Romance,1996,3.4,10.0,1.07496769977314,"Leading Man, The",1,Niche,1990
1750,Star Kid (1997),Adventure|Children's|Fantasy|Sci-Fi,1997,2.1904761904761907,63.0,1.2424889544150155,Star Kid,4,Popular,1990
1752,Hard Rain (1998),Action|Thriller,1998,2.6553398058252426,206.0,1.0133959479805397,Hard Rain,2,Blockbuster,1990
1753,Half Baked (1998),Comedy,1998,3.202020202020202,198.0,1.2214645281376106,Half Baked,1,Popular,1990
1754,Fallen (1998),Action|Mystery|Thriller,1998,3.38659793814433,388.0,1.0368037613159695,Fallen,3,Blockbuster,1990
1755,Shooting Fish (1997),Romance,1997,3.533333333333333,30.0,1.0742546199601597,Shooting Fish,1,Moderate,1990
1756,"Prophecy II, The (1998)",Horror,1998,2.549019607843137,51.0,1.1543608706153563,"Prophecy II, The",1,Popular,1990
1757,Duoluo tianshi (1995),Drama,1995,,,,Duoluo tianshi,1,,1990
1758,Dangerous Beauty (1998),Drama,1998,3.65,100.0,0.9574271077563381,Dangerous Beauty,1,Popular,1990
1759,Four Days in September (1997),Drama,1997,3.980392156862745,51.0,0.6779438347955199,Four Days in September,1,Popular,1990
1760,Spice World (1997),Comedy|Musical,1997,1.8736842105263158,190.0,1.031176502406088,Spice World,2,Popular,1990
1762,Deep Rising (1998),Action|Horror|Sci-Fi,1998,2.73568281938326,227.0,1.0810945149609916,Deep Rising,3,Blockbuster,1990
1764,Tainted (1998),Comedy|Thriller,1998,3.0,1.0,,Tainted,2,Niche,1990
1765,"Letter From Death Row, A (1998)",Crime|Drama,1998,,,,"Letter From Death Row, A",2,,1990
1767,Music From Another Room (1998),Drama|Romance,1998,3.0,26.0,0.9797958971132713,Music From Another Room,2,Moderate,1990
1768,Mat' i syn (1997),Drama,1997,,,,Mat' i syn,1,,1990
1769,"Replacement Killers, The (1998)",Action|Thriller,1998,3.1379310344827585,319.0,1.0339078862458584,"Replacement Killers, The",2,Blockbuster,1990
1770,B. Monkey (1998),Romance|Thriller,1998,3.473684210526316,19.0,0.7723284457212329,B. Monkey,2,Moderate,1990
1771,Night Flier (1997),Horror,1997,2.6382978723404253,47.0,1.1501518220178704,Night Flier,1,Moderate,1990
1772,Blues Brothers 2000 (1998),Action|Comedy|Musical,1998,2.4304347826086956,230.0,1.1566911030846534,Blues Brothers 2000,3,Blockbuster,1990
1773,Tokyo Fist (1995),Action|Drama,1995,2.5,2.0,2.1213203435596424,Tokyo Fist,2,Niche,1990
1774,Mass Transit (1998),Comedy|Drama,1998,,,,Mass Transit,2,,1990
1776,Ride (1998),Drama,1998,,,,Ride,1,,1990
1777,"Wedding Singer, The (1998)",Comedy|Romance,1998,3.4895489548954894,909.0,0.9783733663133685,"Wedding Singer, The",2,Blockbuster,1990
1779,Sphere (1998),Adventure|Sci-Fi|Thriller,1998,2.6635859519408505,541.0,1.0582765892515258,Sphere,3,Blockbuster,1990
1780,Ayn Rand: A Sense of Life (1997),Documentary,1997,4.125,8.0,1.246423454758225,Ayn Rand: A Sense of Life,1,Niche,1990
1781,"Further Gesture, A (1996)",Drama,1996,,,,"Further Gesture, A",1,,1990
1782,Little City (1998),Comedy|Romance,1998,2.5,8.0,0.7559289460184545,Little City,2,Niche,1990
1783,Palmetto (1998),Film-Noir|Mystery|Thriller,1998,2.9272727272727272,220.0,1.0486703118697955,Palmetto,3,Blockbuster,1990
1784,As Good As It Gets (1997),Comedy|Drama,1997,3.9501404494382024,1424.0,0.9497049776435134,As Good As It Gets,2,Blockbuster,1990
1785,King of New York (1990),Action|Crime,1990,3.388888888888889,180.0,0.9298818864677824,King of New York,2,Popular,1990
1787,"Paralyzing Fear: The Story of Polio in America, A (1998)",Documentary,1998,3.5,2.0,2.1213203435596424,"Paralyzing Fear: The Story of Polio in America, A",1,Niche,1990
1788,Men With Guns (1997),Action|Drama,1997,3.956043956043956,91.0,0.9990227214865526,Men With Guns,2,Popular,1990
1789,"Sadness of Sex, The (1995)",Drama,1995,,,,"Sadness of Sex, The",1,,1990
1791,Twilight (1998),Crime|Drama,1998,2.9622641509433962,53.0,0.9600133042135683,Twilight,2,Popular,1990
1792,U.S. Marshalls (1998),Action|Thriller,1998,3.171875,448.0,0.9644295934467603,U.S. Marshalls,2,Blockbuster,1990
1793,Welcome to Woop-Woop (1997),Comedy,1997,2.3846153846153846,13.0,1.3867504905630728,Welcome to Woop-Woop,1,Moderate,1990
1794,Love and Death on Long Island (1997),Comedy|Drama,1997,3.4304635761589406,151.0,0.969604275120075,Love and Death on Long Island,2,Popular,1990
1795,"Callejón de los milagros, El (1995)",Drama,1995,4.5,2.0,0.7071067811865476,"Callejón de los milagros, El",1,Niche,1990
1796,In God's Hands (1998),Action|Drama,1998,2.4,5.0,1.9493588689617927,In God's Hands,2,Niche,1990
1797,Everest (1998),Documentary,1998,4.005988023952096,167.0,0.8466589617113092,Everest,1,Popular,1990
1798,Hush (1998),Thriller,1998,2.5714285714285716,42.0,1.1292746893656176,Hush,1,Moderate,1990
1799,Suicide Kings (1997),Crime|Drama,1997,3.4131455399061035,213.0,1.076426636696584,Suicide Kings,2,Blockbuster,1990
1801,"Man in the Iron Mask, The (1998)",Action|Drama|Romance,1998,3.0434782608695654,391.0,1.0887076195822525,"Man in the Iron Mask, The",3,Blockbuster,1990
1804,"Newton Boys, The (1998)",Crime|Drama,1998,3.033613445378151,119.0,0.9471882843022208,"Newton Boys, The",2,Popular,1990
1805,Wild Things (1998),Crime|Drama|Mystery|Thriller,1998,3.4456869009584663,626.0,1.0327852474799102,Wild Things,4,Blockbuster,1990
1806,Paulie (1998),Adventure|Children's|Comedy,1998,2.892857142857143,168.0,1.1531561183820027,Paulie,3,Popular,1990
1807,"Cool Dry Place, A (1998)",Drama,1998,3.411764705882353,17.0,0.7952062255644572,"Cool Dry Place, A",1,Moderate,1990
1809,Hana-bi (1997),Comedy|Crime|Drama,1997,3.8055555555555554,36.0,1.3484264786238696,Hana-bi,3,Moderate,1990
1810,Primary Colors (1998),Drama,1998,3.558073654390935,353.0,0.8275434108446194,Primary Colors,1,Blockbuster,1990
1811,"Niagara, Niagara (1997)",Drama,1997,3.6923076923076925,13.0,0.9473309334313418,"Niagara, Niagara",1,Moderate,1990
1812,Wide Awake (1998),Children's|Comedy|Drama,1998,3.477272727272727,44.0,1.2292678169343443,Wide Awake,3,Moderate,1990
1814,"Price Above Rubies, A (1998)",Drama,1998,3.36,25.0,1.1503622617824931,"Price Above Rubies, A",1,Moderate,1990
1815,Eden (1997),Drama,1997,2.0,1.0,,Eden,1,Niche,1990
1816,Two Girls and a Guy (1997),Comedy|Drama,1997,2.9603960396039604,101.0,1.1217913538551445,Two Girls and a Guy,2,Popular,1990
1817,No Looking Back (1998),Comedy|Drama|Romance,1998,3.0,12.0,0.9534625892455925,No Looking Back,3,Moderate,1990
1819,Storefront Hitchcock (1997),Drama,1997,,,,Storefront Hitchcock,1,,1990
1820,"Proposition, The (1998)",Drama,1998,2.0,1.0,,"Proposition, The",1,Niche,1990
1821,"Object of My Affection, The (1998)",Comedy|Romance,1998,3.1943127962085307,211.0,0.9437341619117571,"Object of My Affection, The",2,Blockbuster,1990
1822,Meet the Deedles (1998),Children's|Comedy,1998,2.0476190476190474,21.0,1.1169686869465265,Meet the Deedles,2,Moderate,1990
1824,Homegrown (1998),Comedy|Thriller,1998,3.3653846153846154,104.0,1.0245310772761875,Homegrown,2,Popular,1990
1825,"Player's Club, The (1998)",Action|Drama,1998,2.6666666666666665,33.0,1.1636866703140787,"Player's Club, The",2,Moderate,1990
1826,Barney's Great Adventure (1998),Adventure|Children's,1998,1.55,40.0,0.875595035770913,Barney's Great Adventure,2,Moderate,1990
1827,"Big One, The (1997)",Comedy|Documentary,1997,4.0,102.0,0.9439751632913289,"Big One, The",2,Popular,1990
1829,Chinese Box (1997),Drama|Romance,1997,3.0,37.0,0.9128709291752769,Chinese Box,2,Moderate,1990
1830,Follow the Bitch (1998),Comedy,1998,5.0,1.0,,Follow the Bitch,1,Niche,1990
1831,Lost in Space (1998),Action|Sci-Fi|Thriller,1998,2.5847076461769114,667.0,1.1163297985836054,Lost in Space,3,Blockbuster,1990
1832,Heaven's Burning (1997),Action|Drama,1997,4.0,1.0,,Heaven's Burning,2,Niche,1990
1833,Mercury Rising (1998),Action|Drama|Thriller,1998,3.003787878787879,264.0,0.9923590438665698,Mercury Rising,3,Blockbuster,1990
1834,"Spanish Prisoner, The (1997)",Drama|Thriller,1997,3.9391480730223125,493.0,0.9393978807919036,"Spanish Prisoner, The",2,Blockbuster,1990
1835,City of Angels (1998),Romance,1998,3.289617486338798,366.0,1.076906460429739,City of Angels,1,Blockbuster,1990
1836,"Last Days of Disco, The (1998)",Drama,1998,3.311111111111111,135.0,1.1360225630160663,"Last Days of Disco, The",1,Popular,1990
1837,"Odd Couple II, The (1998)",Comedy,1998,2.6875,64.0,1.206792942616589,"Odd Couple II, The",1,Popular,1990
1839,My Giant (1998),Comedy,1998,2.260869565217391,69.0,1.0240084718319626,My Giant,1,Popular,1990
1840,He Got Game (1998),Drama,1998,3.38125,160.0,0.8231850629103653,He Got Game,1,Popular,1990
1841,"Gingerbread Man, The (1998)",Drama|Thriller,1998,2.9473684210526314,95.0,0.9035205499038438,"Gingerbread Man, The",2,Popular,1990
1842,Illtown (1996),Crime|Drama,1996,4.0,2.0,0.0,Illtown,2,Niche,1990
1843,Slappy and the Stinkers (1998),Children's|Comedy,1998,3.0,1.0,,Slappy and the Stinkers,2,Niche,1990
1844,Live Flesh (1997),Drama,1997,3.8620689655172415,29.0,0.6394270834691721,Live Flesh,1,Moderate,1990
1845,Zero Effect (1998),Comedy|Thriller,1998,3.750830564784053,301.0,1.0429322323123458,Zero Effect,2,Blockbuster,1990
1846,Nil By Mouth (1997),Drama,1997,3.25,20.0,1.292692009559488,Nil By Mouth,1,Moderate,1990
1847,Ratchet (1996),Drama|Thriller,1996,,,,Ratchet,2,,1990
1848,"Borrowers, The (1997)",Adventure|Children's|Comedy|Fantasy,1997,3.0451977401129944,177.0,1.0861692957756504,"Borrowers, The",4,Popular,1990
1849,Prince Valiant (1997),Adventure,1997,2.5714285714285716,7.0,0.9759000729485332,Prince Valiant,1,Niche,1990
1850,"I Love You, Don't Touch Me! (1998)",Drama|Romance,1998,2.8461538461538463,13.0,1.1435437497937313,"I Love You, Don't Touch Me!",2,Moderate,1990
1851,Leather Jacket Love Story (1997),Drama|Romance,1997,4.0,2.0,0.0,Leather Jacket Love Story,2,Niche,1990
1852,Love Walked In (1998),Drama|Thriller,1998,2.0,1.0,,Love Walked In,2,Niche,1990
1853,"Alan Smithee Film: Burn Hollywood Burn, An (1997)",Comedy,1997,2.0,17.0,1.0606601717798212,"Alan Smithee Film: Burn Hollywood Burn, An",1,Moderate,1990
1854,Kissing a Fool (1998),Comedy|Romance,1998,3.0208333333333335,48.0,0.8626920589946812,Kissing a Fool,2,Moderate,1990
1855,Krippendorf's Tribe (1998),Comedy,1998,2.3981481481481484,108.0,1.1351628382905208,Krippendorf's Tribe,1,Popular,1990
1856,Kurt & Courtney (1998),Documentary|Musical,1998,3.0555555555555554,72.0,1.099153180944298,Kurt & Courtney,2,Popular,1990
1857,"Real Blonde, The (1997)",Comedy,1997,3.0833333333333335,24.0,1.017954755408103,"Real Blonde, The",1,Moderate,1990
1858,Mr. Nice Guy (1997),Action|Comedy,1997,3.2674418604651163,172.0,1.0364629303341018,Mr. Nice Guy,2,Popular,1990
1859,Taste of Cherry (1997),Drama,1997,3.53125,32.0,1.217728583562777,Taste of Cherry,1,Moderate,1990
1860,Character (Karakter) (1997),Drama,1997,3.772727272727273,44.0,1.0312249740700994,Character (Karakter),1,Moderate,1990
1861,Junk Mail (1997),Comedy|Thriller,1997,3.3333333333333335,3.0,0.5773502691896258,Junk Mail,2,Niche,1990
1862,Species II (1998),Horror|Sci-Fi,1998,2.0505050505050506,198.0,0.9651147310743937,Species II,2,Popular,1990
1863,Major League: Back to the Minors (1998),Comedy,1998,2.2183098591549295,142.0,1.045871296362315,Major League: Back to the Minors,1,Popular,1990
1864,Sour Grapes (1998),Comedy,1998,2.727272727272727,11.0,1.009049958219026,Sour Grapes,1,Moderate,1990
1865,Wild Man Blues (1998),Documentary,1998,3.5555555555555554,54.0,1.0031397251510383,Wild Man Blues,1,Popular,1990
1866,"Big Hit, The (1998)",Action|Comedy,1998,3.0899470899470898,189.0,1.2279348245553785,"Big Hit, The",2,Popular,1990
1867,Tarzan and the Lost City (1998),Action|Adventure,1998,2.4210526315789473,38.0,1.0813299855712828,Tarzan and the Lost City,2,Moderate,1990
1868,"Truce, The (1996)",Drama|War,1996,2.0,2.0,1.4142135623730951,"Truce, The",2,Niche,1990
1869,Black Dog (1998),Action|Thriller,1998,2.3137254901960786,51.0,1.1043585663801658,Black Dog,2,Popular,1990
1870,"Dancer, Texas Pop. 81 (1998)",Comedy|Drama,1998,3.513888888888889,72.0,0.949322301724162,"Dancer, Texas Pop. 81",2,Popular,1990
1871,"Friend of the Deceased, A (1997)",Comedy|Drama,1997,4.0,4.0,0.816496580927726,"Friend of the Deceased, A",2,Niche,1990
1872,Go Now (1995),Drama,1995,3.2,10.0,1.3165611772087666,Go Now,1,Niche,1990
1873,"Misérables, Les (1998)",Drama,1998,3.7606177606177607,259.0,1.0289572903015622,"Misérables, Les",1,Blockbuster,1990
1874,Still Breathing (1997),Comedy|Romance,1997,3.3703703703703702,27.0,1.0794638322992416,Still Breathing,2,Moderate,1990
1875,Clockwatchers (1997),Comedy,1997,3.402439024390244,164.0,1.0013457950014775,Clockwatchers,1,Popular,1990
1876,Deep Impact (1998),Action|Drama|Sci-Fi|Thriller,1998,3.166480446927374,895.0,1.035280556927624,Deep Impact,4,Blockbuster,1990
1877,Little Men (1998),Drama,1998,2.5,4.0,1.2909944487358056,Little Men,1,Niche,1990
1878,Woo (1998),Comedy|Romance,1998,2.0,11.0,1.0,Woo,2,Moderate,1990
1879,"Hanging Garden, The (1997)",Drama,1997,3.909090909090909,22.0,1.019294382875251,"Hanging Garden, The",1,Moderate,1990
1880,Lawn Dogs (1997),Drama,1997,3.423076923076923,26.0,1.064822123101391,Lawn Dogs,1,Moderate,1990
1881,Quest for Camelot (1998),Adventure|Animation|Children's|Fantasy,1998,2.7794117647058822,68.0,1.0768332266736949,Quest for Camelot,4,Popular,1990
1882,Godzilla (1998),Action|Sci-Fi,1998,2.3246492985971945,499.0,1.1134508153156193,Godzilla,2,Blockbuster,1990
1883,Bulworth (1998),Comedy,1998,3.4352409638554215,664.0,1.079924695328506,Bulworth,1,Blockbuster,1990
1884,Fear and Loathing in Las Vegas (1998),Comedy|Drama,1998,3.3456375838926173,298.0,1.246408076755582,Fear and Loathing in Las Vegas,2,Blockbuster,1990
1885,"Opposite of Sex, The (1998)",Comedy|Drama,1998,3.692434210526316,608.0,0.9669030346246863,"Opposite of Sex, The",2,Blockbuster,1990
1886,I Got the Hook Up (1998),Comedy,1998,2.75,4.0,1.707825127659933,I Got the Hook Up,1,Niche,1990
1887,Almost Heroes (1998),Adventure|Comedy,1998,2.4833333333333334,60.0,1.2001647721150581,Almost Heroes,2,Popular,1990
1888,Hope Floats (1998),Comedy|Drama|Romance,1998,2.994832041343669,387.0,1.124376239376907,Hope Floats,3,Blockbuster,1990
1889,Insomnia (1997),Thriller,1997,3.877551020408163,49.0,0.7808289681812658,Insomnia,1,Moderate,1990
1890,Little Boy Blue (1997),Drama,1997,2.4285714285714284,7.0,1.1338934190276817,Little Boy Blue,1,Niche,1990
1891,"Ugly, The (1997)",Horror|Thriller,1997,1.8888888888888888,9.0,1.0540925533894598,"Ugly, The",2,Niche,1990
1892,"Perfect Murder, A (1998)",Mystery|Thriller,1998,3.371571072319202,401.0,0.8883072529035759,"Perfect Murder, A",2,Blockbuster,1990
1893,Beyond Silence (1996),Drama,1996,3.761904761904762,21.0,0.9952267030562386,Beyond Silence,1,Moderate,1990
1894,Six Days Seven Nights (1998),Adventure|Comedy|Romance,1998,2.910828025477707,471.0,0.9981416531352351,Six Days Seven Nights,3,Blockbuster,1990
1895,Can't Hardly Wait (1998),Comedy|Drama|Romance,1998,3.238562091503268,306.0,1.076705611957386,Can't Hardly Wait,3,Blockbuster,1990
1896,Cousin Bette (1998),Comedy,1998,3.106382978723404,47.0,0.8656247443117874,Cousin Bette,1,Moderate,1990
1897,High Art (1998),Drama|Romance,1998,3.5037593984962405,133.0,1.1587876380757656,High Art,2,Popular,1990
1898,"Land Girls, The (1998)",Drama|War,1998,3.642857142857143,14.0,0.928782731664065,"Land Girls, The",2,Moderate,1990
1899,Passion in the Desert (1998),Adventure|Drama,1998,3.2,10.0,1.3984117975602022,Passion in the Desert,2,Niche,1990
1900,"Children of Heaven, The (Bacheha-Ye Aseman) (1997)",Drama,1997,4.163934426229508,61.0,1.0357014992884848,"Children of Heaven, The (Bacheha-Ye Aseman)",1,Popular,1990
1901,Dear Jesse (1997),Documentary,1997,4.0,5.0,1.224744871391589,Dear Jesse,1,Niche,1990
1902,Dream for an Insomniac (1996),Drama|Romance,1996,3.1,30.0,1.2689936278745482,Dream for an Insomniac,2,Moderate,1990
1903,Hav Plenty (1997),Comedy,1997,3.3333333333333335,6.0,0.816496580927726,Hav Plenty,1,Niche,1990
1904,Henry Fool (1997),Comedy|Drama,1997,3.4867256637168142,113.0,1.086566054199681,Henry Fool,2,Popular,1990
1905,Marie Baie Des Anges (1997),Drama,1997,1.5,2.0,0.7071067811865476,Marie Baie Des Anges,1,Niche,1990
1906,Mr. Jealousy (1997),Comedy|Romance,1997,3.21875,32.0,0.9749896608219378,Mr. Jealousy,2,Moderate,1990
1907,Mulan (1998),Animation|Children's,1998,3.742857142857143,490.0,0.9757803232612369,Mulan,2,Blockbuster,1990
1908,Resurrection Man (1998),Drama|Thriller,1998,3.0,1.0,,Resurrection Man,2,Niche,1990
1909,"X-Files: Fight the Future, The (1998)",Mystery|Sci-Fi|Thriller,1998,3.4929718875502007,996.0,0.8972043700411603,"X-Files: Fight the Future, The",3,Blockbuster,1990
1910,I Went Down (1997),Action|Comedy|Crime,1997,3.7560975609756095,41.0,0.6993027886716187,I Went Down,3,Moderate,1990
1911,Doctor Dolittle (1998),Comedy,1998,2.9297912713472485,527.0,0.9773113162247761,Doctor Dolittle,1,Blockbuster,1990
1912,Out of Sight (1998),Action|Crime|Romance,1998,3.797356828193833,908.0,0.9384084537163146,Out of Sight,3,Blockbuster,1990
1913,Picnic at Hanging Rock (1975),Drama|Mystery,1975,3.8263473053892216,167.0,0.9754951534041492,Picnic at Hanging Rock,2,Popular,1970
1914,Smoke Signals (1998),Comedy|Drama,1998,3.8091397849462365,372.0,0.9508811699026468,Smoke Signals,2,Blockbuster,1990
1915,Voyage to the Beginning of the World (1997),Drama,1997,4.0,1.0,,Voyage to the Beginning of the World,1,Niche,1990
1916,Buffalo 66 (1998),Action|Comedy|Drama,1998,3.505649717514124,354.0,1.1691122761943618,Buffalo 66,3,Blockbuster,1990
1917,Armageddon (1998),Action|Adventure|Sci-Fi|Thriller,1998,3.191891891891892,1110.0,1.203439250556881,Armageddon,4,Blockbuster,1990
1918,Lethal Weapon 4 (1998),Action|Comedy|Crime|Drama,1998,3.14050822122571,669.0,1.0976241539072893,Lethal Weapon 4,4,Blockbuster,1990
1919,Madeline (1998),Children's|Comedy,1998,3.1724137931034484,116.0,1.0238534377873454,Madeline,2,Popular,1990
1920,Small Soldiers (1998),Animation|Children's|Fantasy|War,1998,2.8104395604395602,364.0,1.078107117947703,Small Soldiers,4,Blockbuster,1990
1921,Pi (1998),Sci-Fi|Thriller,1998,3.7911908646003263,613.0,1.064329878058571,Pi,2,Blockbuster,1990
1922,Whatever (1998),Drama,1998,3.423076923076923,52.0,1.0355666033844702,Whatever,1,Popular,1990
1923,There's Something About Mary (1998),Comedy,1998,3.9044493070751276,1371.0,1.0969376281355256,There's Something About Mary,1,Blockbuster,1990
1924,Plan 9 from Outer Space (1958),Horror|Sci-Fi,1958,2.6345381526104417,249.0,1.4559983991255796,Plan 9 from Outer Space,2,Blockbuster,1950
1925,Wings (1927),Drama|Romance|War,1927,3.888888888888889,45.0,1.0274023338281624,Wings,3,Moderate,1920
1926,"Broadway Melody, The (1929)",Musical,1929,3.1875,32.0,1.1482806221027917,"Broadway Melody, The",1,Moderate,1920
1927,All Quiet on the Western Front (1930),War,1930,4.1940298507462686,268.0,0.8478005201414056,All Quiet on the Western Front,1,Blockbuster,1930
1928,Cimarron (1931),Western,1931,3.3793103448275863,29.0,0.8200084103858011,Cimarron,1,Moderate,1930
1929,Grand Hotel (1932),Drama,1932,3.7857142857142856,84.0,0.7926078440769146,Grand Hotel,1,Popular,1930
1930,Cavalcade (1933),Drama,1933,3.0,5.0,1.4142135623730951,Cavalcade,1,Niche,1930
1931,Mutiny on the Bounty (1935),Adventure,1935,4.0311111111111115,225.0,0.7582352108156382,Mutiny on the Bounty,1,Blockbuster,1930
1932,"Great Ziegfeld, The (1936)",Musical,1936,3.2777777777777777,36.0,1.0852547064066471,"Great Ziegfeld, The",1,Moderate,1930
1933,"Life of Émile Zola, The (1937)",Drama,1937,3.380952380952381,21.0,1.1169686869465267,"Life of Émile Zola, The",1,Moderate,1930
1934,You Can't Take It With You (1938),Comedy,1938,4.012987012987013,77.0,0.9388333534864385,You Can't Take It With You,1,Popular,1930
1935,How Green Was My Valley (1941),Drama,1941,4.02803738317757,107.0,0.817935089056625,How Green Was My Valley,1,Popular,1940
1936,Mrs. Miniver (1942),Drama|War,1942,3.8780487804878048,82.0,0.8803793220410773,Mrs. Miniver,2,Popular,1940
1937,Going My Way (1944),Comedy,1944,3.7301587301587302,63.0,1.050443058694593,Going My Way,1,Popular,1940
1938,"Lost Weekend, The (1945)",Drama,1945,3.9098360655737703,122.0,0.8029295365547314,"Lost Weekend, The",1,Popular,1940
1939,"Best Years of Our Lives, The (1946)",Drama|War,1946,4.122881355932203,236.0,0.8978376877383016,"Best Years of Our Lives, The",2,Blockbuster,1940
1940,Gentleman's Agreement (1947),Drama,1947,3.89010989010989,91.0,0.8089849531707338,Gentleman's Agreement,1,Popular,1940
1941,Hamlet (1948),Drama,1948,3.8053097345132745,113.0,1.0926573691794925,Hamlet,1,Popular,1940
1942,All the King's Men (1949),Drama,1949,4.033613445378151,119.0,0.8123284497825767,All the King's Men,1,Popular,1940
1943,"Greatest Show on Earth, The (1952)",Drama,1952,3.278688524590164,61.0,1.0021834087129229,"Greatest Show on Earth, The",1,Popular,1950
1944,From Here to Eternity (1953),Drama|Romance|War,1953,4.096153846153846,364.0,0.8586532721831884,From Here to Eternity,3,Blockbuster,1950
1945,On the Waterfront (1954),Crime|Drama,1954,4.269749518304431,519.0,0.8339271509684495,On the Waterfront,2,Blockbuster,1950
1946,Marty (1955),Drama|Romance,1955,3.975609756097561,205.0,0.8427256455275595,Marty,2,Blockbuster,1950
1947,West Side Story (1961),Musical|Romance,1961,4.057818659658344,761.0,0.9796991878384715,West Side Story,2,Blockbuster,1960
1948,Tom Jones (1963),Comedy,1963,3.8585858585858586,198.0,0.9665481099955973,Tom Jones,1,Popular,1960
1949,"Man for All Seasons, A (1966)",Drama,1966,4.232876712328767,219.0,0.7872938427437175,"Man for All Seasons, A",1,Blockbuster,1960
1950,In the Heat of the Night (1967),Drama|Mystery,1967,4.129310344827586,348.0,0.7874758758168664,In the Heat of the Night,2,Blockbuster,1960
1951,Oliver! (1968),Musical,1968,3.6948356807511735,213.0,1.0396940752171444,Oliver!,1,Blockbuster,1960
1952,Midnight Cowboy (1969),Drama,1969,4.113122171945701,663.0,0.9085992648160565,Midnight Cowboy,1,Blockbuster,1960
1953,"French Connection, The (1971)",Action|Crime|Drama|Thriller,1971,4.098722415795587,861.0,0.8273019995375377,"French Connection, The",4,Blockbuster,1970
1954,Rocky (1976),Action|Drama,1976,3.9433126660761735,1129.0,0.9631379761985361,Rocky,2,Blockbuster,1970
1955,Kramer Vs. Kramer (1979),Drama,1979,3.7964601769911503,452.0,0.8875516740000932,Kramer Vs. Kramer,1,Blockbuster,1970
1956,Ordinary People (1980),Drama,1980,3.990138067061144,507.0,0.9292679450546746,Ordinary People,1,Blockbuster,1980
1957,Chariots of Fire (1981),Drama,1981,3.7965299684542586,634.0,1.040075618476583,Chariots of Fire,1,Blockbuster,1980
1958,Terms of Endearment (1983),Comedy|Drama,1983,3.607547169811321,530.0,1.0950738737117762,Terms of Endearment,2,Blockbuster,1980
1959,Out of Africa (1985),Drama|Romance,1985,3.6533546325878596,626.0,1.0641638635259627,Out of Africa,2,Blockbuster,1980
1960,"Last Emperor, The (1987)",Drama|War,1987,3.9764150943396226,636.0,0.9124219102947801,"Last Emperor, The",2,Blockbuster,1980
1961,Rain Man (1988),Drama,1988,4.053383458646617,1330.0,0.8188936058638342,Rain Man,1,Blockbuster,1980
1962,Driving Miss Daisy (1989),Drama,1989,3.8773006134969323,652.0,0.9075414105135134,Driving Miss Daisy,1,Blockbuster,1980
1963,Take the Money and Run (1969),Comedy,1969,4.051587301587301,252.0,0.828595906105624,Take the Money and Run,1,Blockbuster,1960
1964,Klute (1971),Drama|Mystery,1971,3.80794701986755,302.0,0.8527090446287957,Klute,2,Blockbuster,1970
1965,Repo Man (1984),Comedy|Sci-Fi,1984,3.6830892143808254,751.0,1.047266430935087,Repo Man,2,Blockbuster,1980
1966,Metropolitan (1990),Comedy,1990,3.6464646464646466,198.0,1.0107355849091548,Metropolitan,1,Popular,1990
1967,Labyrinth (1986),Adventure|Children's|Fantasy,1986,3.637184115523466,554.0,1.0153202642990204,Labyrinth,3,Blockbuster,1980
1968,"Breakfast Club, The (1985)",Comedy|Drama,1985,3.8797920727745288,1539.0,0.9111224066848129,"Breakfast Club, The",2,Blockbuster,1980
1969,"Nightmare on Elm Street Part 2: Freddy's Revenge, A (1985)",Horror,1985,2.321167883211679,274.0,1.141519497389676,"Nightmare on Elm Street Part 2: Freddy's Revenge, A",1,Blockbuster,1980
1970,"Nightmare on Elm Street 3: Dream Warriors, A (1987)",Horror,1987,2.6417910447761193,268.0,1.1377287649923586,"Nightmare on Elm Street 3: Dream Warriors, A",1,Blockbuster,1980
1971,"Nightmare on Elm Street 4: The Dream Master, A (1988)",Horror,1988,2.239669421487603,242.0,1.0428559047069907,"Nightmare on Elm Street 4: The Dream Master, A",1,Blockbuster,1980
1972,"Nightmare on Elm Street 5: The Dream Child, A (1989)",Horror,1989,1.995,200.0,1.0198901310420574,"Nightmare on Elm Street 5: The Dream Child, A",1,Popular,1980
1973,Freddy's Dead: The Final Nightmare (1991),Horror,1991,2.181395348837209,215.0,1.1437060218711133,Freddy's Dead: The Final Nightmare,1,Blockbuster,1990
1974,Friday the 13th (1980),Horror,1980,3.0410094637223977,317.0,1.1341461922314922,Friday the 13th,1,Blockbuster,1980
1975,Friday the 13th Part 2 (1981),Horror,1981,2.426900584795322,171.0,1.1474684599277962,Friday the 13th Part 2,1,Popular,1980
1976,Friday the 13th Part 3: 3D (1982),Horror,1982,1.979899497487437,199.0,1.0634411410864741,Friday the 13th Part 3: 3D,1,Popular,1980
1977,Friday the 13th: The Final Chapter (1984),Horror,1984,2.1775147928994083,169.0,1.191923605865889,Friday the 13th: The Final Chapter,1,Popular,1980
1978,Friday the 13th Part V: A New Beginning (1985),Horror,1985,2.0789473684210527,114.0,1.213090376967903,Friday the 13th Part V: A New Beginning,1,Popular,1980
1979,Friday the 13th Part VI: Jason Lives (1986),Horror,1986,2.1785714285714284,112.0,1.2318175665960105,Friday the 13th Part VI: Jason Lives,1,Popular,1980
1980,Friday the 13th Part VII: The New Blood (1988),Horror,1988,2.1538461538461537,91.0,1.1918526840649482,Friday the 13th Part VII: The New Blood,1,Popular,1980
1981,Friday the 13th Part VIII: Jason Takes Manhattan (1989),Horror,1989,1.8383838383838385,99.0,1.1221978317630488,Friday the 13th Part VIII: Jason Takes Manhattan,1,Popular,1980
1982,Halloween (1978),Horror,1978,3.7134387351778657,506.0,1.137522596098745,Halloween,1,Blockbuster,1970
1983,Halloween II (1981),Horror,1981,2.753846153846154,195.0,1.1625261672802982,Halloween II,1,Popular,1980
1984,Halloween III: Season of the Witch (1983),Horror,1983,2.0952380952380953,105.0,1.2444013816027362,Halloween III: Season of the Witch,1,Popular,1980
1985,Halloween 4: The Return of Michael Myers (1988),Horror,1988,2.4108527131782944,129.0,1.272377223330256,Halloween 4: The Return of Michael Myers,1,Popular,1980
1986,Halloween 5: The Revenge of Michael Myers (1989),Horror,1989,2.125984251968504,127.0,1.1885173235260225,Halloween 5: The Revenge of Michael Myers,1,Popular,1980
1987,Prom Night (1980),Horror,1980,2.32967032967033,91.0,1.02257784332805,Prom Night,1,Popular,1980
1988,Hello Mary Lou: Prom Night II (1987),Horror,1987,2.0980392156862746,51.0,1.0247907486074277,Hello Mary Lou: Prom Night II,1,Popular,1980
1989,Prom Night III: The Last Kiss (1989),Horror,1989,1.4666666666666666,15.0,0.7432233529572064,Prom Night III: The Last Kiss,1,Moderate,1980
1990,Prom Night IV: Deliver Us From Evil (1992),Horror,1992,1.6875,16.0,1.0781929326423911,Prom Night IV: Deliver Us From Evil,1,Moderate,1990
1991,Child's Play (1988),Horror,1988,2.702928870292887,239.0,1.1521043038076368,Child's Play,1,Blockbuster,1980
1992,Child's Play 2 (1990),Horror,1990,2.112781954887218,133.0,1.1122876735641802,Child's Play 2,1,Popular,1990
1993,Child's Play 3 (1992),Horror,1992,1.8969072164948453,97.0,1.0847862316534442,Child's Play 3,1,Popular,1990
1994,Poltergeist (1982),Horror|Thriller,1982,3.6842767295597483,795.0,0.9427927984747172,Poltergeist,2,Blockbuster,1980
1995,Poltergeist II: The Other Side (1986),Horror|Thriller,1986,2.423076923076923,182.0,0.9816635922834206,Poltergeist II: The Other Side,2,Popular,1980
1996,Poltergeist III (1988),Horror|Thriller,1988,1.8303571428571428,112.0,1.0034929344534864,Poltergeist III,2,Popular,1980
1997,"Exorcist, The (1973)",Horror,1973,3.9559322033898305,885.0,1.1028969237230175,"Exorcist, The",1,Blockbuster,1970
1998,Exorcist II: The Heretic (1977),Horror,1977,1.7699115044247788,113.0,0.9449947992820057,Exorcist II: The Heretic,1,Popular,1970
1999,"Exorcist III, The (1990)",Horror,1990,2.748031496062992,127.0,1.2406379819168554,"Exorcist III, The",1,Popular,1990
2000,Lethal Weapon (1987),Action|Comedy|Crime|Drama,1987,3.8869084204056548,1627.0,0.8666256788566656,Lethal Weapon,4,Blockbuster,1980
2001,Lethal Weapon 2 (1989),Action|Comedy|Crime|Drama,1989,3.5450049455984174,1011.0,0.9199129720865675,Lethal Weapon 2,4,Blockbuster,1980
2002,Lethal Weapon 3 (1992),Action|Comedy|Crime|Drama,1992,3.254364089775561,802.0,0.9830712693931954,Lethal Weapon 3,4,Blockbuster,1990
2003,Gremlins (1984),Comedy|Horror,1984,3.268041237113402,776.0,0.9586599670847079,Gremlins,2,Blockbuster,1980
2004,Gremlins 2: The New Batch (1990),Comedy|Horror,1990,2.513440860215054,372.0,1.15501110915058,Gremlins 2: The New Batch,2,Blockbuster,1990
2005,"Goonies, The (1985)",Adventure|Children's|Fantasy,1985,3.4972067039106145,716.0,1.1024412918468631,"Goonies, The",3,Blockbuster,1980
2006,"Mask of Zorro, The (1998)",Action|Adventure|Romance,1998,3.5615462868769074,983.0,0.9193697753088655,"Mask of Zorro, The",3,Blockbuster,1990
2007,Polish Wedding (1998),Comedy,1998,2.6769230769230767,65.0,0.8857851797221405,Polish Wedding,1,Popular,1990
2008,"This World, Then the Fireworks (1996)",Crime|Drama|Film-Noir,1996,2.533333333333333,15.0,1.0600988273786194,"This World, Then the Fireworks",3,Moderate,1990
2009,Soylent Green (1973),Sci-Fi|Thriller,1973,3.518957345971564,422.0,0.9690560841036538,Soylent Green,2,Blockbuster,1970
2010,Metropolis (1926),Sci-Fi,1926,4.082474226804123,388.0,0.9364301126742848,Metropolis,1,Blockbuster,1920
2011,Back to the Future Part II (1989),Comedy|Sci-Fi,1989,3.3436960276338517,1158.0,0.9747055850509844,Back to the Future Part II,2,Blockbuster,1980
2012,Back to the Future Part III (1990),Comedy|Sci-Fi|Western,1990,3.2421602787456445,1148.0,1.0265352304451112,Back to the Future Part III,3,Blockbuster,1990
2013,"Poseidon Adventure, The (1972)",Action|Adventure,1972,3.454983922829582,622.0,0.9152840251867407,"Poseidon Adventure, The",2,Blockbuster,1970
2014,Freaky Friday (1977),Children's|Comedy,1977,3.1777777777777776,180.0,0.9924607167861852,Freaky Friday,2,Popular,1970
2015,"Absent Minded Professor, The (1961)",Children's|Comedy|Fantasy,1961,3.4526315789473685,380.0,0.93896502898096,"Absent Minded Professor, The",3,Blockbuster,1960
2016,"Apple Dumpling Gang Rides Again, The (1979)",Children's|Comedy|Western,1979,2.6605504587155964,109.0,1.0905331985559015,"Apple Dumpling Gang Rides Again, The",3,Popular,1970
2017,Babes in Toyland (1961),Children's|Fantasy|Musical,1961,2.9876543209876543,162.0,1.009197789286356,Babes in Toyland,3,Popular,1960
2018,Bambi (1942),Animation|Children's,1942,3.738539898132428,589.0,1.0031711151371774,Bambi,2,Blockbuster,1940
2019,Seven Samurai (The Magnificent Seven) (Shichinin no samurai) (1954),Action|Drama,1954,4.560509554140127,628.0,0.7436071369152208,Seven Samurai (The Magnificent Seven) (Shichinin no samurai),2,Blockbuster,1950
2020,Dangerous Liaisons (1988),Drama|Romance,1988,3.9715394566623545,773.0,0.9157331415804623,Dangerous Liaisons,2,Blockbuster,1980
2021,Dune (1984),Fantasy|Sci-Fi,1984,3.356147021546261,789.0,1.1830672338798327,Dune,2,Blockbuster,1980
2022,"Last Temptation of Christ, The (1988)",Drama,1988,3.531496062992126,254.0,1.2146146146164114,"Last Temptation of Christ, The",1,Blockbuster,1980
2023,"Godfather: Part III, The (1990)",Action|Crime|Drama,1990,3.3449612403100777,774.0,1.0516391129334715,"Godfather: Part III, The",3,Blockbuster,1990
2024,"Rapture, The (1991)",Drama|Mystery,1991,3.3175675675675675,148.0,1.0435233499055612,"Rapture, The",2,Popular,1990
2025,Lolita (1997),Drama|Romance,1997,3.3438914027149322,221.0,0.9673399641981308,Lolita,2,Blockbuster,1990
2026,Disturbing Behavior (1998),Horror|Thriller,1998,2.68944099378882,161.0,1.0853341930295044,Disturbing Behavior,2,Popular,1990
2027,Mafia! (1998),Comedy|Crime,1998,2.449612403100775,129.0,1.0750090138435873,Mafia!,2,Popular,1990
2028,Saving Private Ryan (1998),Action|Drama|War,1998,4.337353938937053,2653.0,0.8457747491732748,Saving Private Ryan,3,Blockbuster,1990
2029,Billy's Hollywood Screen Kiss (1997),Comedy|Romance,1997,3.6710526315789473,76.0,0.9001949106682299,Billy's Hollywood Screen Kiss,2,Popular,1990
2030,East Palace West Palace (Dong gong xi gong) (1997),Drama,1997,,,,East Palace West Palace (Dong gong xi gong),1,,1990
2031,"$1,000,000 Duck (1971)",Children's|Comedy,1971,3.027027027027027,37.0,1.092562901481509,"$1,000,000 Duck",2,Moderate,1970
2032,"Barefoot Executive, The (1971)",Children's|Comedy,1971,2.925,40.0,1.0951524890895212,"Barefoot Executive, The",2,Moderate,1970
2033,"Black Cauldron, The (1985)",Animation|Children's,1985,3.165,200.0,1.1198416076082605,"Black Cauldron, The",2,Popular,1980
2034,"Black Hole, The (1979)",Sci-Fi,1979,2.772881355932203,295.0,1.0330969405611437,"Black Hole, The",1,Blockbuster,1970
2035,Blackbeard's Ghost (1968),Children's|Comedy,1968,3.1052631578947367,57.0,1.080413454693483,Blackbeard's Ghost,2,Popular,1960
2036,Blank Check (1994),Children's|Comedy,1994,2.21875,96.0,1.068231445452076,Blank Check,2,Popular,1990
2037,Candleshoe (1977),Adventure|Children's|Comedy,1977,3.537037037037037,54.0,0.8840934587957286,Candleshoe,3,Popular,1970
2038,"Cat from Outer Space, The (1978)",Children's|Comedy|Sci-Fi,1978,2.904040404040404,198.0,1.0595870464568378,"Cat from Outer Space, The",3,Popular,1970
2039,Cheetah (1989),Adventure|Children's,1989,1.0,1.0,,Cheetah,2,Niche,1980
2040,"Computer Wore Tennis Shoes, The (1970)",Children's|Comedy,1970,2.9453125,128.0,0.9825933367137852,"Computer Wore Tennis Shoes, The",2,Popular,1970
2041,Condorman (1981),Action|Adventure|Children's|Comedy,1981,2.668965517241379,145.0,1.1847126492541058,Condorman,4,Popular,1980
2042,D2: The Mighty Ducks (1994),Children's|Comedy,1994,2.6321243523316062,193.0,1.0870469099610922,D2: The Mighty Ducks,2,Popular,1990
2043,Darby O'Gill and the Little People (1959),Adventure|Children's|Fantasy,1959,3.2721518987341773,158.0,0.9881381461557345,Darby O'Gill and the Little People,3,Popular,1950
2044,"Devil and Max Devlin, The (1981)",Comedy,1981,2.5384615384615383,52.0,0.9174033787140845,"Devil and Max Devlin, The",1,Popular,1980
2045,"Far Off Place, A (1993)",Adventure|Children's|Drama|Romance,1993,3.4545454545454546,55.0,0.9193029126016327,"Far Off Place, A",4,Popular,1990
2046,Flight of the Navigator (1986),Adventure|Children's|Sci-Fi,1986,3.466417910447761,536.0,0.9326833185427741,Flight of the Navigator,3,Blockbuster,1980
2047,"Gnome-Mobile, The (1967)",Children's,1967,3.1818181818181817,22.0,0.9579921282290986,"Gnome-Mobile, The",1,Moderate,1960
2048,"Great Mouse Detective, The (1986)",Animation|Children's,1986,3.49618320610687,131.0,0.9637590330936681,"Great Mouse Detective, The",2,Popular,1980
2049,"Happiest Millionaire, The (1967)",Comedy|Musical,1967,3.324324324324324,37.0,1.0815126766107135,"Happiest Millionaire, The",2,Moderate,1960
2050,Herbie Goes Bananas (1980),Adventure|Children's|Comedy,1980,2.5384615384615383,104.0,1.131397253876446,Herbie Goes Bananas,3,Popular,1980
2051,Herbie Goes to Monte Carlo (1977),Adventure|Children's|Comedy,1977,2.5544554455445545,101.0,1.1443360304102332,Herbie Goes to Monte Carlo,3,Popular,1970
2052,Hocus Pocus (1993),Children's|Comedy,1993,2.8688524590163933,183.0,1.1925880505572042,Hocus Pocus,2,Popular,1990
2053,"Honey, I Blew Up the Kid (1992)",Children's|Comedy|Sci-Fi,1992,2.257217847769029,381.0,1.0218567348840963,"Honey, I Blew Up the Kid",3,Blockbuster,1990
2054,"Honey, I Shrunk the Kids (1989)",Adventure|Children's|Comedy|Fantasy|Sci-Fi,1989,2.9330143540669855,1045.0,0.9332671388599068,"Honey, I Shrunk the Kids",5,Blockbuster,1980
2055,Hot Lead and Cold Feet (1978),Comedy|Western,1978,2.8333333333333335,42.0,0.8811485483320292,Hot Lead and Cold Feet,2,Moderate,1970
2056,In Search of the Castaways (1962),Adventure|Children's,1962,3.5,18.0,1.200490095997562,In Search of the Castaways,2,Moderate,1960
2057,"Incredible Journey, The (1963)",Adventure|Children's,1963,3.340659340659341,91.0,0.8846817408886558,"Incredible Journey, The",2,Popular,1960
2058,"Negotiator, The (1998)",Action|Thriller,1998,3.6082603254067585,799.0,0.8528189154631971,"Negotiator, The",2,Blockbuster,1990
2059,"Parent Trap, The (1998)",Children's|Drama,1998,3.283582089552239,268.0,1.1124891300130155,"Parent Trap, The",2,Blockbuster,1990
2060,BASEketball (1998),Comedy,1998,2.9945355191256833,183.0,1.2066540230835714,BASEketball,1,Popular,1990
2061,Full Tilt Boogie (1997),Documentary,1997,3.5714285714285716,7.0,0.9759000729485332,Full Tilt Boogie,1,Niche,1990
2062,"Governess, The (1998)",Drama|Romance,1998,3.2,70.0,1.0439612408819439,"Governess, The",2,Popular,1990
2063,Seventh Heaven (Le Septième ciel) (1997),Drama|Romance,1997,2.5,8.0,1.7728105208558367,Seventh Heaven (Le Septième ciel),2,Niche,1990
2064,Roger & Me (1989),Comedy|Documentary,1989,4.0739348370927315,798.0,0.975636615901633,Roger & Me,2,Blockbuster,1980
2065,"Purple Rose of Cairo, The (1985)",Comedy|Drama|Romance,1985,3.5991649269311066,479.0,0.9136799311986975,"Purple Rose of Cairo, The",3,Blockbuster,1980
2066,Out of the Past (1947),Film-Noir,1947,4.150943396226415,106.0,0.859595174155931,Out of the Past,1,Popular,1940
2067,Doctor Zhivago (1965),Drama|Romance|War,1965,4.065602836879433,564.0,0.9615823761579594,Doctor Zhivago,3,Blockbuster,1960
2068,Fanny and Alexander (1982),Drama,1982,3.8828125,128.0,0.9930553643644009,Fanny and Alexander,1,Popular,1980
2069,"Trip to Bountiful, The (1985)",Drama,1985,3.7857142857142856,140.0,0.9802782917574238,"Trip to Bountiful, The",1,Popular,1980
2070,Tender Mercies (1983),Drama,1983,3.9053030303030303,264.0,0.9723019132373846,Tender Mercies,1,Blockbuster,1980
2071,And the Band Played On (1993),Drama,1993,3.9298245614035086,171.0,0.8301590731223182,And the Band Played On,1,Popular,1990
2072,"'burbs, The (1989)",Comedy,1989,2.910891089108911,303.0,1.1077601938323736,"'burbs, The",1,Blockbuster,1980
2073,Fandango (1985),Comedy,1985,3.6666666666666665,66.0,1.0426789952710696,Fandango,1,Popular,1980
2074,"Night Porter, The (Il Portiere di notte) (1974)",Drama,1974,3.5238095238095237,21.0,0.8135752957807667,"Night Porter, The (Il Portiere di notte)",1,Moderate,1970
2075,Mephisto (1981),Drama|War,1981,3.740740740740741,81.0,0.9846036991827951,Mephisto,2,Popular,1980
2076,Blue Velvet (1986),Drama|Mystery,1986,3.7629969418960245,654.0,1.063284320724301,Blue Velvet,2,Blockbuster,1980
2077,"Journey of Natty Gann, The (1985)",Adventure|Children's,1985,3.4935064935064934,154.0,0.8498116150084738,"Journey of Natty Gann, The",2,Popular,1980
2078,"Jungle Book, The (1967)",Animation|Children's|Comedy|Musical,1967,3.816265060240964,664.0,0.913766291025487,"Jungle Book, The",4,Blockbuster,1960
2079,Kidnapped (1960),Children's|Drama,1960,3.5714285714285716,14.0,0.5135525910130956,Kidnapped,2,Moderate,1960
2080,Lady and the Tramp (1955),Animation|Children's|Comedy|Musical|Romance,1955,3.8043981481481484,864.0,0.9018734762340326,Lady and the Tramp,5,Blockbuster,1950
2081,"Little Mermaid, The (1989)",Animation|Children's|Comedy|Musical|Romance,1989,3.756521739130435,1035.0,1.0156623922494392,"Little Mermaid, The",5,Blockbuster,1980
2082,"Mighty Ducks, The (1992)",Children's|Comedy,1992,2.886426592797784,361.0,1.038620198875932,"Mighty Ducks, The",2,Blockbuster,1990
2083,"Muppet Christmas Carol, The (1992)",Children's|Musical,1992,3.6068702290076335,262.0,1.0329951867709264,"Muppet Christmas Carol, The",2,Blockbuster,1990
2084,Newsies (1992),Children's|Musical,1992,3.129032258064516,93.0,1.2530467777417476,Newsies,2,Popular,1990
2085,101 Dalmatians (1961),Animation|Children's,1961,3.5964601769911506,565.0,0.9821030773438896,101 Dalmatians,2,Blockbuster,1960
2086,One Magic Christmas (1985),Drama|Fantasy,1985,3.5517241379310347,29.0,1.020721274972882,One Magic Christmas,2,Moderate,1980
2087,Peter Pan (1953),Animation|Children's|Fantasy|Musical,1953,3.65993265993266,594.0,0.9194418694379447,Peter Pan,4,Blockbuster,1950
2088,Popeye (1980),Adventure|Comedy|Musical,1980,2.59447983014862,471.0,1.0852449939680615,Popeye,3,Blockbuster,1980
2089,"Rescuers Down Under, The (1990)",Animation|Children's,1990,3.196652719665272,239.0,0.9910467307786802,"Rescuers Down Under, The",2,Blockbuster,1990
2090,"Rescuers, The (1977)",Animation|Children's,1977,3.4738955823293174,249.0,0.9961221611934593,"Rescuers, The",2,Blockbuster,1970
2091,Return from Witch Mountain (1978),Children's|Sci-Fi,1978,2.849462365591398,186.0,1.2253735144548157,Return from Witch Mountain,2,Popular,1970
2092,"Return of Jafar, The (1993)",Animation|Children's|Musical,1993,2.4355828220858897,163.0,1.036594673074441,"Return of Jafar, The",3,Popular,1990
2093,Return to Oz (1985),Adventure|Children's|Fantasy|Sci-Fi,1985,2.851449275362319,276.0,1.1707176047813272,Return to Oz,4,Blockbuster,1980
2094,"Rocketeer, The (1991)",Action|Adventure|Sci-Fi,1991,3.108695652173913,736.0,0.9768088734617371,"Rocketeer, The",3,Blockbuster,1990
2095,"Shaggy D.A., The (1976)",Children's|Comedy,1976,2.9734513274336285,113.0,0.9492494872938763,"Shaggy D.A., The",2,Popular,1970
2096,Sleeping Beauty (1959),Animation|Children's|Musical,1959,3.710371819960861,511.0,0.9173010596461,Sleeping Beauty,3,Blockbuster,1950
2097,Something Wicked This Way Comes (1983),Children's|Horror,1983,3.488262910798122,213.0,0.9091273476941775,Something Wicked This Way Comes,2,Blockbuster,1980
2098,Son of Flubber (1963),Children's|Comedy,1963,3.1447368421052633,76.0,1.1278764396678809,Son of Flubber,2,Popular,1960
2099,Song of the South (1946),Adventure|Animation|Children's|Musical,1946,3.6018099547511313,221.0,1.0552019970734159,Song of the South,4,Blockbuster,1940
2100,Splash (1984),Comedy|Fantasy|Romance,1984,3.4307824591573515,1163.0,0.8588799033832375,Splash,3,Blockbuster,1980
2101,Squanto: A Warrior's Tale (1994),Adventure|Drama,1994,3.533333333333333,15.0,1.245945806357946,Squanto: A Warrior's Tale,2,Moderate,1990
2102,Steamboat Willie (1940),Animation|Children's|Comedy|Musical,1940,3.3857868020304567,197.0,1.1081336650516682,Steamboat Willie,4,Popular,1940
2103,Tall Tale (1994),Adventure|Children's,1994,3.081081081081081,37.0,0.9538919802105005,Tall Tale,2,Moderate,1990
2104,Tex (1982),Drama,1982,3.339622641509434,53.0,0.7830756969602692,Tex,1,Popular,1980
2105,Tron (1982),Action|Adventure|Fantasy|Sci-Fi,1982,3.3556701030927836,970.0,1.0341405421515772,Tron,4,Blockbuster,1980
2106,Swing Kids (1993),Drama|War,1993,3.2972972972972974,185.0,1.095069604321056,Swing Kids,2,Popular,1990
2107,Halloween: H20 (1998),Horror|Thriller,1998,2.6884422110552766,199.0,1.143014393816567,Halloween: H20,2,Popular,1990
2108,L.A. Story (1991),Comedy|Romance,1991,3.7066666666666666,825.0,0.9037498293473193,L.A. Story,2,Blockbuster,1990
2109,"Jerk, The (1979)",Comedy,1979,3.743455497382199,573.0,1.0098188909448371,"Jerk, The",1,Blockbuster,1970
2110,Dead Men Don't Wear Plaid (1982),Comedy|Crime|Thriller,1982,3.2643051771117166,367.0,0.9629224611438397,Dead Men Don't Wear Plaid,3,Blockbuster,1980
2111,"Man with Two Brains, The (1983)",Comedy,1983,3.2275641025641026,312.0,0.993294153622387,"Man with Two Brains, The",1,Blockbuster,1980
2112,Grand Canyon (1991),Crime|Drama,1991,3.4884393063583814,346.0,0.9963029590243508,Grand Canyon,2,Blockbuster,1990
2113,Graveyard Shift (1990),Horror|Thriller,1990,2.151898734177215,79.0,1.0988176348885046,Graveyard Shift,2,Popular,1990
2114,"Outsiders, The (1983)",Drama,1983,3.6875,256.0,0.8833980738391638,"Outsiders, The",1,Blockbuster,1980
2115,Indiana Jones and the Temple of Doom (1984),Action|Adventure,1984,3.676131322094055,1127.0,1.0012372153614766,Indiana Jones and the Temple of Doom,2,Blockbuster,1980
2116,"Lord of the Rings, The (1978)",Adventure|Animation|Children's|Sci-Fi,1978,3.3333333333333335,438.0,1.139405816219615,"Lord of the Rings, The",4,Blockbuster,1970
2117,Nineteen Eighty-Four (1984),Drama|Sci-Fi,1984,3.7194244604316546,278.0,0.9653100508505924,Nineteen Eighty-Four,2,Blockbuster,1980
2118,"Dead Zone, The (1983)",Horror|Thriller,1983,3.7024793388429753,363.0,0.8948405960010394,"Dead Zone, The",2,Blockbuster,1980
2119,Maximum Overdrive (1986),Horror,1986,2.272108843537415,147.0,1.107618840089521,Maximum Overdrive,1,Popular,1980
2120,Needful Things (1993),Drama|Horror,1993,2.9421487603305785,242.0,1.0045334637796934,Needful Things,2,Blockbuster,1990
2121,Cujo (1983),Horror|Thriller,1983,2.730612244897959,245.0,1.0562468511220215,Cujo,2,Blockbuster,1980
2122,Children of the Corn (1984),Horror|Thriller,1984,2.4463519313304722,233.0,1.166300146095717,Children of the Corn,2,Blockbuster,1980
2123,All Dogs Go to Heaven (1989),Animation|Children's,1989,2.869767441860465,215.0,1.0419999828961493,All Dogs Go to Heaven,2,Blockbuster,1980
2124,"Addams Family, The (1991)",Comedy,1991,3.169467787114846,714.0,0.9740636513375742,"Addams Family, The",1,Blockbuster,1990
2125,Ever After: A Cinderella Story (1998),Drama|Romance,1998,3.7139423076923075,416.0,0.9530662433081222,Ever After: A Cinderella Story,2,Blockbuster,1990
2126,Snake Eyes (1998),Action|Crime|Mystery|Thriller,1998,2.7454545454545456,495.0,1.0159928359824981,Snake Eyes,4,Blockbuster,1990
2127,"First Love, Last Rites (1997)",Drama|Romance,1997,3.5,4.0,1.2909944487358054,"First Love, Last Rites",2,Niche,1990
2128,Safe Men (1998),Comedy,1998,3.32,25.0,1.1075498483890767,Safe Men,1,Moderate,1990
2129,"Saltmen of Tibet, The (1997)",Documentary,1997,3.75,8.0,1.2817398889233114,"Saltmen of Tibet, The",1,Niche,1990
2130,Atlantic City (1980),Crime|Drama|Romance,1980,3.8322368421052633,304.0,0.875866527927509,Atlantic City,3,Blockbuster,1980
2131,Autumn Sonata (Höstsonaten ) (1978),Drama,1978,3.7333333333333334,30.0,1.257620449659713,Autumn Sonata (Höstsonaten ),1,Moderate,1970
2132,Who's Afraid of Virginia Woolf? (1966),Drama,1966,4.074074074074074,297.0,0.9592550078942358,Who's Afraid of Virginia Woolf?,1,Blockbuster,1960
2133,Adventures in Babysitting (1987),Adventure|Comedy,1987,3.2754158964879854,541.0,1.001815972809609,Adventures in Babysitting,2,Blockbuster,1980
2134,Weird Science (1985),Comedy,1985,3.4235294117647057,510.0,0.9387087723309749,Weird Science,1,Blockbuster,1980
2135,Doctor Dolittle (1967),Adventure|Musical,1967,3.2016806722689077,238.0,0.9641666954354354,Doctor Dolittle,2,Blockbuster,1960
2136,"Nutty Professor, The (1963)",Comedy,1963,3.1486486486486487,222.0,1.0335866354627539,"Nutty Professor, The",1,Blockbuster,1960
2137,Charlotte's Web (1973),Animation|Children's,1973,3.8229376257545273,497.0,0.9250310708234112,Charlotte's Web,2,Blockbuster,1970
2138,Watership Down (1978),Animation|Children's|Drama|Fantasy,1978,3.8426229508196723,305.0,0.9112706239802871,Watership Down,4,Blockbuster,1970
2139,"Secret of NIMH, The (1982)",Animation|Children's,1982,3.850948509485095,369.0,0.9623371799348712,"Secret of NIMH, The",2,Blockbuster,1980
2140,"Dark Crystal, The (1982)",Children's|Fantasy|Sci-Fi,1982,3.652112676056338,710.0,0.9887033515309398,"Dark Crystal, The",3,Blockbuster,1980
2141,"American Tail, An (1986)",Animation|Children's|Comedy,1986,3.4282178217821784,404.0,0.9874124854668337,"American Tail, An",3,Blockbuster,1980
2142,"American Tail: Fievel Goes West, An (1991)",Animation|Children's|Comedy,1991,2.8308457711442787,201.0,1.0204135343548355,"American Tail: Fievel Goes West, An",3,Blockbuster,1990
2143,Legend (1985),Adventure|Fantasy|Romance,1985,3.2704225352112677,355.0,1.0603797377313913,Legend,3,Blockbuster,1980
2144,Sixteen Candles (1984),Comedy,1984,3.710709318497914,719.0,0.9017373653735414,Sixteen Candles,1,Blockbuster,1980
2145,Pretty in Pink (1986),Comedy|Drama|Romance,1986,3.3665223665223665,693.0,0.9035121891108318,Pretty in Pink,3,Blockbuster,1980
2146,St. Elmo's Fire (1985),Drama|Romance,1985,3.1107954545454546,352.0,0.9617750939077866,St. Elmo's Fire,2,Blockbuster,1980
2147,"Clan of the Cave Bear, The (1986)",Drama,1986,2.54978354978355,231.0,0.9806330900461347,"Clan of the Cave Bear, The",1,Blockbuster,1980
2148,House (1986),Comedy|Horror,1986,2.8855421686746987,166.0,1.097725751489758,House,2,Popular,1980
2149,House II: The Second Story (1987),Comedy|Horror,1987,2.2524271844660193,103.0,1.117757266100483,House II: The Second Story,2,Popular,1980
2150,"Gods Must Be Crazy, The (1980)",Comedy,1980,3.726618705035971,695.0,1.0228354906141996,"Gods Must Be Crazy, The",1,Blockbuster,1980
2151,"Gods Must Be Crazy II, The (1989)",Comedy,1989,3.171875,128.0,1.1231940885839462,"Gods Must Be Crazy II, The",1,Popular,1980
2152,Air Bud: Golden Receiver (1998),Children's|Comedy,1998,2.1159420289855073,69.0,1.2430540176145153,Air Bud: Golden Receiver,2,Popular,1990
2153,"Avengers, The (1998)",Action|Adventure,1998,1.9965277777777777,288.0,1.0443084966423974,"Avengers, The",2,Blockbuster,1990
2154,How Stella Got Her Groove Back (1998),Drama|Romance,1998,2.7857142857142856,140.0,1.1110026211737225,How Stella Got Her Groove Back,2,Popular,1990
2155,"Slums of Beverly Hills, The (1998)",Comedy,1998,3.3146067415730336,267.0,0.976361655130165,"Slums of Beverly Hills, The",1,Blockbuster,1990
2156,"Best Man, The (Il Testimone dello sposo) (1997)",Comedy|Drama,1997,3.7777777777777777,9.0,1.3017082793177759,"Best Man, The (Il Testimone dello sposo)",2,Niche,1990
2157,"Chambermaid on the Titanic, The (1998)",Romance,1998,3.25,20.0,1.2085223687584246,"Chambermaid on the Titanic, The",1,Moderate,1990
2158,"Henry: Portrait of a Serial Killer, Part 2 (1996)",Crime|Horror,1996,2.6,20.0,1.500876936643164,"Henry: Portrait of a Serial Killer, Part 2",2,Moderate,1990
2159,Henry: Portrait of a Serial Killer (1990),Crime|Horror,1990,3.4794520547945207,219.0,1.17827726493287,Henry: Portrait of a Serial Killer,2,Blockbuster,1990
2160,Rosemary's Baby (1968),Horror|Thriller,1968,3.818820224719101,712.0,1.0578404673077737,Rosemary's Baby,2,Blockbuster,1960
2161,"NeverEnding Story, The (1984)",Adventure|Children's|Fantasy,1984,3.6051502145922747,699.0,1.0469093955834208,"NeverEnding Story, The",3,Blockbuster,1980
2162,"NeverEnding Story II: The Next Chapter, The (1990)",Adventure|Children's|Fantasy,1990,2.4124293785310735,177.0,1.1552564044579403,"NeverEnding Story II: The Next Chapter, The",3,Popular,1990
2163,Attack of the Killer Tomatoes! (1980),Comedy|Horror,1980,2.6067961165048543,206.0,1.1752539641200819,Attack of the Killer Tomatoes!,2,Blockbuster,1980
2164,Surf Nazis Must Die (1987),Drama,1987,2.05,20.0,1.190974832912761,Surf Nazis Must Die,1,Moderate,1980
2165,Your Friends and Neighbors (1998),Drama,1998,3.376146788990826,109.0,1.1286585845488022,Your Friends and Neighbors,1,Popular,1990
2166,Return to Paradise (1998),Drama|Romance,1998,3.5208333333333335,144.0,1.0239697192856758,Return to Paradise,2,Popular,1990
2167,Blade (1998),Action|Adventure|Horror,1998,3.477132262051916,809.0,1.0933116571967605,Blade,3,Blockbuster,1990
2168,Dance with Me (1998),Drama|Romance,1998,3.0759493670886076,79.0,1.0349303444755404,Dance with Me,2,Popular,1990
2169,Dead Man on Campus (1998),Comedy,1998,2.6769230769230767,130.0,1.2085957295340004,Dead Man on Campus,1,Popular,1990
2170,Wrongfully Accused (1998),Action|Comedy,1998,2.5528455284552845,123.0,1.2492834144874603,Wrongfully Accused,2,Popular,1990
2171,"Next Stop, Wonderland (1998)",Comedy|Drama|Romance,1998,3.688775510204082,196.0,1.0278563855645848,"Next Stop, Wonderland",3,Popular,1990
2172,"Strike! (a.k.a. All I Wanna Do, The Hairy Bird) (1998)",Comedy,1998,3.25,4.0,0.49999999999999994,"Strike! (a.k.a. All I Wanna Do, The Hairy Bird)",1,Niche,1990
2173,"Navigator: A Mediaeval Odyssey, The (1988)",Adventure|Fantasy|Sci-Fi,1988,3.5636363636363635,110.0,1.0965105012718754,"Navigator: A Mediaeval Odyssey, The",3,Popular,1980
2174,Beetlejuice (1988),Comedy|Fantasy,1988,3.5678929765886287,1495.0,0.9683266673613097,Beetlejuice,2,Blockbuster,1980
2175,Déjà Vu (1997),Drama|Romance,1997,3.8333333333333335,18.0,1.0431851677040118,Déjà Vu,2,Moderate,1990
2176,Rope (1948),Thriller,1948,3.8952879581151834,191.0,0.8268703174663253,Rope,1,Popular,1940
2177,Family Plot (1976),Comedy|Thriller,1976,3.216867469879518,83.0,0.8978048129864135,Family Plot,2,Popular,1970
2178,Frenzy (1972),Thriller,1972,3.663157894736842,95.0,0.8201002314946926,Frenzy,1,Popular,1970
2179,Topaz (1969),Thriller,1969,3.1538461538461537,39.0,0.9607689228305228,Topaz,1,Moderate,1960
2180,Torn Curtain (1966),Thriller,1966,3.3275862068965516,58.0,0.9438244527989036,Torn Curtain,1,Popular,1960
2181,Marnie (1964),Thriller,1964,3.5677966101694913,118.0,0.9196693344755686,Marnie,1,Popular,1960
2182,"Wrong Man, The (1956)",Drama|Film-Noir|Thriller,1956,3.5816326530612246,98.0,0.9072840334059125,"Wrong Man, The",3,Popular,1950
2183,"Man Who Knew Too Much, The (1956)",Thriller,1956,3.9329608938547485,179.0,0.8715075751353499,"Man Who Knew Too Much, The",1,Popular,1950
2184,"Trouble with Harry, The (1955)",Mystery|Thriller,1955,3.598639455782313,147.0,0.955588206903112,"Trouble with Harry, The",2,Popular,1950
2185,I Confess (1953),Thriller,1953,3.588235294117647,17.0,0.9393364366277243,I Confess,1,Moderate,1950
2186,Strangers on a Train (1951),Film-Noir|Thriller,1951,4.304979253112033,482.0,0.7925957378933319,Strangers on a Train,2,Blockbuster,1950
2187,Stage Fright (1950),Mystery|Thriller,1950,3.576923076923077,26.0,0.9454343731037886,Stage Fright,2,Moderate,1950
2188,54 (1998),Drama,1998,2.7644787644787643,259.0,1.0354813969282666,54,1,Blockbuster,1990
2189,I Married A Strange Person (1997),Animation,1997,3.7142857142857144,21.0,0.8451542547285166,I Married A Strange Person,1,Moderate,1990
2190,Why Do Fools Fall In Love? (1998),Drama,1998,2.8461538461538463,52.0,1.0362945940567245,Why Do Fools Fall In Love?,1,Popular,1990
2191,"Merry War, A (1997)",Comedy,1997,2.8,10.0,0.9189365834726815,"Merry War, A",1,Niche,1990
2192,See the Sea (Regarde la mer) (1997),Drama,1997,3.2857142857142856,7.0,1.7043362064926935,See the Sea (Regarde la mer),1,Niche,1990
2193,Willow (1988),Action|Adventure|Fantasy,1988,3.4962593516209477,802.0,1.0021753979011756,Willow,3,Blockbuster,1980
2194,"Untouchables, The (1987)",Action|Crime|Drama,1987,4.007985803016859,1127.0,0.7923525058845781,"Untouchables, The",3,Blockbuster,1980
2195,Dirty Work (1998),Comedy,1998,3.0074074074074075,135.0,1.1427663234861163,Dirty Work,1,Popular,1990
2196,Knock Off (1998),Action,1998,2.4444444444444446,27.0,1.0127393670836664,Knock Off,1,Moderate,1990
2197,Firelight (1997),Drama,1997,4.181818181818182,11.0,1.1677484162422844,Firelight,1,Moderate,1990
2198,Modulations (1998),Documentary,1998,4.0,2.0,1.4142135623730951,Modulations,1,Niche,1990
2199,Phoenix (1998),Crime|Drama,1998,,,,Phoenix,2,,1990
2200,Under Capricorn (1949),Drama,1949,2.5,8.0,0.5345224838248488,Under Capricorn,1,Niche,1940
2201,"Paradine Case, The (1947)",Drama,1947,3.4,20.0,0.8207826816681233,"Paradine Case, The",1,Moderate,1940
2202,Lifeboat (1944),Drama|Thriller|War,1944,3.943661971830986,213.0,0.9248251840467134,Lifeboat,3,Blockbuster,1940
2203,Shadow of a Doubt (1943),Film-Noir|Thriller,1943,4.2703862660944205,233.0,0.8508759817754235,Shadow of a Doubt,2,Blockbuster,1940
2204,Saboteur (1942),Thriller,1942,3.8202247191011236,89.0,0.8602562746172713,Saboteur,1,Popular,1940
2205,Mr. & Mrs. Smith (1941),Comedy,1941,3.515151515151515,33.0,1.0931952056132324,Mr. & Mrs. Smith,1,Moderate,1940
2206,Suspicion (1941),Mystery|Thriller,1941,4.0119760479041915,167.0,0.878031917196415,Suspicion,2,Popular,1940
2207,Jamaica Inn (1939),Drama,1939,2.875,8.0,0.9910312089651149,Jamaica Inn,1,Niche,1930
2208,"Lady Vanishes, The (1938)",Comedy|Mystery|Romance|Thriller,1938,4.185929648241206,199.0,0.8590592782285059,"Lady Vanishes, The",4,Popular,1930
2209,Young and Innocent (1937),Crime|Thriller,1937,3.3,10.0,1.2516655570345725,Young and Innocent,2,Niche,1930
2210,Sabotage (1936),Thriller,1936,3.7037037037037037,54.0,0.8384538697412857,Sabotage,1,Popular,1930
2211,Secret Agent (1936),Thriller,1936,3.526315789473684,19.0,1.3067525929498998,Secret Agent,1,Moderate,1930
2212,"Man Who Knew Too Much, The (1934)",Thriller,1934,3.8359375,128.0,0.945585214371394,"Man Who Knew Too Much, The",1,Popular,1930
2213,Waltzes from Vienna (1933),Comedy|Musical,1933,1.0,1.0,,Waltzes from Vienna,2,Niche,1930
2214,Number Seventeen (1932),Thriller,1932,3.0,1.0,,Number Seventeen,1,Niche,1930
2215,Rich and Strange (1932),Comedy|Romance,1932,3.5,12.0,0.9045340337332907,Rich and Strange,2,Moderate,1930
2216,"Skin Game, The (1931)",Drama,1931,,,,"Skin Game, The",1,,1930
2217,Elstree Calling (1930),Comedy|Musical,1930,1.0,1.0,,Elstree Calling,2,Niche,1930
2218,Juno and Paycock (1930),Drama,1930,2.0,1.0,,Juno and Paycock,1,Niche,1930
2219,Murder! (1930),Mystery|Thriller,1930,3.4,10.0,1.0749676997731399,Murder!,2,Niche,1930
2220,"Manxman, The (1929)",Drama,1929,,,,"Manxman, The",1,,1920
2221,Blackmail (1929),Thriller,1929,3.090909090909091,11.0,1.4459976109624424,Blackmail,1,Moderate,1920
2222,Champagne (1928),Comedy,1928,,,,Champagne,1,,1920
2223,"Farmer's Wife, The (1928)",Comedy,1928,3.3333333333333335,3.0,0.5773502691896258,"Farmer's Wife, The",1,Niche,1920
2224,Downhill (1927),Drama,1927,,,,Downhill,1,,1920
2225,Easy Virtue (1927),Drama,1927,,,,Easy Virtue,1,,1920
2226,"Ring, The (1927)",Drama,1927,3.0,1.0,,"Ring, The",1,Niche,1920
2227,"Lodger, The (1926)",Thriller,1926,3.5238095238095237,21.0,1.1670067531530235,"Lodger, The",1,Moderate,1920
2228,"Mountain Eagle, The (1926)",Drama,1926,,,,"Mountain Eagle, The",1,,1920
2229,"Pleasure Garden, The (1925)",Drama,1925,,,,"Pleasure Garden, The",1,,1920
2230,Always Tell Your Wife (1923),Comedy,1923,,,,Always Tell Your Wife,1,,1920
2231,Rounders (1998),Crime|Drama,1998,3.608695652173913,345.0,0.8493737656244404,Rounders,2,Blockbuster,1990
2232,Cube (1997),Sci-Fi|Thriller,1997,3.467811158798283,233.0,1.114188632599021,Cube,2,Blockbuster,1990
2233,Digging to China (1998),Drama,1998,1.6,5.0,0.5477225575051661,Digging to China,1,Niche,1990
2234,Let's Talk About Sex (1998),Drama,1998,1.875,8.0,0.8345229603962802,Let's Talk About Sex,1,Niche,1990
2235,One Man's Hero (1999),Drama|War,1999,2.0,1.0,,One Man's Hero,2,Niche,1990
2236,Simon Birch (1998),Drama,1998,3.608910891089109,202.0,1.046443777316667,Simon Birch,1,Blockbuster,1990
2237,Without Limits (1998),Drama,1998,3.590909090909091,44.0,0.8160649147167842,Without Limits,1,Moderate,1990
2238,Seven Beauties (Pasqualino Settebellezze) (1976),Comedy|Drama,1976,3.831168831168831,77.0,1.2074614236248034,Seven Beauties (Pasqualino Settebellezze),2,Popular,1970
2239,Swept Away (Travolti da un insolito destino nell'azzurro mare d'Agosto) (1975),Comedy|Drama,1975,3.7422680412371134,97.0,1.157208841309769,Swept Away (Travolti da un insolito destino nell'azzurro mare d'Agosto),2,Popular,1970
2240,My Bodyguard (1980),Drama,1980,3.508403361344538,238.0,0.9081979962134943,My Bodyguard,1,Blockbuster,1980
2241,Class (1983),Comedy,1983,2.7751937984496124,129.0,0.9940472045940479,Class,1,Popular,1980
2242,"Grandview, U.S.A. (1984)",Drama,1984,2.5,6.0,1.0488088481701516,"Grandview, U.S.A.",1,Niche,1980
2243,Broadcast News (1987),Comedy|Drama|Romance,1987,3.747782002534854,789.0,0.8600028173313222,Broadcast News,3,Blockbuster,1980
2244,"Allnighter, The (1987)",Comedy|Romance,1987,1.8571428571428572,7.0,1.2149857925879117,"Allnighter, The",2,Niche,1980
2245,Working Girl (1988),Comedy|Drama,1988,3.414396887159533,514.0,0.8794086519169089,Working Girl,2,Blockbuster,1980
2246,Stars and Bars (1988),Comedy,1988,2.7142857142857144,14.0,0.9138735334633755,Stars and Bars,1,Moderate,1980
2247,Married to the Mob (1988),Comedy,1988,3.0931506849315067,365.0,0.9181217040759951,Married to the Mob,1,Blockbuster,1980
2248,Say Anything... (1989),Comedy|Drama|Romance,1989,4.017505470459518,914.0,0.8513374005824602,Say Anything...,3,Blockbuster,1980
2249,My Blue Heaven (1990),Comedy,1990,3.192468619246862,239.0,1.014902494622485,My Blue Heaven,1,Blockbuster,1990
2250,Men Don't Leave (1990),Drama,1990,3.1451612903225805,62.0,1.0377588429793863,Men Don't Leave,1,Popular,1990
2251,"Cabinet of Dr. Ramirez, The (1991)",Comedy,1991,3.5,2.0,0.7071067811865476,"Cabinet of Dr. Ramirez, The",1,Niche,1990
2252,Hero (1992),Comedy|Drama,1992,3.0161290322580645,186.0,0.9780057284506576,Hero,2,Popular,1990
2253,Toys (1992),Action|Comedy|Fantasy,1992,2.5636363636363635,440.0,1.2188890922376052,Toys,3,Blockbuster,1990
2254,Choices (1981),Drama,1981,2.0,1.0,,Choices,1,Niche,1980
2255,Young Doctors in Love (1982),Comedy,1982,2.607594936708861,79.0,0.9925068173761514,Young Doctors in Love,1,Popular,1980
2256,Parasite (1982),Horror|Sci-Fi,1982,2.375,24.0,1.1349200316590018,Parasite,2,Moderate,1980
2257,No Small Affair (1984),Comedy|Romance,1984,2.9411764705882355,17.0,1.1440382552221602,No Small Affair,2,Moderate,1980
2258,Master Ninja I (1984),Action,1984,3.0,2.0,1.4142135623730951,Master Ninja I,1,Niche,1980
2259,Blame It on Rio (1984),Comedy|Romance,1984,2.716417910447761,201.0,1.0070645979665913,Blame It on Rio,2,Blockbuster,1980
2260,Wisdom (1986),Action|Crime,1986,2.795918367346939,49.0,1.1722412976277305,Wisdom,2,Moderate,1980
2261,One Crazy Summer (1986),Comedy,1986,3.329192546583851,161.0,0.998601506580127,One Crazy Summer,1,Popular,1980
2262,About Last Night... (1986),Comedy|Drama|Romance,1986,3.1564417177914113,326.0,0.9430253645216521,About Last Night...,3,Blockbuster,1980
2263,"Seventh Sign, The (1988)",Thriller,1988,3.1028571428571428,175.0,1.039862312472106,"Seventh Sign, The",1,Popular,1980
2264,We're No Angels (1989),Drama,1989,2.5903614457831323,83.0,0.9504317963278873,We're No Angels,1,Popular,1980
2265,Nothing But Trouble (1991),Adventure|Comedy,1991,2.0,83.0,1.126185012742946,Nothing But Trouble,2,Popular,1990
2266,"Butcher's Wife, The (1991)",Comedy|Romance,1991,2.871794871794872,195.0,0.9464934519650634,"Butcher's Wife, The",2,Popular,1990
2267,Mortal Thoughts (1991),Mystery|Thriller,1991,2.945945945945946,74.0,0.9347462023413409,Mortal Thoughts,2,Popular,1990
2268,"Few Good Men, A (1992)",Crime|Drama,1992,3.93119698397738,1061.0,0.8522873661840434,"Few Good Men, A",2,Blockbuster,1990
2269,Indecent Proposal (1993),Drama,1993,2.737327188940092,217.0,0.9027418363005777,Indecent Proposal,1,Blockbuster,1990
2270,"Century of Cinema, A (1994)",Documentary,1994,,,,"Century of Cinema, A",1,,1990
2271,Permanent Midnight (1998),Drama,1998,3.289473684210526,76.0,0.8765962882830265,Permanent Midnight,1,Popular,1990
2272,One True Thing (1998),Drama,1998,3.455357142857143,112.0,0.9385477842773609,One True Thing,1,Popular,1990
2273,Rush Hour (1998),Action|Thriller,1998,3.5661881977671452,627.0,0.8990616245734284,Rush Hour,2,Blockbuster,1990
2274,Lilian's Story (1995),Drama,1995,,,,Lilian's Story,1,,1990
2275,Six-String Samurai (1998),Action|Adventure|Sci-Fi,1998,3.3661971830985915,71.0,1.406509728976745,Six-String Samurai,3,Popular,1990
2276,"Soldier's Daughter Never Cries, A (1998)",Drama,1998,3.7142857142857144,70.0,0.8869889979033879,"Soldier's Daughter Never Cries, A",1,Popular,1990
2277,Somewhere in the City (1997),Drama,1997,2.0,1.0,,Somewhere in the City,1,Niche,1990
2278,Ronin (1998),Action|Crime|Thriller,1998,3.5272952853598016,806.0,0.9722225952990614,Ronin,3,Blockbuster,1990
2279,Urban Legend (1998),Horror|Thriller,1998,2.7168141592920354,226.0,1.107301236128614,Urban Legend,2,Blockbuster,1990
2280,Clay Pigeons (1998),Crime,1998,3.432,125.0,0.9010388269891233,Clay Pigeons,1,Popular,1990
2281,Monument Ave. (1998),Crime,1998,3.4545454545454546,11.0,0.9341987329938274,Monument Ave.,1,Moderate,1990
2282,Pecker (1998),Comedy|Drama,1998,3.518987341772152,316.0,1.0554260043380166,Pecker,2,Blockbuster,1990
2283,"Sheltering Sky, The (1990)",Drama,1990,2.918032786885246,61.0,0.9881815279797721,"Sheltering Sky, The",1,Popular,1990
2284,Bandit Queen (1994),Drama,1994,3.7906976744186047,43.0,0.9650595721775966,Bandit Queen,1,Moderate,1990
2285,If.... (1968),Drama,1968,3.888888888888889,54.0,0.8614745293854451,If....,1,Popular,1960
2286,"Fiendish Plot of Dr. Fu Manchu, The (1980)",Comedy,1980,2.511627906976744,43.0,1.0991791964321944,"Fiendish Plot of Dr. Fu Manchu, The",1,Moderate,1980
2287,Them! (1954),Sci-Fi|Thriller|War,1954,3.4392857142857145,280.0,1.0351663539935732,Them!,3,Blockbuster,1950
2288,"Thing, The (1982)",Action|Horror|Sci-Fi|Thriller,1982,3.785425101214575,741.0,1.0032936240561778,"Thing, The",4,Blockbuster,1980
2289,"Player, The (1992)",Comedy|Drama,1992,3.96319018404908,978.0,0.8893057604352181,"Player, The",2,Blockbuster,1990
2290,Stardust Memories (1980),Comedy|Drama,1980,3.28099173553719,121.0,1.0018577784618248,Stardust Memories,2,Popular,1980
2291,Edward Scissorhands (1990),Drama|Romance,1990,3.5926680244399187,1473.0,0.9688072615138286,Edward Scissorhands,2,Blockbuster,1990
2292,Overnight Delivery (1996),Romance,1996,2.5,20.0,1.0513149660756937,Overnight Delivery,1,Moderate,1990
2293,Shadrach (1998),Drama,1998,3.24,25.0,0.9255628917943215,Shadrach,1,Moderate,1990
2294,Antz (1998),Animation|Children's,1998,3.483720930232558,645.0,0.9350649077077287,Antz,2,Blockbuster,1990
2295,"Impostors, The (1998)",Comedy,1998,3.810810810810811,74.0,0.8707684478347496,"Impostors, The",1,Popular,1990
2296,"Night at the Roxbury, A (1998)",Comedy,1998,2.3819444444444446,144.0,1.188502776622272,"Night at the Roxbury, A",1,Popular,1990
2297,What Dreams May Come (1998),Drama|Romance,1998,3.1070422535211266,355.0,1.1643630134211391,What Dreams May Come,2,Blockbuster,1990
2298,Strangeland (1998),Thriller,1998,1.8666666666666667,15.0,0.8338093878327919,Strangeland,1,Moderate,1990
2299,"Battle of the Sexes, The (1959)",Comedy,1959,3.75,4.0,0.49999999999999994,"Battle of the Sexes, The",1,Niche,1950
2300,"Producers, The (1968)",Comedy|Musical,1968,4.144376899696049,658.0,0.8769708784545502,"Producers, The",2,Blockbuster,1960
2301,History of the World: Part I (1981),Comedy,1981,3.5902964959568733,371.0,1.0599911618517888,History of the World: Part I,1,Blockbuster,1980
2302,My Cousin Vinny (1992),Comedy,1992,3.7845303867403315,1086.0,0.8828003779851518,My Cousin Vinny,1,Blockbuster,1990
2303,Nashville (1975),Drama|Musical,1975,3.92,325.0,1.0272821627845528,Nashville,2,Blockbuster,1970
2304,Love Is the Devil (1998),Drama,1998,3.5714285714285716,7.0,1.1338934190276817,Love Is the Devil,1,Niche,1990
2305,Slam (1998),Drama,1998,3.48,25.0,1.2622730819174326,Slam,1,Moderate,1990
2306,Holy Man (1998),Comedy,1998,2.488888888888889,90.0,1.1826882769983447,Holy Man,1,Popular,1990
2307,One Tough Cop (1998),Action|Drama,1998,2.6315789473684212,38.0,1.1251679185571428,One Tough Cop,2,Moderate,1990
2308,Detroit 9000 (1973),Action|Crime,1973,2.0,1.0,,Detroit 9000,2,Niche,1970
2309,"Inheritors, The (Die Siebtelbauern) (1998)",Drama,1998,4.5,2.0,0.7071067811865476,"Inheritors, The (Die Siebtelbauern)",1,Niche,1990
2310,"Mighty, The (1998)",Drama,1998,3.798507462686567,134.0,0.9158573841293142,"Mighty, The",1,Popular,1990
2311,2010 (1984),Mystery|Sci-Fi,1984,3.4170212765957446,470.0,0.9466176233936678,2010,2,Blockbuster,1980
2312,Children of a Lesser God (1986),Drama,1986,3.8277945619335347,331.0,0.8477855110927662,Children of a Lesser God,1,Blockbuster,1980
2313,"Elephant Man, The (1980)",Drama,1980,4.013129102844639,457.0,0.8244099769230656,"Elephant Man, The",1,Blockbuster,1980
2314,Beloved (1998),Drama,1998,3.1346153846153846,104.0,1.3728129459672882,Beloved,1,Popular,1990
2315,Bride of Chucky (1998),Horror|Thriller,1998,2.36734693877551,147.0,1.2772060295123713,Bride of Chucky,2,Popular,1990
2316,Practical Magic (1998),Drama|Romance,1998,2.983050847457627,236.0,1.0229956082138434,Practical Magic,2,Blockbuster,1990
2317,"Alarmist, The (1997)",Comedy,1997,2.625,8.0,1.0606601717798212,"Alarmist, The",1,Niche,1990
2318,Happiness (1998),Comedy,1998,3.903125,320.0,1.155600883200562,Happiness,1,Blockbuster,1990
2319,Reach the Rock (1997),Comedy,1997,,,,Reach the Rock,1,,1990
2320,Apt Pupil (1998),Drama|Thriller,1998,3.106951871657754,187.0,0.9556311953584276,Apt Pupil,2,Popular,1990
2321,Pleasantville (1998),Comedy,1998,3.6968911917098444,1158.0,0.9234339020108701,Pleasantville,1,Blockbuster,1990
2322,Soldier (1998),Action|Adventure|Sci-Fi|Thriller|War,1998,2.9310344827586206,290.0,1.072817152363552,Soldier,5,Blockbuster,1990
2323,"Cruise, The (1998)",Documentary,1998,3.942857142857143,35.0,1.0555973258234954,"Cruise, The",1,Moderate,1990
2324,Life Is Beautiful (La Vita è bella) (1997),Comedy|Drama,1997,4.329861111111111,1152.0,0.9239795967456418,Life Is Beautiful (La Vita è bella),2,Blockbuster,1990
2325,Orgazmo (1997),Comedy,1997,3.134453781512605,119.0,1.2948684230512537,Orgazmo,1,Popular,1990
2326,Shattered Image (1998),Drama|Thriller,1998,3.0,12.0,1.2060453783110545,Shattered Image,2,Moderate,1990
2327,Tales from the Darkside: The Movie (1990),Horror,1990,2.85,100.0,0.988571053224161,Tales from the Darkside: The Movie,1,Popular,1990
2328,Vampires (1998),Horror,1998,2.8497109826589595,173.0,1.1814764254483912,Vampires,1,Popular,1990
2329,American History X (1998),Drama,1998,4.2265625,640.0,0.852271600985646,American History X,1,Blockbuster,1990
2330,Hands on a Hard Body (1996),Documentary,1996,4.163043478260869,92.0,0.9172003976871349,Hands on a Hard Body,1,Popular,1990
2331,Living Out Loud (1998),Comedy|Romance,1998,3.223463687150838,179.0,0.9860300964991172,Living Out Loud,2,Popular,1990
2332,Belly (1998),Crime|Drama,1998,3.25,8.0,1.4880476182856899,Belly,2,Niche,1990
2333,Gods and Monsters (1998),Drama,1998,3.8131487889273354,578.0,0.9509824065751771,Gods and Monsters,1,Blockbuster,1990
2334,"Siege, The (1998)",Action|Thriller,1998,3.1243523316062176,386.0,0.9314575759527347,"Siege, The",2,Blockbuster,1990
2335,"Waterboy, The (1998)",Comedy,1998,2.926190476190476,420.0,1.2190922566480942,"Waterboy, The",1,Blockbuster,1990
2336,Elizabeth (1998),Drama,1998,4.029850746268656,938.0,0.8893801152708236,Elizabeth,1,Blockbuster,1990
2337,Velvet Goldmine (1998),Drama,1998,3.2063492063492065,126.0,1.1954410755362914,Velvet Goldmine,1,Popular,1990
2338,I Still Know What You Did Last Summer (1998),Horror|Mystery|Thriller,1998,2.2033898305084745,295.0,1.1661271009381817,I Still Know What You Did Last Summer,3,Blockbuster,1990
2339,I'll Be Home For Christmas (1998),Comedy|Romance,1998,2.925925925925926,27.0,0.8738036184021921,I'll Be Home For Christmas,2,Moderate,1990
2340,Meet Joe Black (1998),Romance,1998,3.252906976744186,344.0,1.064942398452214,Meet Joe Black,1,Blockbuster,1990
2341,Dancing at Lughnasa (1998),Drama,1998,3.272727272727273,44.0,0.973214199124959,Dancing at Lughnasa,1,Moderate,1990
2342,Hard Core Logo (1996),Comedy,1996,3.727272727272727,11.0,1.2720777563426764,Hard Core Logo,1,Moderate,1990
2343,"Naked Man, The (1998)",Drama,1998,2.0,2.0,0.0,"Naked Man, The",1,Niche,1990
2344,Runaway Train (1985),Action|Adventure|Drama|Thriller,1985,3.4228855721393034,201.0,0.9926095062212512,Runaway Train,4,Blockbuster,1980
2345,Desert Bloom (1986),Drama,1986,3.372093023255814,43.0,0.8458091593248357,Desert Bloom,1,Moderate,1980
2346,"Stepford Wives, The (1975)",Sci-Fi|Thriller,1975,3.3066666666666666,300.0,0.9638736415518808,"Stepford Wives, The",2,Blockbuster,1970
2347,"Pope of Greenwich Village, The (1984)",Action,1984,3.736842105263158,95.0,0.7883530680541646,"Pope of Greenwich Village, The",1,Popular,1980
2348,Sid and Nancy (1986),Drama,1986,3.5526315789473686,304.0,0.9212523667399185,Sid and Nancy,1,Blockbuster,1980
2349,Mona Lisa (1986),Comedy|Thriller,1986,3.6107784431137726,167.0,0.8491689729333863,Mona Lisa,2,Popular,1980
2350,Heart Condition (1990),Comedy,1990,2.789473684210526,19.0,0.976328005472037,Heart Condition,1,Moderate,1990
2351,Nights of Cabiria (Le Notti di Cabiria) (1957),Drama,1957,4.207207207207207,111.0,1.054144350276712,Nights of Cabiria (Le Notti di Cabiria),1,Popular,1950
2352,"Big Chill, The (1983)",Comedy|Drama,1983,3.8747016706443915,838.0,0.9502836622455308,"Big Chill, The",2,Blockbuster,1980
2353,Enemy of the State (1998),Action|Thriller,1998,3.687246963562753,988.0,0.8948571465923411,Enemy of the State,2,Blockbuster,1990
2354,"Rugrats Movie, The (1998)",Animation|Children's|Comedy,1998,2.780141843971631,141.0,1.2135673421867819,"Rugrats Movie, The",3,Popular,1990
2355,"Bug's Life, A (1998)",Animation|Children's|Comedy,1998,3.854374633000587,1703.0,0.8792840096100352,"Bug's Life, A",3,Blockbuster,1990
2356,Celebrity (1998),Comedy,1998,2.8958333333333335,96.0,1.0511063511384133,Celebrity,1,Popular,1990
2357,Central Station (Central do Brasil) (1998),Drama,1998,4.283720930232558,215.0,0.7093929985762737,Central Station (Central do Brasil),1,Blockbuster,1990
2358,Savior (1998),Drama,1998,4.0,4.0,0.816496580927726,Savior,1,Niche,1990
2359,Waking Ned Devine (1998),Comedy,1998,3.879089615931721,703.0,0.9388137460605821,Waking Ned Devine,1,Blockbuster,1990
2360,"Celebration, The (Festen) (1998)",Drama,1998,4.3076923076923075,117.0,0.9234636678768655,"Celebration, The (Festen)",1,Popular,1990
2361,Pink Flamingos (1972),Comedy,1972,3.240506329113924,158.0,1.2939367656353509,Pink Flamingos,1,Popular,1970
2362,Glen or Glenda (1953),Drama,1953,2.849056603773585,53.0,1.3922343195671312,Glen or Glenda,1,Popular,1950
2363,Godzilla (Gojira) (1954),Action|Sci-Fi,1954,3.318936877076412,301.0,1.2019179947077148,Godzilla (Gojira),2,Blockbuster,1950
2364,Godzilla (Gojira) (1984),Action|Sci-Fi,1984,2.7768595041322315,121.0,1.136424240808167,Godzilla (Gojira),2,Popular,1980
2365,King Kong vs. Godzilla (Kingukongu tai Gojira) (1962),Action|Sci-Fi,1962,2.7720588235294117,136.0,1.2290731935213135,King Kong vs. Godzilla (Kingukongu tai Gojira),2,Popular,1960
2366,King Kong (1933),Action|Adventure|Horror,1933,3.6560846560846563,756.0,1.0168005988022022,King Kong,3,Blockbuster,1930
2367,King Kong (1976),Action|Adventure|Horror,1976,2.7572815533980584,309.0,1.0332085262820834,King Kong,3,Blockbuster,1970
2368,King Kong Lives (1986),Action|Adventure|Horror,1986,1.6896551724137931,58.0,0.8420296396775969,King Kong Lives,3,Popular,1980
2369,Desperately Seeking Susan (1985),Comedy|Romance,1985,2.954761904761905,840.0,1.0277908036617767,Desperately Seeking Susan,2,Blockbuster,1980
2370,"Emerald Forest, The (1985)",Action|Adventure|Drama,1985,3.5140845070422535,142.0,0.8730472881098689,"Emerald Forest, The",3,Popular,1980
2371,Fletch (1985),Comedy,1985,3.5943238731218696,599.0,1.0152851068089455,Fletch,1,Blockbuster,1980
2372,Fletch Lives (1989),Comedy,1989,2.966386554621849,238.0,1.113270720914867,Fletch Lives,1,Blockbuster,1980
2373,Red Sonja (1985),Action|Adventure,1985,2.4814814814814814,189.0,1.0598704888394086,Red Sonja,2,Popular,1980
2374,Gung Ho (1986),Comedy|Drama,1986,2.930327868852459,244.0,0.8884618737532494,Gung Ho,2,Blockbuster,1980
2375,"Money Pit, The (1986)",Comedy,1986,2.8923444976076556,418.0,1.0061626683044622,"Money Pit, The",1,Blockbuster,1980
2376,"View to a Kill, A (1985)",Action,1985,3.267692307692308,325.0,0.9123818530494668,"View to a Kill, A",1,Blockbuster,1980
2377,Lifeforce (1985),Horror|Sci-Fi,1985,2.9453551912568305,183.0,1.1030764967858595,Lifeforce,2,Popular,1980
2378,Police Academy (1984),Comedy,1984,2.997578692493947,413.0,1.0646545301979893,Police Academy,1,Blockbuster,1980
2379,Police Academy 2: Their First Assignment (1985),Comedy,1985,2.3866666666666667,225.0,1.0337172865786026,Police Academy 2: Their First Assignment,1,Blockbuster,1980
2380,Police Academy 3: Back in Training (1986),Comedy,1986,2.0306122448979593,196.0,1.0122742268838991,Police Academy 3: Back in Training,1,Popular,1980
2381,Police Academy 4: Citizens on Patrol (1987),Comedy,1987,1.9137931034482758,174.0,1.0077930347432542,Police Academy 4: Citizens on Patrol,1,Popular,1980
2382,Police Academy 5: Assignment: Miami Beach (1988),Comedy,1988,1.7666666666666666,150.0,1.006133316494034,Police Academy 5: Assignment: Miami Beach,1,Popular,1980
2383,Police Academy 6: City Under Siege (1989),Comedy,1989,1.657718120805369,149.0,0.9283217353544941,Police Academy 6: City Under Siege,1,Popular,1980
2384,Babe: Pig in the City (1998),Children's|Comedy,1998,3.2906309751434035,523.0,1.2393794731648196,Babe: Pig in the City,2,Blockbuster,1990
2385,Home Fries (1998),Comedy|Romance,1998,2.5753424657534247,146.0,0.9744007278630724,Home Fries,2,Popular,1990
2386,Jerry Springer: Ringmaster (1998),Drama,1998,1.9661016949152543,59.0,1.098056303042904,Jerry Springer: Ringmaster,1,Popular,1990
2387,Very Bad Things (1998),Comedy|Crime,1998,2.774193548387097,217.0,1.2800742959322062,Very Bad Things,2,Blockbuster,1990
2388,Steam: The Turkish Bath (Hamam) (1997),Drama|Romance,1997,3.466666666666667,15.0,1.1872336794093274,Steam: The Turkish Bath (Hamam),2,Moderate,1990
2389,Psycho (1998),Crime|Horror|Thriller,1998,2.6515151515151514,264.0,1.1827971518528255,Psycho,3,Blockbuster,1990
2390,Little Voice (1998),Comedy,1998,3.690909090909091,330.0,0.9524767382981963,Little Voice,1,Blockbuster,1990
2391,"Simple Plan, A (1998)",Crime|Thriller,1998,3.751677852348993,745.0,0.9397583213427886,"Simple Plan, A",2,Blockbuster,1990
2392,Jack Frost (1998),Comedy|Drama,1998,2.234146341463415,205.0,1.0773082278043191,Jack Frost,2,Blockbuster,1990
2393,Star Trek: Insurrection (1998),Action|Sci-Fi,1998,3.34820322180917,807.0,1.013038384061857,Star Trek: Insurrection,2,Blockbuster,1990
2394,"Prince of Egypt, The (1998)",Animation|Musical,1998,3.5716753022452505,579.0,0.9876183954751995,"Prince of Egypt, The",2,Blockbuster,1990
2395,Rushmore (1998),Comedy,1998,3.8409836065573773,1220.0,1.0705816424044596,Rushmore,1,Blockbuster,1990
2396,Shakespeare in Love (1998),Comedy|Romance,1998,4.127479949345715,2369.0,0.9402551980931635,Shakespeare in Love,2,Blockbuster,1990
2397,Mass Appeal (1984),Drama,1984,3.3043478260869565,23.0,0.7648400075533117,Mass Appeal,1,Moderate,1980
2398,Miracle on 34th Street (1947),Drama,1947,3.960526315789474,380.0,0.939331001392142,Miracle on 34th Street,1,Blockbuster,1940
2399,Santa Claus: The Movie (1985),Adventure|Children's|Fantasy,1985,2.6681614349775784,223.0,1.113884417856663,Santa Claus: The Movie,3,Blockbuster,1980
2400,Prancer (1989),Children's|Drama,1989,2.86046511627907,43.0,0.9899830529775367,Prancer,2,Moderate,1980
2401,Pale Rider (1985),Western,1985,3.769230769230769,312.0,0.8205257027597849,Pale Rider,1,Blockbuster,1980
2402,Rambo: First Blood Part II (1985),Action|War,1985,2.825436408977556,401.0,1.050928813750519,Rambo: First Blood Part II,2,Blockbuster,1980
2403,First Blood (1982),Action,1982,3.5717884130982367,397.0,1.0288809629524749,First Blood,1,Blockbuster,1980
2404,Rambo III (1988),Action|War,1988,2.3421926910299002,301.0,1.0797440326668792,Rambo III,2,Blockbuster,1980
2405,"Jewel of the Nile, The (1985)",Action|Adventure|Comedy|Romance,1985,3.163447251114413,673.0,0.9449275627136258,"Jewel of the Nile, The",4,Blockbuster,1980
2406,Romancing the Stone (1984),Action|Adventure|Comedy|Romance,1984,3.6892193308550185,1345.0,0.865206106869418,Romancing the Stone,4,Blockbuster,1980
2407,Cocoon (1985),Comedy|Sci-Fi,1985,3.5377733598409544,1006.0,0.8855189963302511,Cocoon,2,Blockbuster,1980
2408,Cocoon: The Return (1988),Comedy|Sci-Fi,1988,2.528957528957529,259.0,0.9411621105549556,Cocoon: The Return,2,Blockbuster,1980
2409,Rocky II (1979),Action|Drama,1979,3.1775280898876406,445.0,0.9897848534295467,Rocky II,2,Blockbuster,1970
2410,Rocky III (1982),Action|Drama,1982,2.8753117206982544,401.0,1.0532872187049842,Rocky III,2,Blockbuster,1980
2411,Rocky IV (1985),Action|Drama,1985,2.6453333333333333,375.0,1.1583564483003808,Rocky IV,2,Blockbuster,1980
2412,Rocky V (1990),Action|Drama,1990,2.102189781021898,274.0,1.121123661429699,Rocky V,2,Blockbuster,1990
2413,Clue (1985),Comedy|Mystery,1985,3.2483069977426635,443.0,1.1382751003960732,Clue,2,Blockbuster,1980
2414,Young Sherlock Holmes (1985),Action|Adventure|Mystery,1985,3.390501319261214,379.0,0.8911763297236022,Young Sherlock Holmes,3,Blockbuster,1980
2415,Violets Are Blue... (1986),Drama|Romance,1986,2.8,15.0,1.01418510567422,Violets Are Blue...,2,Moderate,1980
2416,Back to School (1986),Comedy,1986,3.1497175141242937,354.0,1.0252685293958066,Back to School,1,Blockbuster,1980
2417,Heartburn (1986),Comedy|Drama,1986,2.945945945945946,74.0,1.0053540491595099,Heartburn,2,Popular,1980
2418,Nothing in Common (1986),Comedy,1986,3.0727272727272728,110.0,0.9453807631440199,Nothing in Common,1,Popular,1980
2419,Extremities (1986),Drama|Thriller,1986,3.2028985507246377,69.0,0.9483687255264653,Extremities,2,Popular,1980
2420,"Karate Kid, The (1984)",Drama,1984,3.417849898580122,493.0,0.8902394408116364,"Karate Kid, The",1,Blockbuster,1980
2421,"Karate Kid, Part II, The (1986)",Action|Adventure|Drama,1986,2.6771488469601676,477.0,0.9639302888423089,"Karate Kid, Part II, The",3,Blockbuster,1980
2422,"Karate Kid III, The (1989)",Action|Adventure|Drama,1989,2.1223776223776225,286.0,0.9416610617130814,"Karate Kid III, The",3,Blockbuster,1980
2423,Christmas Vacation (1989),Comedy,1989,3.588349514563107,515.0,1.0792796425684146,Christmas Vacation,1,Blockbuster,1980
2424,You've Got Mail (1998),Comedy|Romance,1998,3.380668257756563,838.0,1.0378539259144464,You've Got Mail,2,Blockbuster,1990
2425,"General, The (1998)",Crime,1998,3.6206896551724137,58.0,0.8548640233906201,"General, The",1,Popular,1990
2426,"Theory of Flight, The (1998)",Comedy|Drama|Romance,1998,2.962962962962963,27.0,1.3722940221362487,"Theory of Flight, The",3,Moderate,1990
2427,"Thin Red Line, The (1998)",Action|Drama|War,1998,3.398505603985056,803.0,1.215280006693644,"Thin Red Line, The",3,Blockbuster,1990
2428,"Faculty, The (1998)",Horror|Sci-Fi,1998,2.7777777777777777,513.0,1.0408329997330668,"Faculty, The",2,Blockbuster,1990
2429,Mighty Joe Young (1998),Adventure|Children's|Drama,1998,2.827777777777778,180.0,0.9962530671496521,Mighty Joe Young,3,Popular,1990
2430,Mighty Joe Young (1949),Adventure|Children's|Drama,1949,3.111111111111111,144.0,1.0781433867501866,Mighty Joe Young,3,Popular,1940
2431,Patch Adams (1998),Comedy|Drama,1998,3.1371308016877637,474.0,1.213112379208276,Patch Adams,2,Blockbuster,1990
2432,Stepmom (1998),Drama,1998,3.136986301369863,146.0,0.958663847354664,Stepmom,1,Popular,1990
2433,"Civil Action, A (1998)",Drama,1998,3.3594771241830066,612.0,0.8552476241753089,"Civil Action, A",1,Blockbuster,1990
2434,Down in the Delta (1998),Drama,1998,3.6333333333333333,60.0,0.8629210672834343,Down in the Delta,1,Popular,1990
2435,Hurlyburly (1998),Drama,1998,3.080808080808081,99.0,1.1752270095669461,Hurlyburly,1,Popular,1990
2436,Tea with Mussolini (1999),Comedy,1999,3.5901639344262297,122.0,1.0660353548837294,Tea with Mussolini,1,Popular,1990
2437,Wilde (1997),Drama,1997,3.6470588235294117,85.0,0.782332932917419,Wilde,1,Popular,1990
2438,Outside Ozona (1998),Drama|Thriller,1998,4.0,1.0,,Outside Ozona,2,Niche,1990
2439,Affliction (1997),Drama,1997,3.611111111111111,198.0,0.9744334695485495,Affliction,1,Popular,1990
2440,Another Day in Paradise (1998),Drama,1998,3.3617021276595747,47.0,1.0514075847848923,Another Day in Paradise,1,Moderate,1990
2441,"Hi-Lo Country, The (1998)",Drama|Western,1998,3.0384615384615383,26.0,0.999230473144979,"Hi-Lo Country, The",2,Moderate,1990
2442,Hilary and Jackie (1998),Drama,1998,3.825,160.0,0.8581829568462566,Hilary and Jackie,1,Popular,1990
2443,Playing by Heart (1998),Drama|Romance,1998,3.5952380952380953,126.0,1.0671724991102154,Playing by Heart,2,Popular,1990
2444,24 7: Twenty Four Seven (1997),Comedy|Drama,1997,4.0,5.0,0.9999999999999999,24 7: Twenty Four Seven,2,Niche,1990
2445,At First Sight (1999),Drama,1999,2.7972972972972974,74.0,1.0065501876541318,At First Sight,1,Popular,1990
2446,In Dreams (1999),Thriller,1999,2.5396825396825395,63.0,1.1475836721957229,In Dreams,1,Popular,1990
2447,Varsity Blues (1999),Comedy|Drama,1999,3.0601503759398496,266.0,1.0903307339414112,Varsity Blues,2,Blockbuster,1990
2448,Virus (1999),Horror|Sci-Fi,1999,2.3492063492063493,189.0,1.084102680601396,Virus,2,Popular,1990
2449,"Garbage Pail Kids Movie, The (1987)",Adventure|Children's,1987,1.53125,32.0,0.8418250143816762,"Garbage Pail Kids Movie, The",2,Moderate,1980
2450,Howard the Duck (1986),Adventure|Children's|Sci-Fi,1986,2.0990783410138247,434.0,1.0839364913011034,Howard the Duck,3,Blockbuster,1980
2451,"Gate, The (1987)",Horror,1987,2.646017699115044,113.0,1.1093784777193043,"Gate, The",1,Popular,1980
2452,"Gate II: Trespassers, The (1990)",Horror,1990,1.6842105263157894,19.0,1.2042808632793343,"Gate II: Trespassers, The",1,Moderate,1990
2453,"Boy Who Could Fly, The (1986)",Drama|Fantasy,1986,3.25,176.0,0.94112394811432,"Boy Who Could Fly, The",2,Popular,1980
2454,"Fly, The (1958)",Horror|Sci-Fi,1958,3.3583333333333334,480.0,1.048277906493061,"Fly, The",2,Blockbuster,1950
2455,"Fly, The (1986)",Horror|Sci-Fi,1986,3.4407096171802056,1071.0,0.9906030735081899,"Fly, The",2,Blockbuster,1980
2456,"Fly II, The (1989)",Horror|Sci-Fi,1989,2.313380281690141,284.0,1.0037195047791614,"Fly II, The",2,Blockbuster,1980
2457,Running Scared (1986),Action|Comedy,1986,3.382239382239382,259.0,0.8873754987644004,Running Scared,2,Blockbuster,1980
2458,Armed and Dangerous (1986),Comedy|Crime,1986,2.476923076923077,130.0,1.0055303249266274,Armed and Dangerous,2,Popular,1980
2459,"Texas Chainsaw Massacre, The (1974)",Horror,1974,3.222672064777328,247.0,1.332448440768303,"Texas Chainsaw Massacre, The",1,Blockbuster,1970
2460,"Texas Chainsaw Massacre 2, The (1986)",Horror,1986,2.353448275862069,116.0,1.2318548075429046,"Texas Chainsaw Massacre 2, The",1,Popular,1980
2461,Leatherface: Texas Chainsaw Massacre III (1990),Horror,1990,2.096774193548387,62.0,1.0970852204648707,Leatherface: Texas Chainsaw Massacre III,1,Popular,1990
2462,"Return of the Texas Chainsaw Massacre, The (1994)",Horror,1994,1.8333333333333333,54.0,1.161488959815626,"Return of the Texas Chainsaw Massacre, The",1,Popular,1990
2463,Ruthless People (1986),Comedy,1986,3.4610526315789474,475.0,0.9435875896906262,Ruthless People,1,Blockbuster,1980
2464,Trick or Treat (1986),Horror,1986,2.625,8.0,0.7440238091428449,Trick or Treat,1,Niche,1980
2465,Deadly Friend (1986),Horror,1986,2.0238095238095237,42.0,1.0238162763464755,Deadly Friend,1,Moderate,1980
2466,Belizaire the Cajun (1986),Drama,1986,3.4615384615384617,13.0,0.9674179220468452,Belizaire the Cajun,1,Moderate,1980
2467,"Name of the Rose, The (1986)",Mystery,1986,3.9012345679012346,324.0,0.9123159828411928,"Name of the Rose, The",1,Blockbuster,1980
2468,Jumpin' Jack Flash (1986),Action|Comedy|Romance|Thriller,1986,2.770053475935829,374.0,1.1580521212930432,Jumpin' Jack Flash,4,Blockbuster,1980
2469,Peggy Sue Got Married (1986),Comedy|Romance,1986,3.2766798418972334,506.0,0.9347682744930893,Peggy Sue Got Married,2,Blockbuster,1980
2470,Crocodile Dundee (1986),Adventure|Comedy,1986,3.4265350877192984,912.0,0.8822420861972821,Crocodile Dundee,2,Blockbuster,1980
2471,Crocodile Dundee II (1988),Adventure|Comedy,1988,2.6280193236714977,414.0,0.9701538479693863,Crocodile Dundee II,2,Blockbuster,1980
2472,Tough Guys (1986),Comedy,1986,2.978494623655914,93.0,0.706776125671069,Tough Guys,1,Popular,1980
2473,Soul Man (1986),Comedy,1986,2.4093264248704664,193.0,0.9147609331223319,Soul Man,1,Popular,1980
2474,"Color of Money, The (1986)",Drama,1986,3.4606413994169096,343.0,0.8150963400385474,"Color of Money, The",1,Blockbuster,1980
2475,52 Pick-Up (1986),Action|Mystery|Thriller,1986,3.3,140.0,0.9111618008554405,52 Pick-Up,3,Popular,1980
2476,Heartbreak Ridge (1986),Action|War,1986,3.3466666666666667,300.0,0.8958220877674292,Heartbreak Ridge,2,Blockbuster,1980
2477,Firewalker (1986),Adventure,1986,2.2857142857142856,42.0,0.9947597892594603,Firewalker,1,Moderate,1980
2478,Three Amigos! (1986),Comedy|Western,1986,3.117750439367311,569.0,1.1236186516027395,Three Amigos!,2,Blockbuster,1980
2479,Gloria (1999),Drama|Thriller,1999,2.272727272727273,44.0,1.0198868237174108,Gloria,2,Moderate,1990
2480,Dry Cleaning (Nettoyage à sec) (1997),Drama,1997,4.5,2.0,0.7071067811865476,Dry Cleaning (Nettoyage à sec),1,Niche,1990
2481,My Name Is Joe (1998),Drama|Romance,1998,3.6,35.0,0.881175685227012,My Name Is Joe,2,Moderate,1990
2482,Still Crazy (1998),Comedy|Romance,1998,3.3333333333333335,30.0,1.1547005383792517,Still Crazy,2,Moderate,1990
2483,"Day of the Beast, The (El Día de la bestia) (1995)",Comedy|Horror|Thriller,1995,2.92,25.0,1.705872210923198,"Day of the Beast, The (El Día de la bestia)",3,Moderate,1990
2484,Tinseltown (1998),Comedy,1998,2.0,1.0,,Tinseltown,1,Niche,1990
2485,She's All That (1999),Comedy|Romance,1999,3.051219512195122,410.0,0.9913123728902196,She's All That,2,Blockbuster,1990
2486,24-hour Woman (1998),Drama,1998,1.7777777777777777,9.0,0.6666666666666667,24-hour Woman,1,Niche,1990
2487,"Blood, Guts, Bullets and Octane (1998)",Action|Comedy,1998,2.4285714285714284,7.0,1.1338934190276817,"Blood, Guts, Bullets and Octane",2,Niche,1990
2488,Peeping Tom (1960),Drama|Horror|Thriller,1960,3.8588235294117648,85.0,1.0136325667578745,Peeping Tom,3,Popular,1960
2489,Spanish Fly (1998),Drama,1998,,,,Spanish Fly,1,,1990
2490,Payback (1999),Action|Thriller,1999,3.5058214747736094,773.0,0.9282719776339886,Payback,2,Blockbuster,1990
2491,Simply Irresistible (1999),Comedy|Romance,1999,2.739130434782609,115.0,1.1704471819114892,Simply Irresistible,2,Popular,1990
2492,20 Dates (1998),Comedy,1998,2.856115107913669,139.0,1.1519432295236858,20 Dates,1,Popular,1990
2493,"Harmonists, The (1997)",Drama,1997,4.142857142857143,28.0,1.0079052613579391,"Harmonists, The",1,Moderate,1990
2494,"Last Days, The (1998)",Documentary,1998,4.0,27.0,0.9198662110077998,"Last Days, The",1,Moderate,1990
2495,"Fantastic Planet, The (La Planète sauvage) (1973)",Animation|Sci-Fi,1973,3.6020408163265305,98.0,1.1905105542413938,"Fantastic Planet, The (La Planète sauvage)",2,Popular,1970
2496,Blast from the Past (1999),Comedy|Romance,1999,3.363888888888889,360.0,0.9548739588623859,Blast from the Past,2,Blockbuster,1990
2497,Message in a Bottle (1999),Romance,1999,2.835294117647059,170.0,1.2000696116251999,Message in a Bottle,1,Popular,1990
2498,My Favorite Martian (1999),Comedy|Sci-Fi,1999,2.3333333333333335,123.0,1.098931423349084,My Favorite Martian,2,Popular,1990
2499,God Said 'Ha!' (1998),Comedy,1998,3.5384615384615383,52.0,1.1107591197109823,God Said 'Ha!',1,Popular,1990
2500,Jawbreaker (1999),Comedy,1999,2.596638655462185,119.0,1.1298667067859203,Jawbreaker,1,Popular,1990
2501,October Sky (1999),Drama,1999,4.137755102040816,588.0,0.8497337359639514,October Sky,1,Blockbuster,1990
2502,Office Space (1999),Comedy|Romance,1999,3.8211009174311927,872.0,0.9785833754156057,Office Space,2,Blockbuster,1990
2503,"Apple, The (Sib) (1998)",Drama,1998,4.666666666666667,9.0,0.5,"Apple, The (Sib)",1,Niche,1990
2504,200 Cigarettes (1999),Comedy|Drama,1999,2.883977900552486,181.0,1.1119640679436502,200 Cigarettes,2,Popular,1990
2505,8MM (1999),Thriller,1999,2.863970588235294,272.0,1.113431767875689,8MM,1,Blockbuster,1990
2506,"Other Sister, The (1999)",Comedy|Drama|Romance,1999,3.3435582822085887,163.0,1.1406104500409902,"Other Sister, The",3,Popular,1990
2507,Breakfast of Champions (1999),Comedy,1999,2.9814814814814814,54.0,1.4074028099524012,Breakfast of Champions,1,Popular,1990
2508,"Breaks, The (1999)",Drama,1999,,,,"Breaks, The",1,,1990
2509,Eight Days a Week (1997),Comedy,1997,2.7777777777777777,18.0,0.9428090415820634,Eight Days a Week,1,Moderate,1990
2510,Just the Ticket (1999),Comedy|Romance,1999,3.6666666666666665,3.0,0.5773502691896258,Just the Ticket,2,Niche,1990
2511,"Long Goodbye, The (1973)",Crime,1973,3.8658536585365852,82.0,0.8994126357967706,"Long Goodbye, The",1,Popular,1970
2512,"Ballad of Narayama, The (Narayama Bushiko) (1982)",Drama,1982,3.9473684210526314,19.0,1.3529262199858298,"Ballad of Narayama, The (Narayama Bushiko)",1,Moderate,1980
2513,Pet Sematary (1989),Horror,1989,2.960655737704918,305.0,1.1348659045125968,Pet Sematary,1,Blockbuster,1980
2514,Pet Sematary II (1992),Horror,1992,2.060344827586207,116.0,1.1289763975154337,Pet Sematary II,1,Popular,1990
2515,Children of the Corn II: The Final Sacrifice (1993),Horror,1993,1.7884615384615385,52.0,0.9769207016514869,Children of the Corn II: The Final Sacrifice,1,Popular,1990
2516,Children of the Corn III (1994),Horror,1994,1.8444444444444446,45.0,1.0861850578045988,Children of the Corn III,1,Moderate,1990
2517,Christine (1983),Horror,1983,3.062271062271062,273.0,0.9850750044998664,Christine,1,Blockbuster,1980
2518,Night Shift (1982),Comedy,1982,3.4727891156462585,294.0,0.9149540970696874,Night Shift,1,Blockbuster,1980
2519,House on Haunted Hill (1958),Horror,1958,3.2291666666666665,96.0,1.119014290550456,House on Haunted Hill,1,Popular,1950
2520,Airport (1970),Drama,1970,3.1452513966480447,179.0,1.0919096345063604,Airport,1,Popular,1970
2521,Airport 1975 (1974),Drama,1974,2.630952380952381,84.0,1.061707670890626,Airport 1975,1,Popular,1970
2522,Airport '77 (1977),Drama,1977,2.3544303797468356,79.0,0.9612755239323388,Airport '77,1,Popular,1970
2523,Rollercoaster (1977),Drama|Thriller,1977,2.3095238095238093,42.0,0.9496622053642699,Rollercoaster,2,Moderate,1970
2524,"Towering Inferno, The (1974)",Action|Drama,1974,3.018796992481203,266.0,0.9730442698486331,"Towering Inferno, The",2,Blockbuster,1970
2525,Alligator (1980),Action|Horror|Sci-Fi,1980,2.235294117647059,153.0,1.0560895214892443,Alligator,3,Popular,1980
2526,Meteor (1979),Sci-Fi,1979,2.366412213740458,131.0,0.962417683754576,Meteor,1,Popular,1970
2527,Westworld (1973),Action|Sci-Fi|Thriller|Western,1973,3.4213836477987423,636.0,0.9905611090943824,Westworld,4,Blockbuster,1970
2528,Logan's Run (1976),Action|Adventure|Sci-Fi,1976,3.4696485623003195,626.0,0.9481968763363069,Logan's Run,3,Blockbuster,1970
2529,Planet of the Apes (1968),Action|Sci-Fi,1968,3.712564543889845,1162.0,1.0234109582032775,Planet of the Apes,2,Blockbuster,1960
2530,Beneath the Planet of the Apes (1970),Action|Sci-Fi,1970,2.9452054794520546,365.0,1.057292974031761,Beneath the Planet of the Apes,2,Blockbuster,1970
2531,Battle for the Planet of the Apes (1973),Action|Sci-Fi,1973,2.8333333333333335,312.0,1.0506977215338587,Battle for the Planet of the Apes,2,Blockbuster,1970
2532,Conquest of the Planet of the Apes (1972),Action|Sci-Fi,1972,2.8435754189944134,358.0,1.0836707814845716,Conquest of the Planet of the Apes,2,Blockbuster,1970
2533,Escape from the Planet of the Apes (1971),Action|Sci-Fi,1971,3.041036717062635,463.0,1.0529491693307864,Escape from the Planet of the Apes,2,Blockbuster,1970
2534,Avalanche (1978),Action,1978,2.5294117647058822,17.0,0.7998161553463028,Avalanche,1,Moderate,1970
2535,Earthquake (1974),Action,1974,2.8487394957983194,119.0,0.9445531224097354,Earthquake,1,Popular,1970
2536,"Concorde: Airport '79, The (1979)",Drama,1979,1.8918918918918919,37.0,0.8750804338835179,"Concorde: Airport '79, The",1,Moderate,1970
2537,Beyond the Poseidon Adventure (1979),Adventure,1979,1.9411764705882353,34.0,0.8507100944999627,Beyond the Poseidon Adventure,1,Moderate,1970
2538,Dancemaker (1998),Documentary,1998,3.6,5.0,1.6733200530681511,Dancemaker,1,Niche,1990
2539,Analyze This (1999),Comedy,1999,3.3944805194805197,616.0,0.9293246378670488,Analyze This,1,Blockbuster,1990
2540,"Corruptor, The (1999)",Action|Crime|Drama|Thriller,1999,3.032051282051282,156.0,0.9994829101469244,"Corruptor, The",4,Popular,1990
2541,Cruel Intentions (1999),Drama,1999,3.221824686940966,559.0,1.0629755851656615,Cruel Intentions,1,Blockbuster,1990
2542,"Lock, Stock & Two Smoking Barrels (1998)",Comedy|Crime|Thriller,1998,3.8976,625.0,0.9995563118268129,"Lock, Stock & Two Smoking Barrels",3,Blockbuster,1990
2543,Six Ways to Sunday (1997),Comedy,1997,3.5,2.0,0.7071067811865476,Six Ways to Sunday,1,Niche,1990
2544,"School of Flesh, The (L' École de la chair) (1998)",Drama,1998,2.7777777777777777,18.0,0.8084520834544432,"School of Flesh, The (L' École de la chair)",1,Moderate,1990
2545,Relax... It's Just Sex (1998),Comedy,1998,2.8333333333333335,12.0,1.337115846843043,Relax... It's Just Sex,1,Moderate,1990
2546,"Deep End of the Ocean, The (1999)",Drama,1999,2.940828402366864,169.0,0.9174508032212738,"Deep End of the Ocean, The",1,Popular,1990
2547,Harvest (1998),Drama,1998,,,,Harvest,1,,1990
2548,"Rage: Carrie 2, The (1999)",Horror,1999,2.2285714285714286,105.0,1.0584562675565157,"Rage: Carrie 2, The",1,Popular,1990
2549,Wing Commander (1999),Action|Sci-Fi,1999,2.2285714285714286,175.0,1.1667253093401395,Wing Commander,2,Popular,1990
2550,"Haunting, The (1963)",Horror|Thriller,1963,3.5027322404371586,183.0,1.221934679914119,"Haunting, The",2,Popular,1960
2551,Dead Ringers (1988),Drama|Thriller,1988,3.291005291005291,189.0,1.1180214024583046,Dead Ringers,2,Popular,1980
2552,My Boyfriend's Back (1993),Comedy,1993,2.2162162162162162,37.0,1.181692174974683,My Boyfriend's Back,1,Moderate,1990
2553,Village of the Damned (1960),Horror|Sci-Fi|Thriller,1960,3.356164383561644,219.0,0.9912904620713041,Village of the Damned,3,Blockbuster,1960
2554,Children of the Damned (1963),Horror|Sci-Fi|Thriller,1963,3.176470588235294,136.0,1.1147652331565001,Children of the Damned,3,Popular,1960
2555,Baby Geniuses (1999),Comedy,1999,1.701219512195122,164.0,0.9604439033051743,Baby Geniuses,1,Popular,1990
2556,Telling You (1998),Comedy|Drama|Romance,1998,3.0,1.0,,Telling You,3,Niche,1990
2557,I Stand Alone (Seul contre tous) (1998),Drama,1998,3.4,5.0,1.51657508881031,I Stand Alone (Seul contre tous),1,Niche,1990
2558,Forces of Nature (1999),Comedy|Romance,1999,2.74468085106383,235.0,0.9488653842178005,Forces of Nature,2,Blockbuster,1990
2559,"King and I, The (1999)",Animation|Children's,1999,2.5925925925925926,27.0,1.278799294388152,"King and I, The",2,Moderate,1990
2560,Ravenous (1999),Drama|Horror,1999,3.111111111111111,171.0,1.214832084472604,Ravenous,2,Popular,1990
2561,True Crime (1999),Crime|Thriller,1999,3.0381679389312977,131.0,0.955989862777536,True Crime,2,Popular,1990
2562,Bandits (1997),Drama,1997,3.7777777777777777,9.0,1.6414763002993509,Bandits,1,Niche,1990
2563,Beauty (1998),Drama,1998,3.0,1.0,,Beauty,1,Niche,1990
2564,"Empty Mirror, The (1999)",Drama,1999,,,,"Empty Mirror, The",1,,1990
2565,"King and I, The (1956)",Musical,1956,3.954301075268817,372.0,0.9144292820140717,"King and I, The",1,Blockbuster,1950
2566,Doug's 1st Movie (1999),Animation|Children's,1999,2.425,40.0,1.1742428002104819,Doug's 1st Movie,2,Moderate,1990
2567,EDtv (1999),Comedy,1999,3.2019867549668874,302.0,0.8792151588235098,EDtv,1,Blockbuster,1990
2568,"Mod Squad, The (1999)",Action|Crime,1999,2.107476635514019,214.0,0.9941803366115519,"Mod Squad, The",2,Blockbuster,1990
2569,Among Giants (1998),Drama|Romance,1998,3.7777777777777777,9.0,1.092906420717,Among Giants,2,Niche,1990
2570,"Walk on the Moon, A (1999)",Drama|Romance,1999,3.5980392156862746,102.0,0.9876445017379688,"Walk on the Moon, A",2,Popular,1990
2571,"Matrix, The (1999)",Action|Sci-Fi|Thriller,1999,4.315830115830116,2590.0,0.9309184185882262,"Matrix, The",3,Blockbuster,1990
2572,10 Things I Hate About You (1999),Comedy|Romance,1999,3.422857142857143,700.0,0.9898152930353166,10 Things I Hate About You,2,Blockbuster,1990
2573,Tango (1998),Drama,1998,3.4166666666666665,48.0,0.9186792863702076,Tango,1,Moderate,1990
2574,"Out-of-Towners, The (1999)",Comedy,1999,2.6683417085427137,199.0,1.025213830279843,"Out-of-Towners, The",1,Popular,1990
2575,"Dreamlife of Angels, The (La Vie rêvée des anges) (1998)",Drama,1998,4.0,141.0,0.9710083124552246,"Dreamlife of Angels, The (La Vie rêvée des anges)",1,Popular,1990
2576,"Love, etc. (1996)",Drama,1996,2.0,3.0,1.0,"Love, etc.",1,Niche,1990
2577,Metroland (1997),Comedy|Drama,1997,3.2857142857142856,28.0,0.7628961803617725,Metroland,2,Moderate,1990
2578,"Sticky Fingers of Time, The (1997)",Sci-Fi,1997,3.5,4.0,0.5773502691896257,"Sticky Fingers of Time, The",1,Niche,1990
2579,Following (1998),Drama,1998,3.793103448275862,29.0,0.9403384779971362,Following,1,Moderate,1990
2580,Go (1999),Crime,1999,3.854771784232365,723.0,0.9234937855476613,Go,1,Blockbuster,1990
2581,Never Been Kissed (1999),Comedy|Romance,1999,3.168269230769231,624.0,0.9889694449438127,Never Been Kissed,2,Blockbuster,1990
2582,Twin Dragons (Shuang long hui) (1992),Action|Comedy,1992,3.106060606060606,66.0,1.2042078517085621,Twin Dragons (Shuang long hui),2,Popular,1990
2583,Cookie's Fortune (1999),Mystery,1999,3.608510638297872,235.0,1.0127034537033794,Cookie's Fortune,1,Blockbuster,1990
2584,Foolish (1999),Comedy,1999,3.0,1.0,,Foolish,1,Niche,1990
2585,"Lovers of the Arctic Circle, The (Los Amantes del Círculo Polar) (1998)",Drama|Romance,1998,3.8541666666666665,48.0,1.010362971081845,"Lovers of the Arctic Circle, The (Los Amantes del Círculo Polar)",2,Moderate,1990
2586,"Goodbye, Lover (1999)",Comedy|Crime|Thriller,1999,2.96,25.0,1.1718930554164633,"Goodbye, Lover",3,Moderate,1990
2587,Life (1999),Comedy,1999,2.9607843137254903,102.0,0.9219175950315368,Life,1,Popular,1990
2588,Clubland (1998),Drama,1998,,,,Clubland,1,,1990
2589,Friends & Lovers (1999),Comedy|Drama|Romance,1999,2.734375,64.0,1.1161468228502602,Friends & Lovers,3,Popular,1990
2590,Hideous Kinky (1998),Drama,1998,3.0416666666666665,48.0,1.1290804643759722,Hideous Kinky,1,Moderate,1990
2591,Jeanne and the Perfect Guy (Jeanne et le garçon formidable) (1998),Comedy|Romance,1998,2.0,2.0,1.4142135623730951,Jeanne and the Perfect Guy (Jeanne et le garçon formidable),2,Niche,1990
2592,"Joyriders, The (1999)",Drama,1999,3.0,1.0,,"Joyriders, The",1,Niche,1990
2593,"Monster, The (Il Mostro) (1994)",Comedy,1994,3.7142857142857144,35.0,1.0451970985368817,"Monster, The (Il Mostro)",1,Moderate,1990
2594,Open Your Eyes (Abre los ojos) (1997),Drama|Romance|Sci-Fi,1997,3.9516129032258065,62.0,1.0928593771347865,Open Your Eyes (Abre los ojos),3,Popular,1990
2595,Photographer (Fotoamator) (1998),Documentary,1998,,,,Photographer (Fotoamator),1,,1990
2596,SLC Punk! (1998),Comedy|Drama,1998,3.618705035971223,139.0,1.0861158254434944,SLC Punk!,2,Popular,1990
2597,Lost & Found (1999),Comedy|Romance,1999,2.609375,64.0,1.121467115908216,Lost & Found,2,Popular,1990
2598,Pushing Tin (1999),Comedy,1999,3.016885553470919,533.0,0.9913612101083272,Pushing Tin,1,Blockbuster,1990
2599,Election (1999),Comedy,1999,3.9303547963206307,1522.0,0.9268504097522141,Election,1,Blockbuster,1990
2600,eXistenZ (1999),Action|Sci-Fi|Thriller,1999,3.2560975609756095,410.0,1.1785675239677589,eXistenZ,3,Blockbuster,1990
2601,"Little Bit of Soul, A (1998)",Comedy,1998,,,,"Little Bit of Soul, A",1,,1990
2602,Mighty Peking Man (Hsing hsing wang) (1977),Adventure|Sci-Fi,1977,2.8333333333333335,6.0,1.3291601358251257,Mighty Peking Man (Hsing hsing wang),2,Niche,1970
2603,Nô (1998),Drama,1998,,,,Nô,1,,1990
2604,Let it Come Down: The Life of Paul Bowles (1998),Documentary,1998,,,,Let it Come Down: The Life of Paul Bowles,1,,1990
2605,Entrapment (1999),Crime|Thriller,1999,3.168597168597169,777.0,0.9863199401682068,Entrapment,2,Blockbuster,1990
2606,Idle Hands (1999),Comedy|Horror,1999,2.7246376811594204,207.0,1.2984388457100962,Idle Hands,2,Blockbuster,1990
2607,Get Real (1998),Drama,1998,4.088235294117647,68.0,0.9421362533783334,Get Real,1,Popular,1990
2608,Heaven (1998),Thriller,1998,2.6,5.0,0.5477225575051662,Heaven,1,Niche,1990
2609,"King of Masks, The (Bian Lian) (1996)",Drama,1996,4.223880597014926,67.0,0.8315902167276944,"King of Masks, The (Bian Lian)",1,Popular,1990
2610,Three Seasons (1999),Drama,1999,3.8780487804878048,41.0,0.8998644884431073,Three Seasons,1,Moderate,1990
2611,"Winslow Boy, The (1998)",Drama,1998,3.910958904109589,146.0,0.901502446124494,"Winslow Boy, The",1,Popular,1990
2612,Mildred Pierce (1945),Drama,1945,4.088235294117647,136.0,0.793217435374523,Mildred Pierce,1,Popular,1940
2613,Night of the Comet (1984),Action|Horror|Sci-Fi,1984,3.096085409252669,281.0,1.000724191255973,Night of the Comet,3,Blockbuster,1980
2614,Chopping Mall (a.k.a. Killbots) (1986),Action|Horror|Sci-Fi,1986,1.9318181818181819,44.0,0.925044996334302,Chopping Mall (a.k.a. Killbots),3,Moderate,1980
2615,My Science Project (1985),Adventure|Sci-Fi,1985,3.0105820105820107,189.0,0.9675007174081566,My Science Project,2,Popular,1980
2616,Dick Tracy (1990),Action|Crime,1990,2.6826923076923075,624.0,0.990462606480628,Dick Tracy,2,Blockbuster,1990
2617,"Mummy, The (1999)",Action|Adventure|Horror|Thriller,1999,3.3217477656405165,1007.0,1.1056306836735252,"Mummy, The",4,Blockbuster,1990
2618,"Castle, The (1997)",Comedy,1997,3.891304347826087,46.0,0.9939430090875478,"Castle, The",1,Moderate,1990
2619,Mascara (1999),Drama,1999,3.0,1.0,,Mascara,1,Niche,1990
2620,This Is My Father (1998),Drama|Romance,1998,3.6944444444444446,36.0,0.7862912744358596,This Is My Father,2,Moderate,1990
2621,Xiu Xiu: The Sent-Down Girl (Tian yu) (1998),Drama|Romance,1998,3.652173913043478,69.0,1.0265030150455954,Xiu Xiu: The Sent-Down Girl (Tian yu),2,Popular,1990
2622,"Midsummer Night's Dream, A (1999)",Comedy|Fantasy,1999,3.3493975903614457,415.0,1.0100190716590223,"Midsummer Night's Dream, A",2,Blockbuster,1990
2623,Trippin' (1999),Comedy,1999,2.75,4.0,1.2583057392117916,Trippin',1,Niche,1990
2624,After Life (1998),Drama,1998,4.088235294117647,102.0,0.9960609665271606,After Life,1,Popular,1990
2625,Black Mask (Hak hap) (1996),Action,1996,3.0757575757575757,66.0,1.1136993940585318,Black Mask (Hak hap),1,Popular,1990
2626,Edge of Seventeen (1998),Comedy|Drama|Romance,1998,3.5714285714285716,35.0,1.092372331636228,Edge of Seventeen,3,Moderate,1990
2627,Endurance (1998),Documentary|Drama,1998,3.4285714285714284,14.0,1.0894095588038442,Endurance,2,Moderate,1990
2628,Star Wars: Episode I - The Phantom Menace (1999),Action|Adventure|Fantasy|Sci-Fi,1999,3.409777777777778,2250.0,1.1257495677652494,Star Wars: Episode I - The Phantom Menace,4,Blockbuster,1990
2629,"Love Letter, The (1999)",Comedy|Romance,1999,2.75,144.0,1.041112906420857,"Love Letter, The",2,Popular,1990
2630,Besieged (L' Assedio) (1998),Drama,1998,3.5121951219512195,41.0,1.1207575835012717,Besieged (L' Assedio),1,Moderate,1990
2631,Frogs for Snakes (1998),Comedy|Film-Noir|Thriller,1998,2.0,5.0,1.0,Frogs for Snakes,3,Niche,1990
2632,"Saragossa Manuscript, The (Rekopis znaleziony w Saragossie) (1965)",Drama,1965,3.272727272727273,11.0,1.555050423035156,"Saragossa Manuscript, The (Rekopis znaleziony w Saragossie)",1,Moderate,1960
2633,"Mummy, The (1932)",Horror|Romance,1932,3.537037037037037,162.0,1.1373877059520179,"Mummy, The",2,Popular,1930
2634,"Mummy, The (1959)",Horror,1959,3.247311827956989,93.0,1.0493881652046693,"Mummy, The",1,Popular,1950
2635,"Mummy's Curse, The (1944)",Horror,1944,3.032258064516129,31.0,1.1967698460924427,"Mummy's Curse, The",1,Moderate,1940
2636,"Mummy's Ghost, The (1944)",Horror,1944,2.4615384615384617,13.0,1.0500305245868342,"Mummy's Ghost, The",1,Moderate,1940
2637,"Mummy's Hand, The (1940)",Horror,1940,2.6666666666666665,33.0,1.1086778913041726,"Mummy's Hand, The",1,Moderate,1940
2638,"Mummy's Tomb, The (1942)",Horror,1942,2.8333333333333335,36.0,1.1338934190276815,"Mummy's Tomb, The",1,Moderate,1940
2639,Mommie Dearest (1981),Drama,1981,3.2024539877300615,163.0,1.0550262368889807,Mommie Dearest,1,Popular,1980
2640,Superman (1978),Action|Adventure|Sci-Fi,1978,3.536824877250409,1222.0,0.9237262432231257,Superman,3,Blockbuster,1970
2641,Superman II (1980),Action|Adventure|Sci-Fi,1980,3.1643026004728134,846.0,0.9827879306384528,Superman II,3,Blockbuster,1980
2642,Superman III (1983),Action|Adventure|Sci-Fi,1983,2.336594911937378,511.0,0.966199016509266,Superman III,3,Blockbuster,1980
2643,Superman IV: The Quest for Peace (1987),Action|Adventure|Sci-Fi,1987,1.8885542168674698,332.0,0.9937516361104493,Superman IV: The Quest for Peace,3,Blockbuster,1980
2644,Dracula (1931),Horror,1931,3.827731092436975,238.0,1.1022358841288231,Dracula,1,Blockbuster,1930
2645,Dracula (1958),Horror,1958,3.343137254901961,102.0,1.1388295019184895,Dracula,1,Popular,1950
2646,House of Dracula (1945),Horror,1945,2.871794871794872,39.0,1.1960348344576623,House of Dracula,1,Moderate,1940
2647,House of Frankenstein (1944),Horror,1944,3.1923076923076925,52.0,1.2051923862117637,House of Frankenstein,1,Popular,1940
2648,Frankenstein (1931),Horror,1931,3.9753694581280787,406.0,0.9784766373451756,Frankenstein,1,Blockbuster,1930
2649,Son of Frankenstein (1939),Horror,1939,3.3230769230769233,65.0,1.1054932766034289,Son of Frankenstein,1,Popular,1930
2650,"Ghost of Frankenstein, The (1942)",Horror,1942,2.757575757575758,33.0,1.2507573463281916,"Ghost of Frankenstein, The",1,Moderate,1940
2651,Frankenstein Meets the Wolf Man (1943),Horror,1943,3.1463414634146343,82.0,1.134443369457671,Frankenstein Meets the Wolf Man,1,Popular,1940
2652,"Curse of Frankenstein, The (1957)",Horror,1957,2.9215686274509802,51.0,1.2937254307603598,"Curse of Frankenstein, The",1,Popular,1950
2653,Son of Dracula (1943),Horror,1943,2.761904761904762,42.0,1.2058702719031171,Son of Dracula,1,Moderate,1940
2654,"Wolf Man, The (1941)",Horror,1941,3.7611940298507465,134.0,0.9591592847373808,"Wolf Man, The",1,Popular,1940
2655,Howling II: Your Sister Is a Werewolf (1985),Horror,1985,1.7659574468085106,47.0,1.087733302459889,Howling II: Your Sister Is a Werewolf,1,Moderate,1980
2656,Tarantula (1955),Horror|Sci-Fi,1955,2.774193548387097,62.0,1.151184063827394,Tarantula,2,Popular,1950
2657,"Rocky Horror Picture Show, The (1975)",Comedy|Horror|Musical|Sci-Fi,1975,3.291159772911598,1233.0,1.2601772839374212,"Rocky Horror Picture Show, The",4,Blockbuster,1970
2658,"Flying Saucer, The (1950)",Sci-Fi,1950,3.090909090909091,11.0,1.300349603340998,"Flying Saucer, The",1,Moderate,1950
2659,It Came from Hollywood (1982),Comedy|Documentary,1982,3.1739130434782608,46.0,1.017717442255232,It Came from Hollywood,2,Moderate,1980
2660,"Thing From Another World, The (1951)",Sci-Fi,1951,3.8962962962962964,135.0,1.1013836214973407,"Thing From Another World, The",1,Popular,1950
2661,It Came from Outer Space (1953),Sci-Fi,1953,3.3617021276595747,94.0,1.1345129581690503,It Came from Outer Space,1,Popular,1950
2662,"War of the Worlds, The (1953)",Action|Sci-Fi|War,1953,3.8584070796460175,565.0,0.8758709610298321,"War of the Worlds, The",3,Blockbuster,1950
2663,It Came from Beneath the Sea (1955),Sci-Fi,1955,3.0754716981132075,53.0,1.0714665830564554,It Came from Beneath the Sea,1,Popular,1950
2664,Invasion of the Body Snatchers (1956),Horror|Sci-Fi,1956,3.912420382165605,628.0,0.9832594957970822,Invasion of the Body Snatchers,2,Blockbuster,1950
2665,Earth Vs. the Flying Saucers (1956),Sci-Fi,1956,3.4225352112676055,71.0,1.1040441480689582,Earth Vs. the Flying Saucers,1,Popular,1950
2666,It Conquered the World (1956),Sci-Fi,1956,3.2142857142857144,28.0,1.2279806626883454,It Conquered the World,1,Moderate,1950
2667,"Mole People, The (1956)",Sci-Fi,1956,2.6206896551724137,58.0,1.18214177032802,"Mole People, The",1,Popular,1950
2668,Swamp Thing (1982),Horror|Sci-Fi,1982,2.5347985347985347,273.0,0.9508498789771106,Swamp Thing,2,Blockbuster,1980
2669,Pork Chop Hill (1959),War,1959,3.7383177570093458,107.0,0.9146238385273308,Pork Chop Hill,1,Popular,1950
2670,"Run Silent, Run Deep (1958)",War,1958,4.0,220.0,0.7402332101976054,"Run Silent, Run Deep",1,Blockbuster,1950
2671,Notting Hill (1999),Comedy|Romance,1999,3.6628205128205127,780.0,0.9957043777117501,Notting Hill,2,Blockbuster,1990
2672,"Thirteenth Floor, The (1999)",Drama|Sci-Fi|Thriller,1999,3.1892583120204603,391.0,1.0177840243800735,"Thirteenth Floor, The",3,Blockbuster,1990
2673,Eternity and a Day (Mia eoniotita ke mia mera ) (1998),Drama,1998,3.857142857142857,7.0,1.4638501094227998,Eternity and a Day (Mia eoniotita ke mia mera ),1,Niche,1990
2674,"Loss of Sexual Innocence, The (1999)",Drama,1999,2.6923076923076925,26.0,1.2575923272422034,"Loss of Sexual Innocence, The",1,Moderate,1990
2675,Twice Upon a Yesterday (1998),Comedy|Drama|Romance,1998,3.4,10.0,1.3498971154211057,Twice Upon a Yesterday,3,Niche,1990
2676,Instinct (1999),Drama|Thriller,1999,3.1353383458646618,266.0,1.0299804349650716,Instinct,2,Blockbuster,1990
2677,Buena Vista Social Club (1999),Documentary,1999,4.056521739130435,230.0,1.0027586782343272,Buena Vista Social Club,1,Blockbuster,1990
2678,Desert Blue (1999),Drama,1999,3.12,25.0,1.0923979738782625,Desert Blue,1,Moderate,1990
2679,Finding North (1999),Drama|Romance,1999,2.6,5.0,1.1401754250991378,Finding North,2,Niche,1990
2680,Floating (1997),Drama,1997,,,,Floating,1,,1990
2681,Free Enterprise (1998),Comedy|Romance|Sci-Fi,1998,3.604651162790698,43.0,1.1980049861514992,Free Enterprise,3,Moderate,1990
2682,Limbo (1999),Drama,1999,4.056818181818182,88.0,0.8353945250833197,Limbo,1,Popular,1990
2683,Austin Powers: The Spy Who Shagged Me (1999),Comedy,1999,3.388423988842399,1434.0,1.151063053735094,Austin Powers: The Spy Who Shagged Me,1,Blockbuster,1990
2684,Taxman (1999),Comedy|Drama,1999,,,,Taxman,2,,1990
2685,"Red Dwarf, The (Le Nain rouge) (1998)",Comedy|Drama,1998,3.0,4.0,0.816496580927726,"Red Dwarf, The (Le Nain rouge)",2,Niche,1990
2686,"Red Violin, The (Le Violon rouge) (1998)",Drama|Mystery,1998,3.9622641509433962,583.0,0.9553339238451686,"Red Violin, The (Le Violon rouge)",2,Blockbuster,1990
2687,Tarzan (1999),Animation|Children's,1999,3.665158371040724,442.0,1.0328432444497588,Tarzan,2,Blockbuster,1990
2688,"General's Daughter, The (1999)",Drama|Thriller,1999,3.141823444283647,691.0,0.9913402598562653,"General's Daughter, The",2,Blockbuster,1990
2689,Get Bruce (1999),Documentary,1999,3.3902439024390243,41.0,1.1153037429437733,Get Bruce,1,Moderate,1990
2690,"Ideal Husband, An (1999)",Comedy,1999,3.7,390.0,0.9565092920128591,"Ideal Husband, An",1,Blockbuster,1990
2691,"Legend of 1900, The (Leggenda del pianista sull'oceano) (1998)",Drama,1998,2.95,20.0,1.0990426455975697,"Legend of 1900, The (Leggenda del pianista sull'oceano)",1,Moderate,1990
2692,Run Lola Run (Lola rennt) (1998),Action|Crime|Romance,1998,4.224813432835821,1072.0,0.871169064757172,Run Lola Run (Lola rennt),3,Blockbuster,1990
2693,Trekkies (1997),Documentary,1997,3.857142857142857,224.0,0.9644547506479528,Trekkies,1,Blockbuster,1990
2694,Big Daddy (1999),Comedy,1999,3.1352718078381794,791.0,1.0747539704104638,Big Daddy,1,Blockbuster,1990
2695,"Boys, The (1997)",Drama,1997,2.1818181818181817,11.0,1.0787197799411874,"Boys, The",1,Moderate,1990
2696,"Dinner Game, The (Le Dîner de cons) (1998)",Comedy,1998,3.691358024691358,81.0,1.1580368658708795,"Dinner Game, The (Le Dîner de cons)",1,Popular,1990
2697,My Son the Fanatic (1998),Comedy|Drama|Romance,1998,3.7291666666666665,48.0,0.8688359376342708,My Son the Fanatic,3,Moderate,1990
2698,Zone 39 (1997),Sci-Fi,1997,,,,Zone 39,1,,1990
2699,Arachnophobia (1990),Action|Comedy|Sci-Fi|Thriller,1990,3.0029261155815656,1367.0,0.9717790569531244,Arachnophobia,4,Blockbuster,1990
2700,"South Park: Bigger, Longer and Uncut (1999)",Animation|Comedy,1999,3.760441292356186,1269.0,1.2353795291863594,"South Park: Bigger, Longer and Uncut",2,Blockbuster,1990
2701,Wild Wild West (1999),Action|Sci-Fi|Western,1999,2.158536585365854,902.0,1.0652045226765676,Wild Wild West,3,Blockbuster,1990
2702,Summer of Sam (1999),Drama,1999,3.070886075949367,395.0,1.0495529503640157,Summer of Sam,1,Blockbuster,1990
2703,Broken Vessels (1998),Drama,1998,3.0,1.0,,Broken Vessels,1,Niche,1990
2704,"Lovers on the Bridge, The (Les Amants du Pont-Neuf) (1991)",Drama|Romance,1991,3.073170731707317,41.0,1.3113017178063757,"Lovers on the Bridge, The (Les Amants du Pont-Neuf)",2,Moderate,1990
2705,"Late August, Early September (Fin août, début septembre) (1998)",Drama,1998,2.7142857142857144,7.0,1.7994708216848745,"Late August, Early September (Fin août, début septembre)",1,Niche,1990
2706,American Pie (1999),Comedy,1999,3.7098632109431247,1389.0,1.0870189233756309,American Pie,1,Blockbuster,1990
2707,Arlington Road (1999),Thriller,1999,3.504731861198738,634.0,1.0058955787504826,Arlington Road,1,Blockbuster,1990
2708,"Autumn Tale, An (Conte d'automne) (1998)",Romance,1998,3.8297872340425534,47.0,0.9164949521000058,"Autumn Tale, An (Conte d'automne)",1,Moderate,1990
2709,Muppets From Space (1999),Children's|Comedy,1999,3.1767241379310347,232.0,1.092584826557811,Muppets From Space,2,Blockbuster,1990
2710,"Blair Witch Project, The (1999)",Horror,1999,3.0315278900565885,1237.0,1.3163677138860737,"Blair Witch Project, The",1,Blockbuster,1990
2711,My Life So Far (1999),Drama,1999,3.5625,32.0,0.981687158630159,My Life So Far,1,Moderate,1990
2712,Eyes Wide Shut (1999),Drama,1999,3.201058201058201,945.0,1.259623523675699,Eyes Wide Shut,1,Blockbuster,1990
2713,Lake Placid (1999),Horror|Thriller,1999,2.501187648456057,421.0,1.1076029525143496,Lake Placid,2,Blockbuster,1990
2714,"Wood, The (1999)",Drama,1999,3.2528735632183907,87.0,1.002536211775354,"Wood, The",1,Popular,1990
2715,"Velocity of Gary, The (1998)",Comedy|Romance,1998,2.227272727272727,22.0,1.109775532079227,"Velocity of Gary, The",2,Moderate,1990
2716,Ghostbusters (1984),Comedy|Horror,1984,3.9055479138010085,2181.0,0.8842513212848717,Ghostbusters,2,Blockbuster,1980
2717,Ghostbusters II (1989),Comedy|Horror,1989,2.9061946902654867,565.0,0.9875360829964563,Ghostbusters II,2,Blockbuster,1980
2718,Drop Dead Gorgeous (1999),Comedy,1999,3.1305483028720626,383.0,1.1616387874029281,Drop Dead Gorgeous,1,Blockbuster,1990
2719,"Haunting, The (1999)",Horror|Thriller,1999,2.3823529411764706,476.0,1.0725393033709965,"Haunting, The",2,Blockbuster,1990
2720,Inspector Gadget (1999),Action|Adventure|Children's|Comedy,1999,2.1662198391420913,373.0,1.049442209719446,Inspector Gadget,4,Blockbuster,1990
2721,Trick (1999),Romance,1999,3.764705882352941,85.0,1.0981267472114393,Trick,1,Popular,1990
2722,Deep Blue Sea (1999),Action|Sci-Fi|Thriller,1999,2.8729096989966556,598.0,1.0706540347767945,Deep Blue Sea,3,Blockbuster,1990
2723,Mystery Men (1999),Action|Adventure|Comedy,1999,3.0105509964830013,853.0,1.145979418446047,Mystery Men,3,Blockbuster,1990
2724,Runaway Bride (1999),Comedy|Romance,1999,3.12,650.0,1.0375388681526974,Runaway Bride,2,Blockbuster,1990
2725,Twin Falls Idaho (1999),Drama,1999,3.7473684210526317,95.0,1.0207258686798142,Twin Falls Idaho,1,Popular,1990
2726,"Killing, The (1956)",Crime|Film-Noir,1956,4.1692307692307695,130.0,0.8457688721467744,"Killing, The",2,Popular,1950
2727,Killer's Kiss (1955),Film-Noir,1955,3.46875,32.0,0.7613390156652905,Killer's Kiss,1,Moderate,1950
2728,Spartacus (1960),Drama,1960,4.018779342723005,426.0,0.870226157566784,Spartacus,1,Blockbuster,1960
2729,Lolita (1962),Drama,1962,3.8656716417910446,201.0,0.8642139038697485,Lolita,1,Blockbuster,1960
2730,Barry Lyndon (1975),Drama,1975,3.5502958579881656,169.0,1.1593883989268114,Barry Lyndon,1,Popular,1970
2731,"400 Blows, The (Les Quatre cents coups) (1959)",Drama,1959,4.320855614973262,187.0,0.8698926614713699,"400 Blows, The (Les Quatre cents coups)",1,Popular,1950
2732,Jules and Jim (Jules et Jim) (1961),Drama,1961,3.97972972972973,148.0,1.0463385762997501,Jules and Jim (Jules et Jim),1,Popular,1960
2733,Vibes (1988),Adventure|Comedy,1988,2.44,50.0,1.1979574453278072,Vibes,2,Moderate,1980
2734,"Mosquito Coast, The (1986)",Drama,1986,3.3583690987124464,466.0,0.9053631844355222,"Mosquito Coast, The",1,Blockbuster,1980
2735,"Golden Child, The (1986)",Action|Adventure|Comedy,1986,2.89760348583878,459.0,0.9714116184139293,"Golden Child, The",3,Blockbuster,1980
2736,Brighton Beach Memoirs (1986),Comedy,1986,3.4355555555555557,225.0,0.884680015688571,Brighton Beach Memoirs,1,Blockbuster,1980
2737,Assassination (1987),Action,1987,2.9130434782608696,23.0,0.996039588400019,Assassination,1,Moderate,1980
2738,Crimes of the Heart (1986),Comedy|Drama,1986,3.4556962025316458,79.0,0.984462216259113,Crimes of the Heart,2,Popular,1980
2739,"Color Purple, The (1985)",Drama,1985,3.8555555555555556,450.0,1.0421101505834323,"Color Purple, The",1,Blockbuster,1980
2740,"Kindred, The (1986)",Horror,1986,2.6470588235294117,17.0,0.9963167462326072,"Kindred, The",1,Moderate,1980
2741,No Mercy (1986),Action|Thriller,1986,3.0163934426229506,61.0,1.1179117925651756,No Mercy,2,Popular,1980
2742,Ménage (Tenue de soirée) (1986),Comedy|Drama,1986,2.0,1.0,,Ménage (Tenue de soirée),2,Niche,1980
2743,Native Son (1986),Drama,1986,3.375,24.0,0.7696696072652383,Native Son,1,Moderate,1980
2744,Otello (1986),Drama,1986,3.6842105263157894,38.0,0.9330352433277145,Otello,1,Moderate,1980
2745,"Mission, The (1986)",Drama,1986,3.8951965065502185,229.0,0.9447099159270529,"Mission, The",1,Blockbuster,1980
2746,Little Shop of Horrors (1986),Comedy|Horror|Musical,1986,3.3322649572649574,936.0,1.0504216613441297,Little Shop of Horrors,3,Blockbuster,1980
2747,"Little Shop of Horrors, The (1960)",Comedy|Horror,1960,3.311797752808989,356.0,1.0620077311171903,"Little Shop of Horrors, The",2,Blockbuster,1960
2748,Allan Quartermain and the Lost City of Gold (1987),Action|Adventure,1987,2.051094890510949,137.0,0.9801047954414009,Allan Quartermain and the Lost City of Gold,2,Popular,1980
2749,"Morning After, The (1986)",Drama|Mystery,1986,3.218390804597701,87.0,0.7689510728730412,"Morning After, The",2,Popular,1980
2750,Radio Days (1987),Comedy|Drama,1987,3.6982456140350877,285.0,0.9307900680222876,Radio Days,2,Blockbuster,1980
2751,From the Hip (1987),Comedy,1987,2.814814814814815,54.0,1.029271111837485,From the Hip,1,Popular,1980
2752,Outrageous Fortune (1987),Comedy|Mystery,1987,2.962162162162162,185.0,0.934644593970766,Outrageous Fortune,2,Popular,1980
2753,"Bedroom Window, The (1987)",Thriller,1987,3.491228070175439,57.0,0.8264123628574959,"Bedroom Window, The",1,Popular,1980
2754,Deadtime Stories (1987),Horror,1987,1.8333333333333333,12.0,0.937436866561092,Deadtime Stories,1,Moderate,1980
2755,Light of Day (1987),Drama,1987,2.6774193548387095,31.0,1.076633542551149,Light of Day,1,Moderate,1980
2756,Wanted: Dead or Alive (1987),Action,1987,3.21875,32.0,0.8321900759926456,Wanted: Dead or Alive,1,Moderate,1980
2757,Frances (1982),Drama,1982,3.8222222222222224,135.0,0.7809931169710903,Frances,1,Popular,1980
2758,Plenty (1985),Drama,1985,2.838709677419355,31.0,1.003220620254202,Plenty,1,Moderate,1980
2759,Dick (1999),Comedy,1999,3.3511627906976744,430.0,0.9941254237030654,Dick,1,Blockbuster,1990
2760,"Gambler, The (A Játékos) (1997)",Drama,1997,3.4285714285714284,7.0,1.5118578920369088,"Gambler, The (A Játékos)",1,Niche,1990
2761,"Iron Giant, The (1999)",Animation|Children's,1999,4.0474777448071215,674.0,0.9398560733339557,"Iron Giant, The",2,Blockbuster,1990
2762,"Sixth Sense, The (1999)",Thriller,1999,4.406262708418057,2459.0,0.8010224229107712,"Sixth Sense, The",1,Blockbuster,1990
2763,"Thomas Crown Affair, The (1999)",Action|Thriller,1999,3.6418732782369148,1089.0,0.9434032663169142,"Thomas Crown Affair, The",2,Blockbuster,1990
2764,"Thomas Crown Affair, The (1968)",Crime|Drama|Thriller,1968,3.6,280.0,1.0355681695049128,"Thomas Crown Affair, The",3,Blockbuster,1960
2765,"Acid House, The (1998)",Comedy|Drama,1998,2.7142857142857144,7.0,1.3801311186847083,"Acid House, The",2,Niche,1990
2766,"Adventures of Sebastian Cole, The (1998)",Comedy|Drama,1998,3.515151515151515,33.0,0.8703882797784891,"Adventures of Sebastian Cole, The",2,Moderate,1990
2767,Illuminata (1998),Comedy,1998,3.08,25.0,1.2556538801224908,Illuminata,1,Moderate,1990
2768,Stiff Upper Lips (1998),Comedy,1998,3.230769230769231,13.0,1.1657505560686465,Stiff Upper Lips,1,Moderate,1990
2769,"Yards, The (1999)",Crime|Mystery,1999,3.220779220779221,77.0,1.071439963484663,"Yards, The",2,Popular,1990
2770,Bowfinger (1999),Comedy,1999,3.2620320855614975,935.0,0.9918307316544543,Bowfinger,1,Blockbuster,1990
2771,Brokedown Palace (1999),Drama,1999,2.888888888888889,171.0,1.025810694864967,Brokedown Palace,1,Popular,1990
2772,Detroit Rock City (1999),Comedy,1999,3.032520325203252,246.0,1.106086754169159,Detroit Rock City,1,Blockbuster,1990
2773,Alice and Martin (Alice et Martin) (1998),Drama,1998,2.9285714285714284,14.0,1.3280573269766118,Alice and Martin (Alice et Martin),1,Moderate,1990
2774,Better Than Chocolate (1999),Comedy|Romance,1999,3.514705882352941,68.0,1.1780663014920467,Better Than Chocolate,2,Popular,1990
2775,Head On (1998),Drama,1998,3.2857142857142856,14.0,1.2666473875533015,Head On,1,Moderate,1990
2776,"Marcello Mastroianni: I Remember Yes, I Remember (1997)",Documentary,1997,3.769230769230769,13.0,1.3634420996046583,"Marcello Mastroianni: I Remember Yes, I Remember",1,Moderate,1990
2777,Cobra (1925),Drama,1925,2.0,5.0,1.4142135623730951,Cobra,1,Niche,1920
2778,Never Talk to Strangers (1995),Thriller,1995,2.5517241379310347,29.0,0.869573249052649,Never Talk to Strangers,1,Moderate,1990
2779,Heaven Can Wait (1978),Comedy,1978,3.6202898550724636,345.0,0.8647791272895172,Heaven Can Wait,1,Blockbuster,1970
2780,"Raven, The (1963)",Comedy|Horror,1963,3.182926829268293,82.0,1.134509724756734,"Raven, The",2,Popular,1960
2781,"Tingler, The (1959)",Horror,1959,3.1746031746031744,63.0,1.1293686866175898,"Tingler, The",1,Popular,1950
2782,Pit and the Pendulum (1961),Horror,1961,3.5046728971962615,107.0,0.9845392733017827,Pit and the Pendulum,1,Popular,1960
2783,"Tomb of Ligeia, The (1965)",Horror,1965,2.6,10.0,0.9660917830792958,"Tomb of Ligeia, The",1,Niche,1960
2784,"Masque of the Red Death, The (1964)",Horror,1964,3.2063492063492065,63.0,1.0185177427109955,"Masque of the Red Death, The",1,Popular,1960
2785,Tales of Terror (1962),Horror,1962,3.04,25.0,1.171893055416463,Tales of Terror,1,Moderate,1960
2786,Haunted Honeymoon (1986),Comedy,1986,2.4166666666666665,72.0,1.1475632481265268,Haunted Honeymoon,1,Popular,1980
2787,Cat's Eye (1985),Horror,1985,2.9012345679012346,162.0,0.8719926245001911,Cat's Eye,1,Popular,1980
2788,And Now for Something Completely Different (1971),Comedy,1971,4.137472283813747,451.0,0.8048142896946926,And Now for Something Completely Different,1,Blockbuster,1970
2789,Damien: Omen II (1978),Horror,1978,2.993939393939394,165.0,1.0211003730849697,Damien: Omen II,1,Popular,1970
2790,"Final Conflict, The (a.k.a. Omen III: The Final Conflict) (1981)",Horror,1981,2.6557377049180326,61.0,0.9641100542579729,"Final Conflict, The (a.k.a. Omen III: The Final Conflict)",1,Popular,1980
2791,Airplane! (1980),Comedy,1980,3.9711149624494513,1731.0,0.9838451603238979,Airplane!,1,Blockbuster,1980
2792,Airplane II: The Sequel (1982),Comedy,1982,2.9802867383512543,558.0,1.0420108599125535,Airplane II: The Sequel,1,Blockbuster,1980
2793,"American Werewolf in Paris, An (1997)",Comedy|Horror,1997,2.7547169811320753,265.0,1.1265672648238412,"American Werewolf in Paris, An",2,Blockbuster,1990
2794,European Vacation (1985),Comedy,1985,2.9220779220779223,385.0,1.0917092123496095,European Vacation,1,Blockbuster,1980
2795,Vacation (1983),Comedy,1983,3.841530054644809,549.0,0.948695911255565,Vacation,1,Blockbuster,1980
2796,Funny Farm (1988),Comedy,1988,2.95,240.0,1.0812204478753469,Funny Farm,1,Blockbuster,1980
2797,Big (1988),Comedy|Fantasy,1988,3.8558014755197854,1491.0,0.8853760878504786,Big,2,Blockbuster,1980
2798,Problem Child (1990),Comedy,1990,1.925,160.0,0.974840738484397,Problem Child,1,Popular,1990
2799,Problem Child 2 (1991),Comedy,1991,1.5555555555555556,99.0,1.002265008564247,Problem Child 2,1,Popular,1990
2800,Little Nemo: Adventures in Slumberland (1992),Animation|Children's,1992,3.0454545454545454,22.0,1.3965015038360862,Little Nemo: Adventures in Slumberland,2,Moderate,1990
2801,Oscar and Lucinda (a.k.a. Oscar & Lucinda) (1997),Drama|Romance,1997,3.5164835164835164,91.0,1.0683594626304114,Oscar and Lucinda (a.k.a. Oscar & Lucinda),2,Popular,1990
2802,Tequila Sunrise (1988),Action|Romance|Thriller,1988,3.088235294117647,306.0,0.8733159852132153,Tequila Sunrise,3,Blockbuster,1980
2803,"Pelican Brief, The (1993)",Thriller,1993,3.2745664739884393,346.0,0.9614544914069837,"Pelican Brief, The",1,Blockbuster,1990
2804,"Christmas Story, A (1983)",Comedy|Drama,1983,4.238905325443787,1352.0,0.9006263055926301,"Christmas Story, A",2,Blockbuster,1980
2805,Mickey Blue Eyes (1999),Comedy|Romance,1999,2.8683035714285716,448.0,0.9497790991427557,Mickey Blue Eyes,2,Blockbuster,1990
2806,Teaching Mrs. Tingle (1999),Comedy|Thriller,1999,2.6331658291457285,199.0,1.073606932773435,Teaching Mrs. Tingle,2,Popular,1990
2807,Universal Soldier: The Return (1999),Action|Sci-Fi,1999,1.7582417582417582,91.0,0.8861986150677429,Universal Soldier: The Return,2,Popular,1990
2808,Universal Soldier (1992),Action|Sci-Fi,1992,2.512,375.0,1.0259937142128495,Universal Soldier,2,Blockbuster,1990
2809,Love Stinks (1999),Comedy,1999,2.55,20.0,1.190974832912761,Love Stinks,1,Moderate,1990
2810,Perfect Blue (1997),Animation|Mystery,1997,3.926829268292683,41.0,1.1043152607484652,Perfect Blue,2,Moderate,1990
2811,With Friends Like These... (1998),Comedy,1998,4.0,2.0,0.0,With Friends Like These...,1,Niche,1990
2812,In Too Deep (1999),Action|Thriller,1999,3.239130434782609,46.0,0.9703328777897855,In Too Deep,2,Moderate,1990
2813,"Source, The (1999)",Documentary,1999,3.6551724137931036,29.0,1.2327629267209235,"Source, The",1,Moderate,1990
2814,"Bat, The (1959)",Horror,1959,2.625,8.0,0.5175491695067655,"Bat, The",1,Niche,1950
2815,Iron Eagle (1986),Action|War,1986,2.5940959409594098,271.0,0.9876094472972959,Iron Eagle,2,Blockbuster,1980
2816,Iron Eagle II (1988),Action|War,1988,1.864864864864865,148.0,0.8463498950667941,Iron Eagle II,2,Popular,1980
2817,Aces: Iron Eagle III (1992),Action|War,1992,1.64,125.0,0.9537701082309294,Aces: Iron Eagle III,2,Popular,1990
2818,Iron Eagle IV (1995),Action|War,1995,1.603448275862069,58.0,0.8364430785136945,Iron Eagle IV,2,Popular,1990
2819,Three Days of the Condor (1975),Thriller,1975,4.040752351097178,319.0,0.7657573622553221,Three Days of the Condor,1,Blockbuster,1970
2820,Hamlet (1964),Drama,1964,3.5660377358490565,53.0,1.1008638908788537,Hamlet,1,Popular,1960
2821,Male and Female (1919),Adventure|Drama,1919,2.6666666666666665,3.0,1.1547005383792515,Male and Female,2,Niche,1910
2822,Medicine Man (1992),Adventure|Romance,1992,3.049429657794677,263.0,1.0006818561785744,Medicine Man,2,Blockbuster,1990
2823,"Spiders, The (Die Spinnen, 1. Teil: Der Goldene See) (1919)",Action|Drama,1919,2.5,4.0,1.9148542155126762,"Spiders, The (Die Spinnen, 1. Teil: Der Goldene See)",2,Niche,1910
2824,On the Ropes (1999),Documentary,1999,3.9285714285714284,14.0,0.7300459115473718,On the Ropes,1,Moderate,1990
2825,Rosie (1998),Drama,1998,2.75,4.0,2.0615528128088303,Rosie,1,Niche,1990
2826,"13th Warrior, The (1999)",Action|Horror|Thriller,1999,3.1586666666666665,750.0,1.1404205222251302,"13th Warrior, The",3,Blockbuster,1990
2827,"Astronaut's Wife, The (1999)",Sci-Fi|Thriller,1999,2.442073170731707,328.0,1.0621359102663734,"Astronaut's Wife, The",2,Blockbuster,1990
2828,Dudley Do-Right (1999),Children's|Comedy,1999,2.1074380165289255,121.0,1.0785920830150293,Dudley Do-Right,2,Popular,1990
2829,"Muse, The (1999)",Comedy|Drama,1999,2.9554140127388533,157.0,1.0212106254819602,"Muse, The",2,Popular,1990
2830,Cabaret Balkan (Bure Baruta) (1998),Drama,1998,3.5454545454545454,11.0,1.3684762594679063,Cabaret Balkan (Bure Baruta),1,Moderate,1990
2831,"Dog of Flanders, A (1999)",Drama,1999,3.25,8.0,1.2817398889233114,"Dog of Flanders, A",1,Niche,1990
2832,"Lost Son, The (1999)",Drama,1999,,,,"Lost Son, The",1,,1990
2833,Lucie Aubrac (1997),Romance|War,1997,3.6666666666666665,6.0,1.3662601021279464,Lucie Aubrac,2,Niche,1990
2834,"Very Thought of You, The (1998)",Comedy|Romance,1998,3.5555555555555554,18.0,1.293523333527109,"Very Thought of You, The",2,Moderate,1990
2835,Chill Factor (1999),Action|Thriller,1999,2.5357142857142856,56.0,0.9716768208390297,Chill Factor,2,Popular,1990
2836,Outside Providence (1999),Comedy,1999,3.294478527607362,163.0,0.8601788167342372,Outside Providence,1,Popular,1990
2837,Bedrooms & Hallways (1998),Comedy|Romance,1998,3.380952380952381,21.0,1.1608699529314417,Bedrooms & Hallways,2,Moderate,1990
2838,I Woke Up Early the Day I Died (1998),Comedy,1998,,,,I Woke Up Early the Day I Died,1,,1990
2839,West Beirut (West Beyrouth) (1998),Drama,1998,4.3,10.0,0.6749485577105528,West Beirut (West Beyrouth),1,Niche,1990
2840,Stigmata (1999),Thriller,1999,2.899761336515513,419.0,1.1342746097272451,Stigmata,1,Blockbuster,1990
2841,Stir of Echoes (1999),Thriller,1999,3.6262833675564683,487.0,0.8772191997875325,Stir of Echoes,1,Blockbuster,1990
2842,Best Laid Plans (1999),Crime|Drama,1999,3.4523809523809526,42.0,0.9422956128876774,Best Laid Plans,2,Moderate,1990
2843,"Black Cat, White Cat (Crna macka, beli macor) (1998)",Comedy|Romance,1998,3.869565217391304,23.0,1.0576280419404613,"Black Cat, White Cat (Crna macka, beli macor)",2,Moderate,1990
2844,"Minus Man, The (1999)",Drama|Mystery,1999,3.180722891566265,83.0,1.0836318598307806,"Minus Man, The",2,Popular,1990
2845,White Boys (1999),Drama,1999,1.0,1.0,,White Boys,1,Niche,1990
2846,"Adventures of Milo and Otis, The (1986)",Children's,1986,3.3674698795180724,166.0,0.9926528196199208,"Adventures of Milo and Otis, The",1,Popular,1980
2847,Only Angels Have Wings (1939),Drama,1939,3.909090909090909,33.0,0.9139076937674137,Only Angels Have Wings,1,Moderate,1930
2848,Othello (1952),Drama,1952,3.951219512195122,41.0,0.92063074878572,Othello,1,Moderate,1950
2849,Queens Logic (1991),Comedy|Drama,1991,2.8,30.0,0.9965457582448796,Queens Logic,2,Moderate,1990
2850,Public Access (1993),Drama|Thriller,1993,2.7142857142857144,7.0,1.3801311186847085,Public Access,2,Niche,1990
2851,Saturn 3 (1979),Adventure|Sci-Fi|Thriller,1979,2.443609022556391,133.0,0.9326853852166679,Saturn 3,3,Popular,1970
2852,"Soldier's Story, A (1984)",Drama,1984,3.7378048780487805,164.0,0.7252061680885838,"Soldier's Story, A",1,Popular,1980
2853,"Communion (a.k.a. Alice, Sweet Alice/Holy Terror) (1977)",Horror,1977,2.892857142857143,28.0,1.1333099904225385,"Communion (a.k.a. Alice, Sweet Alice/Holy Terror)",1,Moderate,1970
2854,Don't Look in the Basement! (1973),Horror,1973,2.3636363636363638,11.0,1.026910636104941,Don't Look in the Basement!,1,Moderate,1970
2855,Nightmares (1983),Horror,1983,2.3,10.0,0.8232726023485646,Nightmares,1,Niche,1980
2856,I Saw What You Did (1965),Thriller,1965,2.7777777777777777,90.0,1.1394634828348416,I Saw What You Did,1,Popular,1960
2857,Yellow Submarine (1968),Animation|Musical,1968,3.6967418546365916,399.0,1.0754288199417832,Yellow Submarine,2,Blockbuster,1960
2858,American Beauty (1999),Comedy|Drama,1999,4.3173862310385065,3428.0,0.9751334567264237,American Beauty,2,Blockbuster,1990
2859,Stop Making Sense (1984),Documentary,1984,4.2343096234309625,239.0,0.7748099823650614,Stop Making Sense,1,Blockbuster,1980
2860,Blue Streak (1999),Comedy,1999,3.2578125,128.0,0.9979987356594959,Blue Streak,1,Popular,1990
2861,For Love of the Game (1999),Comedy|Drama,1999,3.152542372881356,354.0,1.2110945016666363,For Love of the Game,2,Blockbuster,1990
2862,Caligula (1980),Drama,1980,2.5842696629213484,89.0,1.1755945184927123,Caligula,1,Popular,1980
2863,"Hard Day's Night, A (1964)",Comedy|Musical,1964,3.88996138996139,518.0,1.007445972391479,"Hard Day's Night, A",2,Blockbuster,1960
2864,Splendor (1999),Comedy,1999,2.8214285714285716,28.0,1.3067792306552615,Splendor,1,Moderate,1990
2865,Sugar Town (1999),Comedy,1999,3.05,20.0,0.998683343734455,Sugar Town,1,Moderate,1990
2866,"Buddy Holly Story, The (1978)",Drama,1978,3.6884422110552766,199.0,0.7676654136406936,"Buddy Holly Story, The",1,Popular,1970
2867,Fright Night (1985),Comedy|Horror,1985,3.434640522875817,306.0,1.003588333174345,Fright Night,2,Blockbuster,1980
2868,Fright Night Part II (1989),Horror,1989,2.3015873015873014,63.0,0.9441657972725845,Fright Night Part II,1,Popular,1980
2869,"Separation, The (La Séparation) (1994)",Drama,1994,2.6666666666666665,3.0,1.5275252316519465,"Separation, The (La Séparation)",1,Niche,1990
2870,Barefoot in the Park (1967),Comedy,1967,3.5906735751295336,193.0,0.7992939997899227,Barefoot in the Park,1,Popular,1960
2871,Deliverance (1972),Adventure|Thriller,1972,3.9410150891632374,729.0,0.9306027593184567,Deliverance,2,Blockbuster,1970
2872,Excalibur (1981),Action|Drama|Fantasy|Romance,1981,3.81266846361186,742.0,0.9698288706691148,Excalibur,4,Blockbuster,1980
2873,Lulu on the Bridge (1998),Drama|Mystery|Romance,1998,2.6818181818181817,22.0,0.8387271329003274,Lulu on the Bridge,3,Moderate,1990
2874,"Pajama Game, The (1957)",Comedy,1957,3.5223880597014925,67.0,0.943208723248913,"Pajama Game, The",1,Popular,1950
2875,Sommersby (1993),Drama|Mystery|Romance,1993,3.2577319587628866,291.0,1.049909853425494,Sommersby,3,Blockbuster,1990
2876,Thumbelina (1994),Animation|Children's,1994,2.6511627906976742,43.0,1.2321819773268756,Thumbelina,2,Moderate,1990
2877,Tommy (1975),Drama|Musical,1975,3.014218009478673,211.0,1.053242942109125,Tommy,2,Blockbuster,1970
2878,Hell Night (1981),Horror,1981,2.264705882352941,34.0,1.1627768104298606,Hell Night,1,Moderate,1980
2879,Operation Condor (Feiying gaiwak) (1990),Action|Adventure|Comedy,1990,3.4634146341463414,164.0,0.9489435126570893,Operation Condor (Feiying gaiwak),3,Popular,1990
2880,Operation Condor 2 (Longxiong hudi) (1990),Action|Adventure|Comedy,1990,3.4583333333333335,72.0,1.0337610806327475,Operation Condor 2 (Longxiong hudi),3,Popular,1990
2881,Double Jeopardy (1999),Action|Thriller,1999,3.2010178117048347,786.0,1.0492576603956238,Double Jeopardy,2,Blockbuster,1990
2882,Jakob the Liar (1999),Drama,1999,2.7966101694915255,118.0,1.2780816422827388,Jakob the Liar,1,Popular,1990
2883,Mumford (1999),Comedy,1999,3.5487364620938626,277.0,0.9452245683666711,Mumford,1,Blockbuster,1990
2884,Dog Park (1998),Comedy|Romance,1998,2.5714285714285716,42.0,0.8873874272227612,Dog Park,2,Moderate,1990
2885,Guinevere (1999),Drama|Romance,1999,3.360655737704918,61.0,0.9315361307225447,Guinevere,2,Popular,1990
2886,"Adventures of Elmo in Grouchland, The (1999)",Children's|Comedy,1999,2.242424242424242,33.0,1.3469944095629869,"Adventures of Elmo in Grouchland, The",2,Moderate,1990
2887,Simon Sez (1999),Drama,1999,2.25,4.0,1.2583057392117916,Simon Sez,1,Niche,1990
2888,Drive Me Crazy (1999),Comedy|Romance,1999,2.7815126050420167,119.0,1.2154350819353075,Drive Me Crazy,2,Popular,1990
2889,"Mystery, Alaska (1999)",Comedy,1999,3.4355400696864113,287.0,0.9544842478180885,"Mystery, Alaska",1,Blockbuster,1990
2890,Three Kings (1999),Drama|War,1999,3.8070519098922624,1021.0,0.9955731555677033,Three Kings,2,Blockbuster,1990
2891,"Happy, Texas (1999)",Comedy,1999,3.4918918918918918,185.0,1.0006460897563985,"Happy, Texas",1,Popular,1990
2892,New Rose Hotel (1998),Action|Drama,1998,2.5,12.0,1.3142574813455419,New Rose Hotel,2,Moderate,1990
2893,Plunkett & MaCleane (1999),Action|Drama,1999,2.880952380952381,42.0,1.3288979654417294,Plunkett & MaCleane,2,Moderate,1990
2894,Romance (1999),Drama|Romance,1999,2.625,32.0,0.9755064854862865,Romance,2,Moderate,1990
2895,Napoleon and Samantha (1972),Adventure,1972,3.0,2.0,0.0,Napoleon and Samantha,1,Niche,1970
2896,Alvarez Kelly (1966),Western,1966,3.3214285714285716,28.0,0.9048663264720755,Alvarez Kelly,1,Moderate,1960
2897,And the Ship Sails On (E la nave va) (1984),Comedy|War,1984,3.25,20.0,1.2513150976809202,And the Ship Sails On (E la nave va),2,Moderate,1980
2898,"Dark Half, The (1993)",Horror|Mystery,1993,2.7450980392156863,102.0,1.0116771146727366,"Dark Half, The",2,Popular,1990
2899,Gulliver's Travels (1939),Adventure|Animation|Children's,1939,3.547008547008547,117.0,0.9693201180753596,Gulliver's Travels,3,Popular,1930
2900,Monkey Shines (1988),Horror|Sci-Fi,1988,2.6832298136645965,161.0,1.1091796532147487,Monkey Shines,2,Popular,1980
2901,Phantasm (1979),Horror|Sci-Fi,1979,3.203030303030303,330.0,1.160909623568576,Phantasm,2,Blockbuster,1970
2902,Psycho II (1983),Horror|Thriller,1983,2.4207317073170733,164.0,0.9844481254116517,Psycho II,2,Popular,1980
2903,Psycho III (1986),Horror|Thriller,1986,2.0510204081632653,98.0,0.9456623596973104,Psycho III,2,Popular,1980
2904,Rain (1932),Drama,1932,3.764705882352941,17.0,1.200490095997562,Rain,1,Moderate,1930
2905,Sanjuro (1962),Action|Adventure,1962,4.608695652173913,69.0,0.5994456091783235,Sanjuro,2,Popular,1960
2906,Random Hearts (1999),Drama|Romance,1999,2.328,250.0,1.0357156112124781,Random Hearts,2,Blockbuster,1990
2907,Superstar (1999),Comedy,1999,2.4460093896713615,213.0,1.2374446966510904,Superstar,1,Blockbuster,1990
2908,Boys Don't Cry (1999),Drama,1999,4.014117647058823,850.0,1.0191514682498946,Boys Don't Cry,1,Blockbuster,1990
2909,"Five Wives, Three Secretaries and Me (1998)",Documentary,1998,4.0,1.0,,"Five Wives, Three Secretaries and Me",1,Niche,1990
2910,"Ennui, L' (1998)",Drama|Romance,1998,,,,"Ennui, L'",2,,1990
2911,"Grandfather, The (El Abuelo) (1998)",Drama,1998,3.2857142857142856,7.0,1.3801311186847085,"Grandfather, The (El Abuelo)",1,Niche,1990
2912,"Limey, The (1999)",Action|Crime|Drama,1999,3.679324894514768,474.0,1.000272039071626,"Limey, The",3,Blockbuster,1990
2913,"Mating Habits of the Earthbound Human, The (1998)",Comedy,1998,3.2941176470588234,17.0,1.403776419268438,"Mating Habits of the Earthbound Human, The",1,Moderate,1990
2914,Molly (1999),Comedy|Drama,1999,2.1818181818181817,11.0,1.1677484162422844,Molly,2,Moderate,1990
2915,Risky Business (1983),Comedy,1983,3.6396713615023475,852.0,0.9059012093782743,Risky Business,1,Blockbuster,1980
2916,Total Recall (1990),Action|Adventure|Sci-Fi|Thriller,1990,3.682364729458918,1996.0,0.9356806961519277,Total Recall,4,Blockbuster,1990
2917,Body Heat (1981),Crime|Thriller,1981,4.031746031746032,504.0,0.8359374251173688,Body Heat,2,Blockbuster,1980
2918,Ferris Bueller's Day Off (1986),Comedy,1986,4.11744738628649,1473.0,0.8623627813705966,Ferris Bueller's Day Off,1,Blockbuster,1980
2919,Year of Living Dangerously (1982),Drama|Romance,1982,3.895140664961637,391.0,0.8809970564627142,Year of Living Dangerously,2,Blockbuster,1980
2920,Children of Paradise (Les enfants du paradis) (1945),Drama|Romance,1945,4.19,100.0,0.9287223764534009,Children of Paradise (Les enfants du paradis),2,Popular,1940
2921,High Plains Drifter (1972),Western,1972,3.8832807570977916,317.0,0.8544029450118925,High Plains Drifter,1,Blockbuster,1970
2922,Hang 'em High (1967),Western,1967,3.7468879668049793,241.0,0.7946701778492333,Hang 'em High,1,Blockbuster,1960
2923,Citizen's Band (a.k.a. Handle with Care) (1977),Comedy,1977,3.411764705882353,17.0,0.7952062255644574,Citizen's Band (a.k.a. Handle with Care),1,Moderate,1970
2924,Drunken Master (Zui quan) (1979),Action|Comedy,1979,3.9097744360902253,133.0,1.0477873267361124,Drunken Master (Zui quan),2,Popular,1970
2925,"Conformist, The (Il Conformista) (1970)",Drama,1970,4.228070175438597,57.0,0.9639491661843319,"Conformist, The (Il Conformista)",1,Popular,1970
2926,Hairspray (1988),Comedy|Drama,1988,3.350561797752809,445.0,1.0625826513168957,Hairspray,2,Blockbuster,1980
2927,Brief Encounter (1946),Drama|Romance,1946,4.08080808080808,99.0,0.9966962536173448,Brief Encounter,2,Popular,1940
2928,"Razor's Edge, The (1984)",Drama,1984,3.3376623376623376,77.0,1.020969477485797,"Razor's Edge, The",1,Popular,1980
2929,Reds (1981),Drama,1981,3.474418604651163,215.0,1.0971698986793879,Reds,1,Blockbuster,1980
2930,Return with Honor (1998),Documentary,1998,4.4,5.0,0.8944271909999159,Return with Honor,1,Niche,1990
2931,Time of the Gypsies (Dom za vesanje) (1989),Drama,1989,4.3,10.0,1.0593499054713802,Time of the Gypsies (Dom za vesanje),1,Niche,1980
2932,Days of Heaven (1978),Drama,1978,3.957627118644068,118.0,1.0160596573491545,Days of Heaven,1,Popular,1970
2933,"Fire Within, The (Le Feu Follet) (1963)",Drama,1963,3.4444444444444446,9.0,1.3333333333333333,"Fire Within, The (Le Feu Follet)",1,Niche,1960
2934,"Love Bewitched, A (El Amor Brujo) (1986)",Musical,1986,2.4,5.0,1.51657508881031,"Love Bewitched, A (El Amor Brujo)",1,Niche,1980
2935,"Lady Eve, The (1941)",Comedy|Romance,1941,4.1931034482758625,145.0,0.9376133392536393,"Lady Eve, The",2,Popular,1940
2936,Sullivan's Travels (1942),Comedy,1942,4.093167701863354,161.0,0.9340853964977243,Sullivan's Travels,1,Popular,1940
2937,"Palm Beach Story, The (1942)",Comedy,1942,4.288461538461538,104.0,0.8205264344153145,"Palm Beach Story, The",1,Popular,1940
2938,Man Facing Southeast (Hombre Mirando al Sudeste) (1986),Drama,1986,3.7419354838709675,31.0,1.2101719419290211,Man Facing Southeast (Hombre Mirando al Sudeste),1,Moderate,1980
2939,Niagara (1953),Drama|Thriller,1953,3.5,52.0,0.9801960588196068,Niagara,2,Popular,1950
2940,Gilda (1946),Film-Noir,1946,4.009345794392523,107.0,0.8954320882016696,Gilda,1,Popular,1940
2941,South Pacific (1958),Musical|Romance|War,1958,3.6142857142857143,280.0,0.9434605278108473,South Pacific,3,Blockbuster,1950
2942,Flashdance (1983),Drama|Romance,1983,3.0994475138121547,362.0,1.0505504288746732,Flashdance,2,Blockbuster,1980
2943,Indochine (1992),Drama|Romance,1992,3.78125,160.0,0.8878769462589473,Indochine,2,Popular,1990
2944,"Dirty Dozen, The (1967)",Action|War,1967,4.0042432814710045,707.0,0.8253999546923986,"Dirty Dozen, The",2,Blockbuster,1960
2945,Mike's Murder (1984),Mystery,1984,2.6785714285714284,28.0,1.0202966681339751,Mike's Murder,1,Moderate,1980
2946,Help! (1965),Comedy|Musical,1965,3.7731958762886597,291.0,0.9631681341300833,Help!,2,Blockbuster,1960
2947,Goldfinger (1964),Action,1964,3.971014492753623,897.0,0.8420096978437599,Goldfinger,1,Blockbuster,1960
2948,From Russia with Love (1963),Action,1963,3.8897535667963683,771.0,0.824644002827644,From Russia with Love,1,Blockbuster,1960
2949,Dr. No (1962),Action,1962,3.874613003095975,646.0,0.8134943797071701,Dr. No,1,Blockbuster,1960
2950,"Blue Lagoon, The (1980)",Adventure|Drama|Romance,1980,2.332369942196532,346.0,1.0338859531860167,"Blue Lagoon, The",3,Blockbuster,1980
2951,"Fistful of Dollars, A (1964)",Action|Western,1964,3.9942528735632186,522.0,0.8207748301018809,"Fistful of Dollars, A",2,Blockbuster,1960
2952,"Hard 8 (a.k.a. Sydney, a.k.a. Hard Eight) (1996)",Crime|Thriller,1996,3.747311827956989,186.0,0.8978161369407632,"Hard 8 (a.k.a. Sydney, a.k.a. Hard Eight)",2,Popular,1990
2953,Home Alone 2: Lost in New York (1992),Children's|Comedy,1992,2.3929618768328447,341.0,1.075588906414144,Home Alone 2: Lost in New York,2,Blockbuster,1990
2954,Penitentiary (1979),Drama,1979,,,,Penitentiary,1,,1970
2955,Penitentiary II (1982),Drama,1982,2.0,4.0,1.4142135623730951,Penitentiary II,1,Niche,1980
2956,Someone to Watch Over Me (1987),Action|Crime|Thriller,1987,3.1347517730496453,141.0,0.9041164444285479,Someone to Watch Over Me,3,Popular,1980
2957,Sparrows (1926),Drama,1926,,,,Sparrows,1,,1920
2958,Naturally Native (1998),Drama,1998,,,,Naturally Native,1,,1990
2959,Fight Club (1999),Drama,1999,4.077188146106134,1451.0,1.0800239229905046,Fight Club,1,Blockbuster,1990
2960,Beefcake (1999),Drama,1999,2.75,4.0,1.2583057392117916,Beefcake,1,Niche,1990
2961,"Story of Us, The (1999)",Comedy|Drama,1999,2.817857142857143,280.0,1.1696746388977988,"Story of Us, The",2,Blockbuster,1990
2962,Fever Pitch (1997),Comedy|Romance,1997,3.4,10.0,1.3498971154211057,Fever Pitch,2,Niche,1990
2963,Joe the King (1999),Crime|Drama,1999,3.7058823529411766,17.0,0.9851843661437779,Joe the King,2,Moderate,1990
2964,Julien Donkey-Boy (1999),Drama,1999,3.3333333333333335,12.0,1.556997888323046,Julien Donkey-Boy,1,Moderate,1990
2965,"Omega Code, The (1999)",Action,1999,2.0277777777777777,72.0,1.0873436066560735,"Omega Code, The",1,Popular,1990
2966,"Straight Story, The (1999)",Drama,1999,4.055944055944056,429.0,0.8999705896769689,"Straight Story, The",1,Blockbuster,1990
2967,"Bad Seed, The (1956)",Drama|Thriller,1956,3.748031496062992,127.0,0.9917797369472582,"Bad Seed, The",2,Popular,1950
2968,Time Bandits (1981),Adventure|Fantasy|Sci-Fi,1981,3.6940594059405942,1010.0,0.9967560647232507,Time Bandits,3,Blockbuster,1980
2969,"Man and a Woman, A (Un Homme et une Femme) (1966)",Drama|Romance,1966,3.912087912087912,91.0,0.9960851330009863,"Man and a Woman, A (Un Homme et une Femme)",2,Popular,1960
2970,Fitzcarraldo (1982),Adventure|Drama,1982,3.9591836734693877,98.0,0.895790468722685,Fitzcarraldo,2,Popular,1980
2971,All That Jazz (1979),Musical,1979,3.823343848580442,317.0,1.009617134351572,All That Jazz,1,Blockbuster,1970
2972,Red Sorghum (Hong Gao Liang) (1987),Drama|War,1987,4.015384615384615,65.0,1.0382122207836966,Red Sorghum (Hong Gao Liang),2,Popular,1980
2973,Crimes and Misdemeanors (1989),Comedy,1989,4.05,460.0,0.8952184772469552,Crimes and Misdemeanors,1,Blockbuster,1980
2974,Bats (1999),Horror|Thriller,1999,1.835820895522388,67.0,1.06738160120318,Bats,2,Popular,1990
2975,"Best Man, The (1999)",Drama,1999,3.036036036036036,111.0,1.1275712267599198,"Best Man, The",1,Popular,1990
2976,Bringing Out the Dead (1999),Drama|Horror,1999,3.0718132854578095,557.0,1.1958617709195822,Bringing Out the Dead,2,Blockbuster,1990
2977,Crazy in Alabama (1999),Comedy|Drama,1999,2.911111111111111,45.0,1.2399087617134323,Crazy in Alabama,2,Moderate,1990
2978,Three to Tango (1999),Comedy|Romance,1999,2.8446601941747574,103.0,1.0170823472300663,Three to Tango,2,Popular,1990
2979,Body Shots (1999),Drama,1999,2.189189189189189,37.0,1.1263963639717454,Body Shots,1,Moderate,1990
2980,Men Cry Bullets (1997),Drama,1997,,,,Men Cry Bullets,1,,1990
2981,"Brother, Can You Spare a Dime? (1975)",Documentary,1975,3.7333333333333334,15.0,1.2798809468443688,"Brother, Can You Spare a Dime?",1,Moderate,1970
2982,"Guardian, The (1990)",Horror|Thriller,1990,2.1052631578947367,38.0,0.9806085723261284,"Guardian, The",2,Moderate,1990
2983,"Ipcress File, The (1965)",Thriller,1965,3.9876543209876543,81.0,0.901302212918811,"Ipcress File, The",1,Popular,1960
2984,On Any Sunday (1971),Documentary,1971,3.4444444444444446,9.0,1.3333333333333333,On Any Sunday,1,Niche,1970
2985,Robocop (1987),Action|Crime|Sci-Fi,1987,3.451586655817738,1229.0,0.9936153698864343,Robocop,3,Blockbuster,1980
2986,Robocop 2 (1990),Action|Crime|Sci-Fi,1990,2.3813387423935093,493.0,0.9818560452311492,Robocop 2,3,Blockbuster,1990
2987,Who Framed Roger Rabbit? (1988),Adventure|Animation|Film-Noir,1988,3.6798221234018897,1799.0,0.9647795206177922,Who Framed Roger Rabbit?,3,Blockbuster,1980
2988,Melvin and Howard (1980),Drama,1980,3.638888888888889,108.0,0.7908156599990219,Melvin and Howard,1,Popular,1980
2989,For Your Eyes Only (1981),Action,1981,3.501176470588235,425.0,0.8771865023029133,For Your Eyes Only,1,Blockbuster,1980
2990,Licence to Kill (1989),Action,1989,3.2,385.0,0.9677077726944914,Licence to Kill,1,Blockbuster,1980
2991,Live and Let Die (1973),Action,1973,3.5924170616113744,422.0,0.8468128519153556,Live and Let Die,1,Blockbuster,1970
2992,Rawhead Rex (1986),Horror|Thriller,1986,2.4838709677419355,31.0,1.2075034228229053,Rawhead Rex,2,Moderate,1980
2993,Thunderball (1965),Action,1965,3.7054455445544554,404.0,0.8364346226218441,Thunderball,1,Blockbuster,1960
2994,"City, The (1998)",Drama,1998,3.5,10.0,1.0801234497346435,"City, The",1,Niche,1990
2995,"House on Haunted Hill, The (1999)",Horror,1999,2.30791788856305,341.0,1.0746663253703173,"House on Haunted Hill, The",1,Blockbuster,1990
2996,Music of the Heart (1999),Drama,1999,3.4285714285714284,133.0,1.1952286093343936,Music of the Heart,1,Popular,1990
2997,Being John Malkovich (1999),Comedy,1999,4.125390450691656,2241.0,1.018526001525622,Being John Malkovich,1,Blockbuster,1990
2998,Dreaming of Joseph Lees (1998),Romance,1998,3.5384615384615383,13.0,1.3301243435223524,Dreaming of Joseph Lees,1,Moderate,1990
2999,Man of the Century (1999),Comedy,1999,4.0,4.0,0.816496580927726,Man of the Century,1,Niche,1990
3000,"Princess Mononoke, The (Mononoke Hime) (1997)",Action|Adventure|Animation,1997,4.147826086956521,345.0,0.9484701107898335,"Princess Mononoke, The (Mononoke Hime)",3,Blockbuster,1990
3001,"Suburbans, The (1999)",Drama,1999,1.6666666666666667,6.0,0.5163977794943223,"Suburbans, The",1,Niche,1990
3002,My Best Fiend (Mein liebster Feind) (1999),Documentary,1999,3.914285714285714,35.0,0.8868791472623198,My Best Fiend (Mein liebster Feind),1,Moderate,1990
3003,Train of Life (Train De Vie) (1998),Comedy|Drama,1998,3.25,8.0,1.2817398889233116,Train of Life (Train De Vie),2,Niche,1990
3004,"Bachelor, The (1999)",Comedy|Romance,1999,2.4801587301587302,252.0,1.0691263023616846,"Bachelor, The",2,Blockbuster,1990
3005,"Bone Collector, The (1999)",Thriller,1999,3.3765625,640.0,0.9561991443205612,"Bone Collector, The",1,Blockbuster,1990
3006,"Insider, The (1999)",Drama,1999,4.0588235294117645,884.0,0.8572792541944774,"Insider, The",1,Blockbuster,1990
3007,American Movie (1999),Documentary,1999,4.013559322033898,295.0,1.0431926445186288,American Movie,1,Blockbuster,1990
3008,Last Night (1998),Thriller,1998,3.7254901960784315,51.0,1.0784884120387945,Last Night,1,Popular,1990
3009,Portraits Chinois (1996),Drama,1996,,,,Portraits Chinois,1,,1990
3010,Rosetta (1999),Drama,1999,3.6,35.0,1.0346923384727063,Rosetta,1,Moderate,1990
3011,"They Shoot Horses, Don't They? (1969)",Drama,1969,3.610738255033557,149.0,0.949476451723799,"They Shoot Horses, Don't They?",1,Popular,1960
3012,Battling Butler (1926),Comedy,1926,3.4,10.0,1.5055453054181622,Battling Butler,1,Niche,1920
3013,Bride of Re-Animator (1990),Comedy|Horror,1990,2.8923076923076922,65.0,1.1608600922790626,Bride of Re-Animator,2,Popular,1990
3014,Bustin' Loose (1981),Comedy,1981,2.9183673469387754,49.0,1.0769697978951087,Bustin' Loose,1,Moderate,1980
3015,Coma (1978),Thriller,1978,3.375,144.0,0.907428550039381,Coma,1,Popular,1970
3016,Creepshow (1982),Horror,1982,3.1588366890380315,447.0,0.9178384080135717,Creepshow,1,Blockbuster,1980
3017,Creepshow 2 (1987),Horror,1987,2.5288461538461537,104.0,1.0516443967742217,Creepshow 2,1,Popular,1980
3018,Re-Animator (1985),Horror,1985,3.475806451612903,248.0,1.2002949008585486,Re-Animator,1,Blockbuster,1980
3019,Drugstore Cowboy (1989),Crime|Drama,1989,3.920673076923077,416.0,0.9056478896859849,Drugstore Cowboy,2,Blockbuster,1980
3020,Falling Down (1993),Action|Drama,1993,3.4522900763358777,524.0,1.0234415489080706,Falling Down,2,Blockbuster,1990
3021,"Funhouse, The (1981)",Horror,1981,2.861111111111111,36.0,1.4373145152933704,"Funhouse, The",1,Moderate,1980
3022,"General, The (1927)",Comedy,1927,4.368932038834951,206.0,0.910537672968744,"General, The",1,Blockbuster,1920
3023,My Best Girl (1927),Comedy|Romance,1927,,,,My Best Girl,2,,1920
3024,Piranha (1978),Horror|Sci-Fi,1978,2.347826086956522,161.0,1.073899841496039,Piranha,2,Popular,1970
3025,Rough Night in Jericho (1967),Western,1967,3.2857142857142856,14.0,0.9944903161976938,Rough Night in Jericho,1,Moderate,1960
3026,Slaughterhouse (1987),Horror,1987,1.5,8.0,1.0690449676496976,Slaughterhouse,1,Niche,1980
3027,Slaughterhouse 2 (1988),Horror,1988,1.1428571428571428,7.0,0.3779644730092272,Slaughterhouse 2,1,Niche,1980
3028,"Taming of the Shrew, The (1967)",Comedy,1967,3.762589928057554,139.0,1.0256333060351277,"Taming of the Shrew, The",1,Popular,1960
3029,Nighthawks (1981),Action|Drama,1981,3.2736842105263158,190.0,0.8901828510002774,Nighthawks,2,Popular,1980
3030,Yojimbo (1961),Comedy|Drama|Western,1961,4.404651162790698,215.0,0.8532383305806215,Yojimbo,3,Blockbuster,1960
3031,Repossessed (1990),Comedy,1990,2.150943396226415,53.0,1.1162476016873941,Repossessed,1,Popular,1990
3032,"Omega Man, The (1971)",Sci-Fi,1971,3.5401785714285716,224.0,1.001430351166924,"Omega Man, The",1,Blockbuster,1970
3033,Spaceballs (1987),Comedy|Sci-Fi,1987,3.2836484983314795,899.0,1.171615693339392,Spaceballs,2,Blockbuster,1980
3034,Robin Hood (1973),Animation|Children's,1973,3.7434402332361514,343.0,0.9573091255014585,Robin Hood,2,Blockbuster,1970
3035,Mister Roberts (1955),Comedy|Drama|War,1955,4.149643705463183,421.0,0.8187860447257667,Mister Roberts,3,Blockbuster,1950
3036,Quest for Fire (1981),Adventure,1981,3.2298850574712645,174.0,1.1550457231425935,Quest for Fire,1,Popular,1980
3037,Little Big Man (1970),Comedy|Drama|Western,1970,4.04399323181049,591.0,0.8445801042509148,Little Big Man,3,Blockbuster,1970
3038,"Face in the Crowd, A (1957)",Drama,1957,4.202702702702703,74.0,0.8272703046640181,"Face in the Crowd, A",1,Popular,1950
3039,Trading Places (1983),Comedy,1983,3.828367103694875,839.0,0.8066584947340264,Trading Places,1,Blockbuster,1980
3040,Meatballs (1979),Comedy,1979,3.311111111111111,315.0,1.0024033398626866,Meatballs,1,Blockbuster,1970
3041,Meatballs Part II (1984),Comedy,1984,1.6986301369863013,73.0,0.8609576629617051,Meatballs Part II,1,Popular,1980
3042,Meatballs III (1987),Comedy,1987,1.5538461538461539,65.0,0.8665803704570849,Meatballs III,1,Popular,1980
3043,Meatballs 4 (1992),Comedy,1992,1.725,40.0,1.1319939294935537,Meatballs 4,1,Moderate,1990
3044,Dead Again (1991),Mystery|Romance|Thriller,1991,3.855917667238422,583.0,0.8594502798810852,Dead Again,3,Blockbuster,1990
3045,Peter's Friends (1992),Comedy|Drama,1992,3.093220338983051,118.0,1.0126320796881558,Peter's Friends,2,Popular,1990
3046,"Incredibly True Adventure of Two Girls in Love, The (1995)",Comedy|Romance,1995,3.4941176470588236,85.0,0.9589618569772497,"Incredibly True Adventure of Two Girls in Love, The",2,Popular,1990
3047,Experience Preferred... But Not Essential (1982),Drama,1982,3.5555555555555554,18.0,0.7838233761296739,Experience Preferred... But Not Essential,1,Moderate,1980
3048,Under the Rainbow (1981),Comedy,1981,2.352112676056338,71.0,1.083626076115291,Under the Rainbow,1,Popular,1980
3049,How I Won the War (1967),Comedy|War,1967,3.2432432432432434,37.0,0.9833447853967435,How I Won the War,2,Moderate,1960
3050,Light It Up (1999),Drama,1999,3.125,16.0,1.3601470508735445,Light It Up,1,Moderate,1990
3051,Anywhere But Here (1999),Drama,1999,2.950310559006211,161.0,0.9340853964977244,Anywhere But Here,1,Popular,1990
3052,Dogma (1999),Comedy,1999,3.7128412537917086,989.0,1.1123373811350994,Dogma,1,Blockbuster,1990
3053,"Messenger: The Story of Joan of Arc, The (1999)",Drama|War,1999,3.0175953079178885,341.0,1.1756030094137326,"Messenger: The Story of Joan of Arc, The",2,Blockbuster,1990
3054,Pokémon: The First Movie (1998),Animation|Children's,1998,1.9779411764705883,136.0,1.2139126319450027,Pokémon: The First Movie,2,Popular,1990
3055,Felicia's Journey (1999),Thriller,1999,3.3902439024390243,82.0,1.0031567158561514,Felicia's Journey,1,Popular,1990
3056,Oxygen (1999),Thriller,1999,3.6666666666666665,6.0,0.5163977794943222,Oxygen,1,Niche,1990
3057,Where's Marlowe? (1999),Comedy,1999,4.0,2.0,0.0,Where's Marlowe?,1,Niche,1990
3058,"Ape, The (1940)",Horror|Sci-Fi,1940,2.1666666666666665,12.0,1.1146408580454255,"Ape, The",2,Moderate,1940
3059,British Intelligence (1940),Drama,1940,,,,British Intelligence,1,,1940
3060,"Commitments, The (1991)",Comedy|Drama,1991,3.8315412186379927,558.0,0.8261490279791097,"Commitments, The",2,Blockbuster,1990
3061,Holiday Inn (1942),Comedy|Musical,1942,3.88,275.0,0.881769951957529,Holiday Inn,2,Blockbuster,1940
3062,"Longest Day, The (1962)",Action|Drama|War,1962,3.971590909090909,352.0,0.8765964826654237,"Longest Day, The",3,Blockbuster,1960
3063,Poison Ivy (1992),Thriller,1992,2.7194244604316546,139.0,1.0002085070915072,Poison Ivy,1,Popular,1990
3064,Poison Ivy: New Seduction (1997),Thriller,1997,2.5,60.0,1.157144351776155,Poison Ivy: New Seduction,1,Popular,1990
3065,Ten Benny (1997),Drama,1997,4.0,1.0,,Ten Benny,1,Niche,1990
3066,Tora! Tora! Tora! (1970),War,1970,3.7010309278350517,194.0,0.9781546383102413,Tora! Tora! Tora!,1,Popular,1970
3067,Women on the Verge of a Nervous Breakdown (1988),Comedy|Drama,1988,3.8923512747875355,353.0,0.8821289917430755,Women on the Verge of a Nervous Breakdown,2,Blockbuster,1980
3068,"Verdict, The (1982)",Drama,1982,3.865435356200528,379.0,0.7596594948125123,"Verdict, The",1,Blockbuster,1980
3069,"Effect of Gamma Rays on Man-in-the-Moon Marigolds, The (1972)",Drama,1972,3.8181818181818183,55.0,0.7719841941125453,"Effect of Gamma Rays on Man-in-the-Moon Marigolds, The",1,Popular,1970
3070,"Adventures of Buckaroo Bonzai Across the 8th Dimension, The (1984)",Adventure|Comedy|Sci-Fi,1984,3.3878887070376433,611.0,1.1615918814579327,"Adventures of Buckaroo Bonzai Across the 8th Dimension, The",3,Blockbuster,1980
3071,Stand and Deliver (1987),Drama,1987,3.764525993883792,327.0,0.7731469069068754,Stand and Deliver,1,Blockbuster,1980
3072,Moonstruck (1987),Comedy,1987,3.7871690427698574,982.0,0.9977131496525964,Moonstruck,1,Blockbuster,1980
3073,"Sandpiper, The (1965)",Drama|Romance,1965,3.242424242424242,33.0,1.0905933886623096,"Sandpiper, The",2,Moderate,1960
3074,Jeremiah Johnson (1972),Western,1972,3.7882882882882885,222.0,0.9955774366421243,Jeremiah Johnson,1,Blockbuster,1970
3075,Repulsion (1965),Thriller,1965,3.9855072463768115,69.0,0.8827222870054487,Repulsion,1,Popular,1960
3076,Irma la Douce (1963),Comedy,1963,3.7096774193548385,93.0,0.9507507921236261,Irma la Douce,1,Popular,1960
3077,42 Up (1998),Documentary,1998,4.2272727272727275,88.0,0.9062652009318587,42 Up,1,Popular,1990
3078,Liberty Heights (1999),Drama,1999,3.6516129032258067,155.0,0.9229649314938738,Liberty Heights,1,Popular,1990
3079,Mansfield Park (1999),Drama,1999,3.882758620689655,145.0,0.8457692773434633,Mansfield Park,1,Popular,1990
3080,"Goodbye, 20th Century (Zbogum na dvadesetiot vek) (1998)",Drama|Sci-Fi,1998,,,,"Goodbye, 20th Century (Zbogum na dvadesetiot vek)",2,,1990
3081,Sleepy Hollow (1999),Horror|Romance,1999,3.516885553470919,1066.0,0.939581397172788,Sleepy Hollow,2,Blockbuster,1990
3082,"World Is Not Enough, The (1999)",Action|Thriller,1999,3.379350348027842,862.0,0.972891827973265,"World Is Not Enough, The",2,Blockbuster,1990
3083,All About My Mother (Todo Sobre Mi Madre) (1999),Comedy|Drama,1999,4.086294416243655,394.0,0.9743086409638291,All About My Mother (Todo Sobre Mi Madre),2,Blockbuster,1990
3084,Home Page (1999),Documentary,1999,3.5,2.0,0.7071067811865476,Home Page,1,Niche,1990
3085,"Living Dead Girl, The (La Morte Vivante) (1982)",Horror,1982,2.5,2.0,2.1213203435596424,"Living Dead Girl, The (La Morte Vivante)",1,Niche,1980
3086,March of the Wooden Soldiers (a.k.a. Laurel & Hardy in Toyland) (1934),Comedy,1934,3.580246913580247,81.0,1.0938943908218952,March of the Wooden Soldiers (a.k.a. Laurel & Hardy in Toyland),1,Popular,1930
3087,Scrooged (1988),Comedy,1988,3.4786821705426356,516.0,0.9060374666763508,Scrooged,1,Blockbuster,1980
3088,Harvey (1950),Comedy,1950,4.089887640449438,356.0,0.8641915468189277,Harvey,1,Blockbuster,1950
3089,"Bicycle Thief, The (Ladri di biciclette) (1948)",Drama,1948,4.357142857142857,252.0,0.793040301466182,"Bicycle Thief, The (Ladri di biciclette)",1,Blockbuster,1940
3090,Matewan (1987),Drama,1987,4.141242937853107,177.0,0.8238936333380398,Matewan,1,Popular,1980
3091,Kagemusha (1980),Drama|War,1980,4.283687943262412,141.0,0.8394406397353604,Kagemusha,2,Popular,1980
3092,Chushingura (1962),Drama,1962,4.0,20.0,1.1239029738980326,Chushingura,1,Moderate,1960
3093,McCabe & Mrs. Miller (1971),Drama|Western,1971,3.6971153846153846,208.0,1.1248580570266733,McCabe & Mrs. Miller,2,Blockbuster,1970
3094,Maurice (1987),Drama|Romance,1987,3.8514851485148514,101.0,0.9631836648725037,Maurice,2,Popular,1980
3095,"Grapes of Wrath, The (1940)",Drama,1940,4.134357005758157,521.0,0.9391024864167352,"Grapes of Wrath, The",1,Blockbuster,1940
3096,My Man Godfrey (1957),Comedy,1957,3.956989247311828,93.0,0.8586386912182773,My Man Godfrey,1,Popular,1950
3097,"Shop Around the Corner, The (1940)",Comedy|Romance,1940,4.038834951456311,206.0,0.837211749851559,"Shop Around the Corner, The",2,Blockbuster,1940
3098,"Natural, The (1984)",Drama,1984,3.832116788321168,548.0,0.8747470196062165,"Natural, The",1,Blockbuster,1980
3099,Shampoo (1975),Comedy|Romance,1975,3.238095238095238,273.0,1.0173563808234753,Shampoo,2,Blockbuster,1970
3100,"River Runs Through It, A (1992)",Drama,1992,3.756019261637239,623.0,0.9411244965233698,"River Runs Through It, A",1,Blockbuster,1990
3101,Fatal Attraction (1987),Thriller,1987,3.669576059850374,802.0,0.9277505959927914,Fatal Attraction,1,Blockbuster,1980
3102,Jagged Edge (1985),Thriller,1985,3.6434426229508197,244.0,0.8606139740511924,Jagged Edge,1,Blockbuster,1980
3103,Stanley & Iris (1990),Drama|Romance,1990,3.0588235294117645,68.0,0.895800366572562,Stanley & Iris,2,Popular,1990
3104,Midnight Run (1988),Action|Adventure|Comedy|Crime,1988,3.8562091503267975,765.0,0.8623775476744021,Midnight Run,4,Blockbuster,1980
3105,Awakenings (1990),Drama,1990,3.7808823529411764,680.0,0.8584256838941415,Awakenings,1,Blockbuster,1990
3106,Come See the Paradise (1990),Drama|Romance,1990,3.24,25.0,1.1284207253207172,Come See the Paradise,2,Moderate,1990
3107,Backdraft (1991),Action|Drama,1991,3.440736478711162,869.0,0.8930078675153251,Backdraft,2,Blockbuster,1990
3108,"Fisher King, The (1991)",Comedy|Drama|Romance,1991,3.6264550264550266,945.0,1.024663351257162,"Fisher King, The",3,Blockbuster,1990
3109,"River, The (1984)",Drama,1984,3.21875,64.0,0.9166666666666666,"River, The",1,Popular,1980
3110,Country (1984),Drama,1984,3.393939393939394,33.0,0.9662878045448577,Country,1,Moderate,1980
3111,Places in the Heart (1984),Drama,1984,3.699530516431925,213.0,0.9182888954608014,Places in the Heart,1,Blockbuster,1980
3112,'Night Mother (1986),Drama,1986,3.3714285714285714,70.0,1.118635667093438,'Night Mother,1,Popular,1980
3113,End of Days (1999),Action|Thriller,1999,2.629432624113475,564.0,1.0839958138316172,End of Days,2,Blockbuster,1990
3114,Toy Story 2 (1999),Animation|Children's|Comedy,1999,4.218927444794953,1585.0,0.892955093156445,Toy Story 2,3,Blockbuster,1990
3115,Flawless (1999),Drama,1999,3.1636363636363636,110.0,1.0796471792641693,Flawless,1,Popular,1990
3116,Miss Julie (1999),Drama,1999,2.727272727272727,11.0,1.009049958219026,Miss Julie,1,Moderate,1990
3117,Ride with the Devil (1999),Drama|Romance|War,1999,3.3013698630136985,73.0,1.1265104860542838,Ride with the Devil,3,Popular,1990
3118,Tumbleweeds (1999),Drama,1999,3.5303030303030303,66.0,0.9151661802804656,Tumbleweeds,1,Popular,1990
3119,Bay of Blood (Reazione a catena) (1971),Horror,1971,1.6666666666666667,3.0,1.1547005383792517,Bay of Blood (Reazione a catena),1,Niche,1970
3120,"Distinguished Gentleman, The (1992)",Comedy,1992,3.0153846153846153,130.0,0.9399374495485348,"Distinguished Gentleman, The",1,Popular,1990
3121,"Hitch-Hiker, The (1953)",Film-Noir,1953,3.5555555555555554,18.0,0.9217771979249536,"Hitch-Hiker, The",1,Moderate,1950
3122,Santa Fe Trail (1940),Drama|Romance|Western,1940,3.3793103448275863,29.0,0.676851592904777,Santa Fe Trail,3,Moderate,1940
3123,Spring Fever USA (a.k.a. Lauderdale) (1989),Comedy,1989,1.0,3.0,0.0,Spring Fever USA (a.k.a. Lauderdale),1,Niche,1980
3124,Agnes Browne (1999),Comedy|Drama,1999,3.323529411764706,34.0,1.1473444500181809,Agnes Browne,2,Moderate,1990
3125,"End of the Affair, The (1999)",Drama,1999,3.515,200.0,1.1252135475713894,"End of the Affair, The",1,Popular,1990
3126,"End of the Affair, The (1955)",Drama,1955,4.0,3.0,0.0,"End of the Affair, The",1,Niche,1950
3127,Holy Smoke (1999),Drama,1999,3.232142857142857,56.0,1.1117728909444415,Holy Smoke,1,Popular,1990
3128,"Map of the World, A (1999)",Drama,1999,3.450980392156863,51.0,0.9861789997803861,"Map of the World, A",1,Popular,1990
3129,Sweet and Lowdown (1999),Comedy|Drama,1999,3.701388888888889,288.0,0.911252621136247,Sweet and Lowdown,2,Blockbuster,1990
3130,Bonfire of the Vanities (1990),Comedy,1990,2.3728813559322033,118.0,0.9500032403857605,Bonfire of the Vanities,1,Popular,1990
3131,Broadway Damage (1997),Comedy,1997,3.5,2.0,0.7071067811865476,Broadway Damage,1,Niche,1990
3132,Daddy Long Legs (1919),Comedy,1919,3.6315789473684212,38.0,0.8517407495298512,Daddy Long Legs,1,Moderate,1910
3133,Go West (1925),Comedy,1925,3.7142857142857144,42.0,1.1106077063265483,Go West,1,Moderate,1920
3134,"Grand Illusion (Grande illusion, La) (1937)",Drama|War,1937,4.33939393939394,165.0,0.9784069287651883,"Grand Illusion (Grande illusion, La)",2,Popular,1930
3135,"Great Santini, The (1979)",Drama,1979,3.948717948717949,195.0,0.8894779526691097,"Great Santini, The",1,Popular,1970
3136,"James Dean Story, The (1957)",Documentary,1957,3.0,3.0,1.7320508075688772,"James Dean Story, The",1,Niche,1950
3137,"Sea Wolves, The (1980)",Action|War,1980,3.8125,16.0,0.7499999999999999,"Sea Wolves, The",2,Moderate,1980
3138,Stealing Home (1988),Drama,1988,3.196969696969697,66.0,1.0110116330411447,Stealing Home,1,Popular,1980
3139,Tarzan the Fearless (1933),Action|Adventure,1933,3.176470588235294,17.0,1.1850788010532811,Tarzan the Fearless,2,Moderate,1930
3140,"Three Ages, The (1923)",Comedy,1923,3.4444444444444446,9.0,1.509230856356236,"Three Ages, The",1,Niche,1920
3141,"Two Jakes, The (1990)",Drama,1990,3.0483870967741935,62.0,0.948293019576923,"Two Jakes, The",1,Popular,1990
3142,U2: Rattle and Hum (1988),Documentary|Musical,1988,3.3846153846153846,130.0,1.0953362400793858,U2: Rattle and Hum,2,Popular,1980
3143,Hell in the Pacific (1968),Drama|War,1968,3.696969696969697,33.0,1.0453721970202912,Hell in the Pacific,2,Moderate,1960
3144,"Glass Bottom Boat, The (1966)",Comedy|Romance,1966,3.2653061224489797,49.0,0.9304011277419009,"Glass Bottom Boat, The",2,Moderate,1960
3145,"Cradle Will Rock, The (1999)",Drama,1999,3.359073359073359,259.0,1.0335574480760878,"Cradle Will Rock, The",1,Blockbuster,1990
3146,Deuce Bigalow: Male Gigolo (1999),Comedy,1999,2.762987012987013,308.0,1.2263370048001445,Deuce Bigalow: Male Gigolo,1,Blockbuster,1990
3147,"Green Mile, The (1999)",Drama|Thriller,1999,4.154664484451718,1222.0,0.9174656241682336,"Green Mile, The",2,Blockbuster,1990
3148,"Cider House Rules, The (1999)",Drama,1999,3.952180028129395,711.0,0.8978645408642705,"Cider House Rules, The",1,Blockbuster,1990
3149,Diamonds (1999),Mystery,1999,2.4444444444444446,9.0,1.3333333333333335,Diamonds,1,Niche,1990
3150,"War Zone, The (1999)",Drama,1999,3.683333333333333,60.0,1.1422794141045376,"War Zone, The",1,Popular,1990
3151,"Bat Whispers, The (1930)",Crime|Drama|Mystery,1930,2.0,1.0,,"Bat Whispers, The",3,Niche,1930
3152,"Last Picture Show, The (1971)",Drama,1971,3.9717514124293785,354.0,0.8996655250754754,"Last Picture Show, The",1,Blockbuster,1970
3153,"7th Voyage of Sinbad, The (1958)",Action|Adventure|Fantasy,1958,3.616279069767442,258.0,0.9315307428796272,"7th Voyage of Sinbad, The",3,Blockbuster,1950
3154,Blood on the Sun (1945),Drama|War,1945,3.5,8.0,0.7559289460184544,Blood on the Sun,2,Niche,1940
3155,Anna and the King (1999),Drama|Romance,1999,3.4144144144144146,333.0,1.0012203559843267,Anna and the King,2,Blockbuster,1990
3156,Bicentennial Man (1999),Comedy|Drama|Sci-Fi,1999,2.906005221932115,383.0,1.2455325276601854,Bicentennial Man,3,Blockbuster,1990
3157,Stuart Little (1999),Children's|Comedy,1999,3.15,520.0,1.0278398321803692,Stuart Little,2,Blockbuster,1990
3158,"Emperor and the Assassin, The (Jing ke ci qin wang) (1999)",Drama,1999,3.6363636363636362,44.0,0.9172990963340727,"Emperor and the Assassin, The (Jing ke ci qin wang)",1,Moderate,1990
3159,Fantasia 2000 (1999),Animation|Children's|Musical,1999,3.8057395143487858,453.0,1.0631655409179417,Fantasia 2000,3,Blockbuster,1990
3160,Magnolia (1999),Drama,1999,3.8939802336028753,1113.0,1.1322169265090885,Magnolia,1,Blockbuster,1990
3161,Onegin (1999),Drama,1999,3.473684210526316,19.0,1.020262550775348,Onegin,1,Moderate,1990
3162,Simpatico (1999),Comedy|Drama,1999,2.4761904761904763,21.0,0.9807674351775559,Simpatico,2,Moderate,1990
3163,Topsy-Turvy (1999),Drama,1999,3.7039473684210527,304.0,1.1537787868434526,Topsy-Turvy,1,Blockbuster,1990
3164,"Alley Cats, The (1968)",Drama,1968,4.0,1.0,,"Alley Cats, The",1,Niche,1960
3165,Boiling Point (1993),Action|Drama,1993,2.622950819672131,61.0,1.035437659900867,Boiling Point,2,Popular,1990
3166,Brenda Starr (1989),Adventure,1989,1.1666666666666667,6.0,0.408248290463863,Brenda Starr,1,Niche,1980
3167,Carnal Knowledge (1971),Drama,1971,3.6325301204819276,166.0,0.9616410763342624,Carnal Knowledge,1,Popular,1970
3168,Easy Rider (1969),Adventure|Drama,1969,3.7711340206185566,485.0,0.9891935486190062,Easy Rider,2,Blockbuster,1960
3169,"Falcon and the Snowman, The (1984)",Drama,1984,3.513833992094862,253.0,0.8338131500266786,"Falcon and the Snowman, The",1,Blockbuster,1980
3170,Hi-Yo Silver (1940),Western,1940,,,,Hi-Yo Silver,1,,1940
3171,Room at the Top (1959),Drama,1959,3.92,25.0,0.7023769168568492,Room at the Top,1,Moderate,1950
3172,Ulysses (Ulisse) (1954),Adventure,1954,5.0,1.0,,Ulysses (Ulisse),1,Niche,1950
3173,Any Given Sunday (1999),Drama,1999,3.1262939958592133,483.0,1.0655838855395443,Any Given Sunday,1,Blockbuster,1990
3174,Man on the Moon (1999),Comedy|Drama,1999,3.48512585812357,874.0,1.0211433948955646,Man on the Moon,2,Blockbuster,1990
3175,Galaxy Quest (1999),Adventure|Comedy|Sci-Fi,1999,3.771412037037037,1728.0,0.9567084793369519,Galaxy Quest,3,Blockbuster,1990
3176,"Talented Mr. Ripley, The (1999)",Drama|Mystery|Thriller,1999,3.503380916604057,1331.0,1.080495147520803,"Talented Mr. Ripley, The",3,Blockbuster,1990
3177,Next Friday (1999),Comedy,1999,2.6011904761904763,168.0,1.073021817014451,Next Friday,1,Popular,1990
3178,"Hurricane, The (1999)",Drama,1999,3.848722986247544,509.0,0.9488406414546674,"Hurricane, The",1,Blockbuster,1990
3179,Angela's Ashes (1999),Drama,1999,3.4133333333333336,225.0,1.0101272904229166,Angela's Ashes,1,Blockbuster,1990
3180,Play it to the Bone (1999),Comedy|Drama,1999,2.2,70.0,0.9570486032514272,Play it to the Bone,2,Popular,1990
3181,Titus (1999),Drama,1999,3.7116564417177913,163.0,1.153223749773469,Titus,1,Popular,1990
3182,Mr. Death: The Rise and Fall of Fred A. Leuchter Jr. (1999),Documentary,1999,3.9596774193548385,124.0,0.9744641516754752,Mr. Death: The Rise and Fall of Fred A. Leuchter Jr.,1,Popular,1990
3183,"Third Miracle, The (1999)",Drama,1999,3.6222222222222222,45.0,1.0721450226041946,"Third Miracle, The",1,Moderate,1990
3184,Montana (1998),Action|Comedy|Crime|Drama,1998,3.0,5.0,1.0,Montana,4,Niche,1990
3185,Snow Falling on Cedars (1999),Drama,1999,3.4120603015075375,398.0,1.0792549330257255,Snow Falling on Cedars,1,Blockbuster,1990
3186,"Girl, Interrupted (1999)",Drama,1999,3.4779582366589326,431.0,0.9806744276952915,"Girl, Interrupted",1,Blockbuster,1990
3187,Trans (1998),Drama,1998,3.0,3.0,1.0,Trans,1,Niche,1990
3188,"Life and Times of Hank Greenberg, The (1998)",Documentary,1998,3.7037037037037037,54.0,1.0750977073565837,"Life and Times of Hank Greenberg, The",1,Popular,1990
3189,My Dog Skip (1999),Comedy,1999,3.6433333333333335,300.0,0.9340039794710626,My Dog Skip,1,Blockbuster,1990
3190,Supernova (2000),Adventure|Sci-Fi,2000,2.1490683229813663,161.0,0.9887566695364411,Supernova,2,Popular,2000
3191,"Quarry, The (1998)",Drama,1998,,,,"Quarry, The",1,,1990
3192,"Terrorist, The (Malli) (1998)",Drama,1998,4.083333333333333,24.0,0.7755316082290384,"Terrorist, The (Malli)",1,Moderate,1990
3193,Creature (1999),Documentary,1999,,,,Creature,1,,1990
3194,"Way We Were, The (1973)",Drama,1973,3.3045454545454547,220.0,1.0697062596538898,"Way We Were, The",1,Blockbuster,1970
3195,Tess of the Storm Country (1922),Drama,1922,,,,Tess of the Storm Country,1,,1920
3196,Stalag 17 (1953),Drama|War,1953,4.228426395939087,394.0,0.7870478618278832,Stalag 17,2,Blockbuster,1950
3197,"Presidio, The (1988)",Action,1988,3.302788844621514,251.0,0.860204737975245,"Presidio, The",1,Blockbuster,1980
3198,Papillon (1973),Drama,1973,4.073846153846154,325.0,0.797812774510342,Papillon,1,Blockbuster,1970
3199,Pal Joey (1957),Comedy|Musical|Romance,1957,3.3472222222222223,72.0,0.9517918197965415,Pal Joey,3,Popular,1950
3200,"Last Detail, The (1973)",Comedy|Drama,1973,3.8488372093023258,172.0,0.8854567904365397,"Last Detail, The",2,Popular,1970
3201,Five Easy Pieces (1970),Drama,1970,3.9526462395543174,359.0,0.9516157768734601,Five Easy Pieces,1,Blockbuster,1970
3202,Even Dwarfs Started Small (Auch Zwerge haben klein angefangen) (1971),Drama,1971,1.0,1.0,,Even Dwarfs Started Small (Auch Zwerge haben klein angefangen),1,Niche,1970
3203,Dead Calm (1989),Thriller,1989,3.6780684104627768,497.0,0.8689200584007818,Dead Calm,1,Blockbuster,1980
3204,"Boys from Brazil, The (1978)",Thriller,1978,3.661764705882353,204.0,0.85287622530705,"Boys from Brazil, The",1,Blockbuster,1970
3205,Black Sunday (La Maschera Del Demonio) (1960),Horror,1960,2.25,4.0,1.8929694486000912,Black Sunday (La Maschera Del Demonio),1,Niche,1960
3206,Against All Odds (1984),Romance,1984,3.2481203007518795,133.0,1.0180642284732717,Against All Odds,1,Popular,1980
3207,"Snows of Kilimanjaro, The (1952)",Adventure,1952,3.2,5.0,0.8366600265340756,"Snows of Kilimanjaro, The",1,Niche,1950
3208,Loaded Weapon 1 (1993),Action|Comedy,1993,2.7613636363636362,264.0,1.1402853173256244,Loaded Weapon 1,2,Blockbuster,1990
3209,"Loves of Carmen, The (1948)",Drama,1948,1.0,1.0,,"Loves of Carmen, The",1,Niche,1940
3210,Fast Times at Ridgemont High (1982),Comedy,1982,3.8374717832957113,886.0,0.9415673534717638,Fast Times at Ridgemont High,1,Blockbuster,1980
3211,"Cry in the Dark, A (1988)",Drama,1988,3.515151515151515,66.0,0.7694638341563507,"Cry in the Dark, A",1,Popular,1980
3212,Born to Win (1971),Drama,1971,2.5,2.0,0.7071067811865476,Born to Win,1,Niche,1970
3213,Batman: Mask of the Phantasm (1993),Animation|Children's,1993,3.560344827586207,232.0,1.0550951874618537,Batman: Mask of the Phantasm,2,Blockbuster,1990
3214,American Flyers (1985),Drama,1985,3.329896907216495,97.0,0.9323095145539569,American Flyers,1,Popular,1980
3215,Voyage of the Damned (1976),Drama,1976,3.1818181818181817,11.0,1.0787197799411874,Voyage of the Damned,1,Moderate,1970
3216,Vampyros Lesbos (Las Vampiras) (1970),Horror,1970,3.3333333333333335,3.0,2.0816659994661326,Vampyros Lesbos (Las Vampiras),1,Niche,1970
3217,"Star Is Born, A (1937)",Drama,1937,3.3516483516483517,91.0,0.9930159042435255,"Star Is Born, A",1,Popular,1930
3218,Poison (1991),Drama,1991,3.1875,32.0,1.0297979758028961,Poison,1,Moderate,1990
3219,Pacific Heights (1990),Thriller,1990,3.2550335570469797,447.0,0.9070305546796757,Pacific Heights,1,Blockbuster,1990
3220,Night Tide (1961),Drama,1961,2.0,1.0,,Night Tide,1,Niche,1960
3221,"Draughtsman's Contract, The (1982)",Drama,1982,3.413793103448276,29.0,1.1807153212992278,"Draughtsman's Contract, The",1,Moderate,1980
3222,Carmen (1984),Drama,1984,4.166666666666667,30.0,0.7914775938769181,Carmen,1,Moderate,1980
3223,"Zed & Two Noughts, A (1985)",Drama,1985,3.413793103448276,29.0,1.0527936095153947,"Zed & Two Noughts, A",1,Moderate,1980
3224,Woman in the Dunes (Suna no onna) (1964),Drama,1964,4.0519480519480515,77.0,0.9719229974927877,Woman in the Dunes (Suna no onna),1,Popular,1960
3225,Down to You (2000),Comedy|Romance,2000,2.6885245901639343,122.0,1.3053099895472393,Down to You,2,Popular,2000
3226,Hellhounds on My Trail (1999),Documentary,1999,,,,Hellhounds on My Trail,1,,1990
3227,"Not Love, Just Frenzy (Más que amor, frenesí) (1996)",Comedy|Drama|Thriller,1996,,,,"Not Love, Just Frenzy (Más que amor, frenesí)",3,,1990
3228,Wirey Spindell (1999),Comedy,1999,1.0,2.0,0.0,Wirey Spindell,1,Niche,1990
3229,Another Man's Poison (1952),Crime|Drama,1952,4.0,1.0,,Another Man's Poison,2,Niche,1950
3230,"Odessa File, The (1974)",Thriller,1974,3.6666666666666665,78.0,0.8778170484575761,"Odessa File, The",1,Popular,1970
3231,"Saphead, The (1920)",Comedy,1920,,,,"Saphead, The",1,,1920
3232,Seven Chances (1925),Comedy,1925,4.0,5.0,1.7320508075688772,Seven Chances,1,Niche,1920
3233,Smashing Time (1967),Comedy,1967,5.0,2.0,0.0,Smashing Time,1,Niche,1960
3234,Train Ride to Hollywood (1978),Comedy,1978,,,,Train Ride to Hollywood,1,,1970
3235,Where the Buffalo Roam (1980),Comedy,1980,3.0,71.0,1.1832159566199232,Where the Buffalo Roam,1,Popular,1980
3236,Zachariah (1971),Western,1971,3.5,2.0,2.1213203435596424,Zachariah,1,Niche,1970
3237,Kestrel's Eye (Falkens öga) (1998),Documentary,1998,1.0,1.0,,Kestrel's Eye (Falkens öga),1,Niche,1990
3238,Eye of the Beholder (1999),Thriller,1999,2.134831460674157,267.0,1.1191196651257485,Eye of the Beholder,1,Blockbuster,1990
3239,Isn't She Great? (2000),Comedy,2000,2.3783783783783785,37.0,1.0097125925329047,Isn't She Great?,1,Moderate,2000
3240,"Big Tease, The (1999)",Comedy,1999,3.272727272727273,33.0,1.0084867151060815,"Big Tease, The",1,Moderate,1990
3241,"Cup, The (Phörpa) (1999)",Comedy,1999,3.6666666666666665,57.0,1.023532631438318,"Cup, The (Phörpa)",1,Popular,1990
3242,Santitos (1997),Comedy,1997,3.6666666666666665,3.0,0.5773502691896258,Santitos,1,Niche,1990
3243,Encino Man (1992),Comedy,1992,2.5017064846416384,293.0,1.0390478168056034,Encino Man,1,Blockbuster,1990
3244,"Goodbye Girl, The (1977)",Comedy|Romance,1977,3.6956521739130435,322.0,0.8933362039815521,"Goodbye Girl, The",2,Blockbuster,1970
3245,I Am Cuba (Soy Cuba/Ya Kuba) (1964),Drama,1964,4.8,5.0,0.44721359549995787,I Am Cuba (Soy Cuba/Ya Kuba),1,Niche,1960
3246,Malcolm X (1992),Drama,1992,3.903157894736842,475.0,0.9065458894618633,Malcolm X,1,Blockbuster,1990
3247,Sister Act (1992),Comedy|Crime,1992,3.1681681681681684,666.0,1.0370324674735274,Sister Act,2,Blockbuster,1990
3248,Sister Act 2: Back in the Habit (1993),Comedy,1993,2.5396039603960396,202.0,1.0607965849356338,Sister Act 2: Back in the Habit,1,Blockbuster,1990
3249,"Hand That Rocks the Cradle, The (1992)",Thriller,1992,3.135294117647059,340.0,0.9803022690009261,"Hand That Rocks the Cradle, The",1,Blockbuster,1990
3250,Alive (1993),Drama,1993,3.401639344262295,366.0,0.8471693663751663,Alive,1,Blockbuster,1990
3251,Agnes of God (1985),Drama|Mystery,1985,3.380434782608696,276.0,0.9362485059118303,Agnes of God,2,Blockbuster,1980
3252,Scent of a Woman (1992),Drama,1992,3.7135135135135133,555.0,0.9627058818191867,Scent of a Woman,1,Blockbuster,1990
3253,Wayne's World (1992),Comedy,1992,3.600892857142857,1120.0,0.9408793194574504,Wayne's World,1,Blockbuster,1990
3254,Wayne's World 2 (1993),Comedy,1993,2.884526558891455,433.0,0.9744731814437878,Wayne's World 2,1,Blockbuster,1990
3255,"League of Their Own, A (1992)",Comedy|Drama,1992,3.6797088262056414,1099.0,0.8648454523719897,"League of Their Own, A",2,Blockbuster,1990
3256,Patriot Games (1992),Action|Thriller,1992,3.75,1052.0,0.8226399221313674,Patriot Games,2,Blockbuster,1990
3257,"Bodyguard, The (1992)",Action|Drama|Romance|Thriller,1992,2.8594249201277955,626.0,1.0366325427816707,"Bodyguard, The",4,Blockbuster,1990
3258,Death Becomes Her (1992),Comedy,1992,2.752212389380531,339.0,1.0279897092535781,Death Becomes Her,1,Blockbuster,1990
3259,Far and Away (1992),Drama|Romance,1992,3.369727047146402,403.0,0.9873713405387956,Far and Away,2,Blockbuster,1990
3260,Howards End (1992),Drama,1992,3.7291666666666665,480.0,0.9657946058031539,Howards End,1,Blockbuster,1990
3261,Singles (1992),Comedy|Drama|Romance,1992,3.4825174825174825,429.0,0.8580553991641621,Singles,3,Blockbuster,1990
3262,Twin Peaks: Fire Walk with Me (1992),Drama|Mystery,1992,2.9693251533742333,163.0,1.2443616682957954,Twin Peaks: Fire Walk with Me,2,Popular,1990
3263,White Men Can't Jump (1992),Comedy,1992,3.188905547226387,667.0,0.9381775037821016,White Men Can't Jump,1,Blockbuster,1990
3264,Buffy the Vampire Slayer (1992),Comedy|Horror,1992,3.091796875,512.0,1.0035997312170934,Buffy the Vampire Slayer,2,Blockbuster,1990
3265,Hard-Boiled (Lashou shentan) (1992),Action|Crime,1992,4.137614678899083,327.0,0.9281013990402301,Hard-Boiled (Lashou shentan),2,Blockbuster,1990
3266,Man Bites Dog (C'est arrivé près de chez vous) (1992),Action|Comedy|Crime|Drama,1992,3.655844155844156,154.0,1.0929355453423644,Man Bites Dog (C'est arrivé près de chez vous),4,Popular,1990
3267,"Mariachi, El (1992)",Action|Thriller,1992,3.6873706004140785,483.0,0.9332415295152051,"Mariachi, El",2,Blockbuster,1990
3268,Stop! Or My Mom Will Shoot (1992),Action|Comedy,1992,1.782122905027933,179.0,1.0125693020979176,Stop! Or My Mom Will Shoot,2,Popular,1990
3269,Forever Young (1992),Adventure|Romance|Sci-Fi,1992,3.20335429769392,477.0,0.9362838140820086,Forever Young,3,Blockbuster,1990
3270,"Cutting Edge, The (1992)",Drama,1992,3.285,200.0,0.9317272014326123,"Cutting Edge, The",1,Popular,1990
3271,Of Mice and Men (1992),Drama,1992,3.847560975609756,328.0,0.8283546360095015,Of Mice and Men,1,Blockbuster,1990
3272,Bad Lieutenant (1992),Crime|Drama,1992,3.2046783625730995,171.0,1.1525834340347862,Bad Lieutenant,2,Popular,1990
3273,Scream 3 (2000),Horror|Mystery|Thriller,2000,2.733102253032929,577.0,1.1402498408662938,Scream 3,3,Blockbuster,2000
3274,Single White Female (1992),Action,1992,3.1073059360730593,438.0,0.8923224794507328,Single White Female,1,Blockbuster,1990
3275,"Boondock Saints, The (1999)",Action|Comedy,1999,3.619565217391304,92.0,1.1752240030047099,"Boondock Saints, The",2,Popular,1990
3276,Gun Shy (2000),Comedy,2000,2.652173913043478,46.0,1.0374625306079532,Gun Shy,1,Moderate,2000
3277,Beloved/Friend (Amigo/Amado) (1999),Drama,1999,4.0,1.0,,Beloved/Friend (Amigo/Amado),1,Niche,1990
3278,Gendernauts (1999),Documentary,1999,,,,Gendernauts,1,,1990
3279,Knockout (1999),Action|Adventure,1999,,,,Knockout,2,,1990
3280,"Baby, The (1973)",Horror,1973,5.0,1.0,,"Baby, The",1,Niche,1970
3281,"Brandon Teena Story, The (1998)",Documentary,1998,4.040816326530612,49.0,0.8154544661687481,"Brandon Teena Story, The",1,Moderate,1990
3282,Different for Girls (1996),Comedy,1996,3.7,10.0,0.8232726023485646,Different for Girls,1,Niche,1990
3283,Minnie and Moskowitz (1971),Action,1971,3.466666666666667,15.0,0.5163977794943222,Minnie and Moskowitz,1,Moderate,1970
3284,They Might Be Giants (1971),Comedy|Romance,1971,3.7333333333333334,45.0,1.0313274764284928,They Might Be Giants,2,Moderate,1970
3285,"Beach, The (2000)",Adventure|Drama,2000,2.702127659574468,423.0,1.0868320905931543,"Beach, The",2,Blockbuster,2000
3286,Snow Day (2000),Comedy,2000,2.2131147540983607,122.0,1.0774127887217502,Snow Day,1,Popular,2000
3287,"Tigger Movie, The (2000)",Animation|Children's,2000,2.7286821705426356,129.0,1.1302097287706172,"Tigger Movie, The",2,Popular,2000
3288,Cotton Mary (1999),Drama,1999,3.0,4.0,1.4142135623730951,Cotton Mary,1,Niche,1990
3289,Not One Less (Yi ge dou bu neng shao) (1999),Drama,1999,3.769230769230769,52.0,1.0406518435225336,Not One Less (Yi ge dou bu neng shao),1,Popular,1990
3290,Soft Toilet Seats (1999),Comedy,1999,3.0,1.0,,Soft Toilet Seats,1,Niche,1990
3291,Trois (2000),Thriller,2000,2.0,1.0,,Trois,1,Niche,2000
3292,"Big Combo, The (1955)",Film-Noir,1955,3.8333333333333335,6.0,0.752772652709081,"Big Combo, The",1,Niche,1950
3293,Conceiving Ada (1997),Drama|Sci-Fi,1997,3.4,5.0,1.1401754250991378,Conceiving Ada,2,Niche,1990
3294,Eaten Alive (1976),Horror,1976,2.5,2.0,2.1213203435596424,Eaten Alive,1,Niche,1970
3295,Raining Stones (1993),Drama,1993,3.5,2.0,0.7071067811865476,Raining Stones,1,Niche,1990
3296,To Sir with Love (1967),Drama,1967,3.793103448275862,203.0,0.8363947408447777,To Sir with Love,1,Blockbuster,1960
3297,With Byrd at the South Pole (1930),Documentary,1930,2.0,1.0,,With Byrd at the South Pole,1,Niche,1930
3298,Boiler Room (2000),Drama,2000,3.4593220338983053,590.0,0.9013513047397934,Boiler Room,1,Blockbuster,2000
3299,Hanging Up (2000),Comedy|Drama,2000,2.2954545454545454,176.0,0.9758113507270717,Hanging Up,2,Popular,2000
3300,Pitch Black (2000),Action|Sci-Fi,2000,3.300738007380074,542.0,1.0756760370940122,Pitch Black,2,Blockbuster,2000
3301,"Whole Nine Yards, The (2000)",Comedy|Crime,2000,3.3787375415282392,602.0,0.963258336678502,"Whole Nine Yards, The",2,Blockbuster,2000
3302,Beautiful People (1999),Comedy,1999,3.339622641509434,53.0,1.0731584624981294,Beautiful People,1,Popular,1990
3303,Black Tar Heroin: The Dark End of the Street (1999),Documentary,1999,3.5,6.0,1.378404875209022,Black Tar Heroin: The Dark End of the Street,1,Niche,1990
3304,Blue Collar (1978),Crime|Drama,1978,3.5714285714285716,56.0,0.8915184769847425,Blue Collar,2,Popular,1970
3305,Bluebeard (1944),Film-Noir|Horror,1944,4.0,2.0,0.0,Bluebeard,2,Niche,1940
3306,"Circus, The (1928)",Comedy,1928,3.9583333333333335,24.0,1.0826363421183323,"Circus, The",1,Moderate,1920
3307,City Lights (1931),Comedy|Drama|Romance,1931,4.387453874538745,271.0,0.8262304923980147,City Lights,3,Blockbuster,1930
3308,"Flamingo Kid, The (1984)",Comedy|Drama,1984,3.197278911564626,294.0,0.8793377571935116,"Flamingo Kid, The",2,Blockbuster,1980
3309,"Dog's Life, A (1920)",Comedy,1920,3.6666666666666665,24.0,1.307725096316589,"Dog's Life, A",1,Moderate,1920
3310,"Kid, The (1921)",Action,1921,3.7903225806451615,62.0,1.0733293808564193,"Kid, The",1,Popular,1920
3311,"Man from Laramie, The (1955)",Western,1955,3.787878787878788,33.0,0.8572330399888264,"Man from Laramie, The",1,Moderate,1950
3312,"McCullochs, The (1975)",Drama,1975,1.0,1.0,,"McCullochs, The",1,Niche,1970
3313,Class Reunion (1982),Comedy,1982,2.25,20.0,0.8506963092234008,Class Reunion,1,Moderate,1980
3314,"Big Trees, The (1952)",Action|Drama,1952,3.25,4.0,1.707825127659933,"Big Trees, The",2,Niche,1950
3315,Happy Go Lovely (1951),Musical,1951,2.0,1.0,,Happy Go Lovely,1,Niche,1950
3316,Reindeer Games (2000),Action|Thriller,2000,2.7681660899653977,289.0,1.0695714484920817,Reindeer Games,2,Blockbuster,2000
3317,Wonder Boys (2000),Comedy|Drama,2000,3.9495967741935485,496.0,0.8804726914066136,Wonder Boys,2,Blockbuster,2000
3318,Deterrence (1998),Thriller,1998,3.4791666666666665,48.0,1.0516366845598613,Deterrence,1,Moderate,1990
3319,Judy Berlin (1999),Drama,1999,3.107142857142857,28.0,1.1333099904225385,Judy Berlin,1,Moderate,1990
3320,Mifune (Mifunes sidste sang) (1999),Comedy|Romance,1999,3.511111111111111,45.0,1.1000459127241051,Mifune (Mifunes sidste sang),2,Moderate,1990
3321,"Waiting Game, The (2000)",Comedy,2000,2.0,1.0,,"Waiting Game, The",1,Niche,2000
3322,3 Strikes (2000),Comedy,2000,2.75,4.0,1.2583057392117916,3 Strikes,1,Niche,2000
3323,Chain of Fools (2000),Comedy|Crime,2000,3.0,1.0,,Chain of Fools,2,Niche,2000
3324,Drowning Mona (2000),Comedy,2000,2.763157894736842,190.0,1.1871046660530216,Drowning Mona,1,Popular,2000
3325,"Next Best Thing, The (2000)",Comedy|Drama,2000,2.33125,160.0,1.1086956186631058,"Next Best Thing, The",2,Popular,2000
3326,What Planet Are You From? (2000),Comedy|Sci-Fi,2000,2.8555555555555556,180.0,1.1092411328250888,What Planet Are You From?,2,Popular,2000
3327,Beyond the Mat (2000),Documentary,2000,3.529850746268657,134.0,1.2606854473280404,Beyond the Mat,1,Popular,2000
3328,Ghost Dog: The Way of the Samurai (1999),Crime|Drama,1999,3.843949044585987,314.0,1.0655114765503122,Ghost Dog: The Way of the Samurai,2,Blockbuster,1990
3329,"Year My Voice Broke, The (1987)",Drama,1987,3.814814814814815,27.0,0.7862783338192767,"Year My Voice Broke, The",1,Moderate,1980
3330,Splendor in the Grass (1961),Drama,1961,3.759259259259259,108.0,0.9459245625053025,Splendor in the Grass,1,Popular,1960
3331,My Tutor (1983),Drama,1983,2.3142857142857145,35.0,1.050810011692061,My Tutor,1,Moderate,1980
3332,"Legend of Lobo, The (1962)",Adventure|Children's,1962,,,,"Legend of Lobo, The",2,,1960
3333,"Killing of Sister George, The (1968)",Drama,1968,3.5,16.0,1.1547005383792515,"Killing of Sister George, The",1,Moderate,1960
3334,Key Largo (1948),Crime|Drama|Film-Noir|Thriller,1948,4.082429501084599,461.0,0.7841745576508614,Key Largo,4,Blockbuster,1940
3335,Jail Bait (1954),Crime|Drama,1954,2.6666666666666665,12.0,1.2309149097933274,Jail Bait,2,Moderate,1950
3336,It Happened Here (1961),Drama,1961,3.0,2.0,0.0,It Happened Here,1,Niche,1960
3337,I'll Never Forget What's 'is Name (1967),Comedy|Drama,1967,3.5,2.0,0.7071067811865476,I'll Never Forget What's 'is Name,2,Niche,1960
3338,For All Mankind (1989),Documentary,1989,4.444444444444445,27.0,0.8915558282417285,For All Mankind,1,Moderate,1980
3339,Cross of Iron (1977),War,1977,3.744186046511628,43.0,0.7588532468645403,Cross of Iron,1,Moderate,1970
3340,Bride of the Monster (1956),Horror|Sci-Fi,1956,2.8028169014084505,71.0,1.3587780046777236,Bride of the Monster,2,Popular,1950
3341,Born Yesterday (1950),Comedy,1950,4.03954802259887,177.0,0.8143707967232902,Born Yesterday,1,Popular,1950
3342,Birdy (1984),Drama|War,1984,3.8565022421524664,223.0,0.9285464562375683,Birdy,2,Blockbuster,1980
3343,And God Created Woman (1988),Comedy|Drama|Romance,1988,2.375,40.0,1.0299987552892653,And God Created Woman,3,Moderate,1980
3344,Blood Feast (1963),Horror,1963,2.6,20.0,1.142481141154959,Blood Feast,1,Moderate,1960
3345,"Charlie, the Lonesome Cougar (1967)",Adventure|Children's,1967,3.130434782608696,23.0,0.8148813536665075,"Charlie, the Lonesome Cougar",2,Moderate,1960
3346,Color Me Blood Red (1965),Horror,1965,2.8,5.0,1.0954451150103321,Color Me Blood Red,1,Niche,1960
3347,Never Cry Wolf (1983),Drama,1983,3.981132075471698,212.0,0.7217820505145311,Never Cry Wolf,1,Blockbuster,1980
3348,"Night Visitor, The (1970)",Crime|Thriller,1970,,,,"Night Visitor, The",2,,1970
3349,"Perils of Pauline, The (1947)",Comedy,1947,3.4,25.0,1.118033988749895,"Perils of Pauline, The",1,Moderate,1940
3350,"Raisin in the Sun, A (1961)",Drama,1961,3.972027972027972,143.0,0.8553399451371758,"Raisin in the Sun, A",1,Popular,1960
3351,Two Thousand Maniacs! (1964),Horror,1964,3.2666666666666666,15.0,1.0997835284835873,Two Thousand Maniacs!,1,Moderate,1960
3352,Brown's Requiem (1998),Drama,1998,2.6666666666666665,3.0,0.5773502691896257,Brown's Requiem,1,Niche,1990
3353,"Closer You Get, The (2000)",Comedy|Romance,2000,4.0,2.0,0.0,"Closer You Get, The",2,Niche,2000
3354,Mission to Mars (2000),Sci-Fi,2000,2.5952080706179066,793.0,1.1175040904882694,Mission to Mars,1,Blockbuster,2000
3355,"Ninth Gate, The (2000)",Thriller,2000,2.8758389261744965,298.0,1.1076806238895116,"Ninth Gate, The",1,Blockbuster,2000
3356,Condo Painting (2000),Documentary,2000,,,,Condo Painting,1,,2000
3357,East-West (Est-ouest) (1999),Drama|Romance,1999,3.766990291262136,103.0,1.122006985885295,East-West (Est-ouest),2,Popular,1990
3358,Defending Your Life (1991),Comedy|Romance,1991,3.681614349775785,446.0,1.0131597450141894,Defending Your Life,2,Blockbuster,1990
3359,Breaking Away (1979),Drama,1979,4.0807692307692305,520.0,0.7981284614993283,Breaking Away,1,Blockbuster,1970
3360,Hoosiers (1986),Drama,1986,3.91864406779661,590.0,0.8780427717887013,Hoosiers,1,Blockbuster,1980
3361,Bull Durham (1988),Comedy,1988,3.837442922374429,1095.0,0.9195543989735062,Bull Durham,1,Blockbuster,1980
3362,Dog Day Afternoon (1975),Comedy|Crime|Drama,1975,3.969934640522876,765.0,0.8331392854865123,Dog Day Afternoon,3,Blockbuster,1970
3363,American Graffiti (1973),Comedy|Drama,1973,4.026262626262627,990.0,0.8408895403842136,American Graffiti,2,Blockbuster,1970
3364,"Asphalt Jungle, The (1950)",Crime|Film-Noir,1950,3.9271523178807946,151.0,0.8334613588191068,"Asphalt Jungle, The",2,Popular,1950
3365,"Searchers, The (1956)",Western,1956,4.085714285714285,245.0,0.973417168333576,"Searchers, The",1,Blockbuster,1950
3366,Where Eagles Dare (1969),Action|Adventure|War,1969,3.811320754716981,265.0,0.78471679347974,Where Eagles Dare,3,Blockbuster,1960
3367,"Devil's Brigade, The (1968)",War,1968,3.372093023255814,43.0,0.8735056849367568,"Devil's Brigade, The",1,Moderate,1960
3368,"Big Country, The (1958)",Romance|Western,1958,3.6507936507936507,63.0,1.0185177427109955,"Big Country, The",2,Popular,1950
3369,Any Number Can Win (Mélodie en sous-sol ) (1963),Crime,1963,,,,Any Number Can Win (Mélodie en sous-sol ),1,,1960
3370,Betrayed (1988),Drama|Thriller,1988,3.4302325581395348,86.0,0.790244901346391,Betrayed,2,Popular,1980
3371,Bound for Glory (1976),Drama,1976,3.7083333333333335,48.0,1.0305613701224456,Bound for Glory,1,Moderate,1970
3372,"Bridge at Remagen, The (1969)",Action|War,1969,3.5535714285714284,56.0,0.8072319224506527,"Bridge at Remagen, The",2,Popular,1960
3373,Buck and the Preacher (1972),Western,1972,2.6666666666666665,3.0,0.5773502691896257,Buck and the Preacher,1,Niche,1970
3374,Daughters of the Dust (1992),Drama,1992,2.6,15.0,0.8280786712108249,Daughters of the Dust,1,Moderate,1990
3375,Destination Moon (1950),Sci-Fi,1950,3.3384615384615386,65.0,1.0349656255904571,Destination Moon,1,Popular,1950
3376,"Fantastic Night, The (La Nuit Fantastique) (1949)",Romance,1949,1.0,1.0,,"Fantastic Night, The (La Nuit Fantastique)",1,Niche,1940
3377,Hangmen Also Die (1943),Drama|War,1943,3.5,2.0,0.7071067811865476,Hangmen Also Die,2,Niche,1940
3378,"Ogre, The (Der Unhold) (1996)",Drama,1996,3.25,4.0,0.49999999999999994,"Ogre, The (Der Unhold)",1,Niche,1990
3379,On the Beach (1959),Drama,1959,3.9473684210526314,95.0,0.8674788740162501,On the Beach,1,Popular,1950
3380,Railroaded! (1947),Film-Noir,1947,3.0,3.0,1.7320508075688772,Railroaded!,1,Niche,1940
3381,Slaves to the Underground (1997),Comedy|Drama,1997,3.5,2.0,0.7071067811865476,Slaves to the Underground,2,Niche,1990
3382,Song of Freedom (1936),Drama,1936,5.0,1.0,,Song of Freedom,1,Niche,1930
3383,Big Fella (1937),Drama|Musical,1937,,,,Big Fella,2,,1930
3384,"Taking of Pelham One Two Three, The (1974)",Action,1974,3.800724637681159,276.0,0.8136111536565942,"Taking of Pelham One Two Three, The",1,Blockbuster,1970
3385,Volunteers (1985),Comedy,1985,2.5531914893617023,141.0,0.9213773223890233,Volunteers,1,Popular,1980
3386,JFK (1991),Drama|Mystery,1991,3.755291005291005,756.0,0.9911721844915327,JFK,2,Blockbuster,1990
3387,Who's Harry Crumb? (1989),Comedy,1989,2.722543352601156,173.0,1.019239573261678,Who's Harry Crumb?,1,Popular,1980
3388,Harry and the Hendersons (1987),Comedy,1987,2.7181208053691277,298.0,0.978424053493457,Harry and the Hendersons,1,Blockbuster,1980
3389,Let's Get Harry (1986),Action|Adventure,1986,2.710526315789474,38.0,0.9838670185038084,Let's Get Harry,2,Moderate,1980
3390,Shanghai Surprise (1986),Adventure,1986,1.6666666666666667,33.0,0.924211375534118,Shanghai Surprise,1,Moderate,1980
3391,Who's That Girl? (1987),Comedy,1987,2.28125,96.0,1.0331670777402444,Who's That Girl?,1,Popular,1980
3392,She-Devil (1989),Comedy,1989,1.9363057324840764,157.0,1.0107215540269334,She-Devil,1,Popular,1980
3393,Date with an Angel (1987),Comedy|Fantasy,1987,2.1372549019607843,51.0,1.0773970084075277,Date with an Angel,2,Popular,1980
3394,Blind Date (1987),Comedy|Romance,1987,2.6714285714285713,210.0,1.0173814108115669,Blind Date,2,Blockbuster,1980
3395,Nadine (1987),Comedy,1987,2.8363636363636364,55.0,0.9182034867596852,Nadine,1,Popular,1980
3396,"Muppet Movie, The (1979)",Children's|Comedy,1979,3.8561827956989245,744.0,0.9479108992233746,"Muppet Movie, The",2,Blockbuster,1970
3397,"Great Muppet Caper, The (1981)",Children's|Comedy,1981,3.7374301675977653,358.0,0.9187106355128656,"Great Muppet Caper, The",2,Blockbuster,1980
3398,"Muppets Take Manhattan, The (1984)",Children's|Comedy,1984,3.504398826979472,341.0,0.9750466078747371,"Muppets Take Manhattan, The",2,Blockbuster,1980
3399,Sesame Street Presents Follow That Bird (1985),Children's|Comedy,1985,3.1264367816091956,87.0,1.1289488597512765,Sesame Street Presents Follow That Bird,2,Popular,1980
3400,We're Back! A Dinosaur's Story (1993),Animation|Children's,1993,2.5172413793103448,29.0,1.2711268806842335,We're Back! A Dinosaur's Story,2,Moderate,1990
3401,Baby... Secret of the Lost Legend (1985),Adventure|Sci-Fi,1985,2.106194690265487,113.0,0.929312647859457,Baby... Secret of the Lost Legend,2,Popular,1980
3402,Turtle Diary (1985),Drama,1985,3.347826086956522,23.0,0.7751067757631797,Turtle Diary,1,Moderate,1980
3403,Raise the Titanic (1980),Drama|Thriller,1980,2.78125,32.0,0.9064064103067461,Raise the Titanic,2,Moderate,1980
3404,Titanic (1953),Action|Drama,1953,3.452054794520548,219.0,1.133814248136513,Titanic,2,Blockbuster,1950
3405,"Night to Remember, A (1958)",Action|Drama,1958,3.875,144.0,0.8351960533625908,"Night to Remember, A",2,Popular,1950
3406,Captain Horatio Hornblower (1951),Action|Adventure|War,1951,3.7523809523809524,105.0,0.829515062006253,Captain Horatio Hornblower,3,Popular,1950
3407,"Carriers Are Waiting, The (Les Convoyeurs Attendent) (1999)",Comedy|Drama,1999,1.6666666666666667,3.0,1.1547005383792517,"Carriers Are Waiting, The (Les Convoyeurs Attendent)",2,Niche,1990
3408,Erin Brockovich (2000),Drama,2000,3.863878326996198,1315.0,0.895887025271015,Erin Brockovich,1,Blockbuster,2000
3409,Final Destination (2000),Drama|Thriller,2000,3.272331154684096,459.0,1.0807552406059089,Final Destination,2,Blockbuster,2000
3410,Soft Fruit (1999),Comedy|Drama,1999,4.333333333333333,9.0,0.7071067811865475,Soft Fruit,2,Niche,1990
3411,Babymother (1998),Drama,1998,,,,Babymother,1,,1990
3412,"Bear, The (1988)",Adventure,1988,3.3714285714285714,175.0,1.0251356592513192,"Bear, The",1,Popular,1980
3413,Impact (1949),Crime|Drama,1949,3.5,2.0,0.7071067811865476,Impact,2,Niche,1940
3414,Love Is a Many-Splendored Thing (1955),Romance,1955,3.26,50.0,0.943506270054764,Love Is a Many-Splendored Thing,1,Moderate,1950
3415,"Mirror, The (Zerkalo) (1975)",Drama,1975,3.8260869565217392,23.0,1.3702081432144626,"Mirror, The (Zerkalo)",1,Moderate,1970
3416,"Trial, The (Le Procès) (1963)",Drama,1963,3.9411764705882355,51.0,1.2395445083720449,"Trial, The (Le Procès)",1,Popular,1960
3417,"Crimson Pirate, The (1952)",Adventure|Comedy|Sci-Fi,1952,3.589041095890411,73.0,0.9836950808947658,"Crimson Pirate, The",3,Popular,1950
3418,Thelma & Louise (1991),Action|Drama,1991,3.6803105151729003,1417.0,0.9655728750118044,Thelma & Louise,2,Blockbuster,1990
3419,Something for Everyone (1970),Comedy|Crime,1970,3.1538461538461537,13.0,1.1435437497937313,Something for Everyone,2,Moderate,1970
3420,...And Justice for All (1979),Drama|Thriller,1979,3.71356783919598,199.0,0.8781102494980855,...And Justice for All,2,Popular,1970
3421,Animal House (1978),Comedy,1978,4.053024026512014,1207.0,0.9767642380341907,Animal House,1,Blockbuster,1970
3422,She's Gotta Have It (1986),Comedy|Romance,1986,3.4,210.0,0.9693879092810508,She's Gotta Have It,2,Blockbuster,1980
3423,School Daze (1988),Drama,1988,2.918918918918919,74.0,1.0695890486826372,School Daze,1,Popular,1980
3424,Do the Right Thing (1989),Comedy|Drama,1989,3.880921895006402,781.0,0.9896423442500909,Do the Right Thing,2,Blockbuster,1980
3425,Mo' Better Blues (1990),Drama,1990,3.2911392405063293,79.0,0.9890671431691842,Mo' Better Blues,1,Popular,1990
3426,Jungle Fever (1991),Drama|Romance,1991,3.1953488372093024,215.0,0.9710658678998269,Jungle Fever,2,Blockbuster,1990
3427,Coogan's Bluff (1968),Crime,1968,3.3378378378378377,74.0,0.7634999982421801,Coogan's Bluff,1,Popular,1960
3428,"Champ, The (1979)",Drama,1979,2.9491525423728815,59.0,1.0895068294884827,"Champ, The",1,Popular,1970
3429,Creature Comforts (1990),Animation|Comedy,1990,4.335766423357664,274.0,0.791691028854594,Creature Comforts,2,Blockbuster,1990
3430,Death Wish (1974),Action|Drama,1974,3.340909090909091,220.0,1.0324237081542573,Death Wish,2,Blockbuster,1970
3431,Death Wish II (1982),Action|Drama,1982,2.6705882352941175,85.0,1.1586962633979296,Death Wish II,2,Popular,1980
3432,Death Wish 3 (1985),Action|Drama,1985,2.263888888888889,72.0,1.1257930607573723,Death Wish 3,2,Popular,1980
3433,Death Wish 4: The Crackdown (1987),Action|Drama,1987,2.1458333333333335,48.0,1.2546014597054456,Death Wish 4: The Crackdown,2,Moderate,1980
3434,Death Wish V: The Face of Death (1994),Action|Drama,1994,2.263157894736842,38.0,1.329177972471541,Death Wish V: The Face of Death,2,Moderate,1990
3435,Double Indemnity (1944),Crime|Film-Noir,1944,4.415607985480944,551.0,0.7407929060686064,Double Indemnity,2,Blockbuster,1940
3436,Dying Young (1991),Drama|Romance,1991,2.7890625,128.0,1.009032777301754,Dying Young,2,Popular,1990
3437,Cool as Ice (1991),Drama,1991,2.0,12.0,1.4770978917519928,Cool as Ice,1,Moderate,1990
3438,Teenage Mutant Ninja Turtles (1990),Action|Children's|Fantasy,1990,2.6779026217228465,534.0,1.0945877863467044,Teenage Mutant Ninja Turtles,3,Blockbuster,1990
3439,Teenage Mutant Ninja Turtles II: The Secret of the Ooze (1991),Action|Children's|Fantasy,1991,2.1274900398406373,251.0,1.0879711737451494,Teenage Mutant Ninja Turtles II: The Secret of the Ooze,3,Blockbuster,1990
3440,Teenage Mutant Ninja Turtles III (1993),Action|Children's|Fantasy,1993,1.9202127659574468,188.0,1.0232672624087231,Teenage Mutant Ninja Turtles III,3,Popular,1990
3441,Red Dawn (1984),Action|War,1984,3.2757894736842106,475.0,1.0114028972491964,Red Dawn,2,Blockbuster,1980
3442,Band of the Hand (1986),Action,1986,2.3076923076923075,39.0,0.9501757774733927,Band of the Hand,1,Moderate,1980
3443,Born American (1986),Action|Drama|Thriller,1986,3.8,5.0,0.8366600265340756,Born American,3,Niche,1980
3444,Bloodsport (1988),Action,1988,3.225225225225225,222.0,1.1350817514735358,Bloodsport,1,Blockbuster,1980
3445,Eyes of Laura Mars (1978),Mystery|Thriller,1978,3.194244604316547,139.0,0.8670932437508415,Eyes of Laura Mars,2,Popular,1970
3446,Funny Bones (1995),Comedy,1995,3.41025641025641,39.0,1.1858363408415424,Funny Bones,1,Moderate,1990
3447,"Good Earth, The (1937)",Drama,1937,3.7222222222222223,72.0,1.1034162344924379,"Good Earth, The",1,Popular,1930
3448,"Good Morning, Vietnam (1987)",Comedy|Drama|War,1987,3.733826247689464,1082.0,0.8479948375596477,"Good Morning, Vietnam",3,Blockbuster,1980
3449,"Good Mother, The (1988)",Drama,1988,2.9705882352941178,34.0,0.9687634767046038,"Good Mother, The",1,Moderate,1980
3450,Grumpy Old Men (1993),Comedy,1993,3.415327564894932,809.0,0.984062313260865,Grumpy Old Men,1,Blockbuster,1990
3451,Guess Who's Coming to Dinner (1967),Comedy|Drama,1967,3.92,350.0,0.8527051173717539,Guess Who's Coming to Dinner,2,Blockbuster,1960
3452,Romeo Must Die (2000),Action|Romance,2000,3.1419939577039275,331.0,1.0065336315685287,Romeo Must Die,2,Blockbuster,2000
3453,Here on Earth (2000),Drama|Romance,2000,2.4831460674157304,89.0,1.1393016157294242,Here on Earth,2,Popular,2000
3454,Whatever It Takes (2000),Comedy|Romance,2000,2.697674418604651,43.0,1.035900430059124,Whatever It Takes,2,Moderate,2000
3455,Buddy Boy (1999),Drama|Thriller,1999,,,,Buddy Boy,2,,1990
3456,"Color of Paradise, The (Rang-e Khoda) (1999)",Drama,1999,3.9384615384615387,65.0,1.0735007434342305,"Color of Paradise, The (Rang-e Khoda)",1,Popular,1990
3457,Waking the Dead (1999),Drama,1999,2.99290780141844,141.0,1.1922155479892362,Waking the Dead,1,Popular,1990
3458,Blood and Sand (Sangre y Arena) (1989),Drama|Romance,1989,3.0,1.0,,Blood and Sand (Sangre y Arena),2,Niche,1980
3459,Gothic (1986),Drama|Horror,1986,2.774193548387097,62.0,1.16533756227801,Gothic,2,Popular,1980
3460,Hillbillys in a Haunted House (1967),Comedy,1967,1.0,1.0,,Hillbillys in a Haunted House,1,Niche,1960
3461,Lord of the Flies (1963),Adventure|Drama|Thriller,1963,3.6657223796033995,353.0,0.9807164020981405,Lord of the Flies,3,Blockbuster,1960
3462,Modern Times (1936),Comedy,1936,4.2360655737704915,305.0,0.8866763759602125,Modern Times,1,Blockbuster,1930
3463,Last Resort (1994),Comedy,1994,1.8,10.0,0.6324555320336759,Last Resort,1,Niche,1990
3464,Solar Crisis (1993),Sci-Fi|Thriller,1993,2.45,20.0,1.234376040972246,Solar Crisis,2,Moderate,1990
3465,That's Life! (1986),Drama,1986,2.7777777777777777,18.0,0.8782037520219095,That's Life!,1,Moderate,1980
3466,Heart and Souls (1993),Comedy|Fantasy,1993,3.547945205479452,219.0,0.904237159721102,Heart and Souls,2,Blockbuster,1990
3467,Hud (1963),Drama|Western,1963,4.021505376344086,279.0,0.9053616625851265,Hud,2,Blockbuster,1960
3468,"Hustler, The (1961)",Drama,1961,4.24,450.0,0.7372977809659892,"Hustler, The",1,Blockbuster,1960
3469,Inherit the Wind (1960),Drama,1960,4.279850746268656,268.0,0.8072963015299033,Inherit the Wind,1,Blockbuster,1960
3470,Dersu Uzala (1974),Adventure|Drama,1974,4.326086956521739,92.0,0.7575074170336323,Dersu Uzala,2,Popular,1970
3471,Close Encounters of the Third Kind (1977),Drama|Sci-Fi,1977,4.0144727773949,1451.0,0.9000751201119966,Close Encounters of the Third Kind,2,Blockbuster,1970
3472,Horror Hotel (a.k.a. The City of the Dead) (1960),Horror,1960,1.75,4.0,0.9574271077563381,Horror Hotel (a.k.a. The City of the Dead),1,Niche,1960
3473,Jonah Who Will Be 25 in the Year 2000 (1976),Comedy,1976,3.4166666666666665,24.0,1.0179547554081032,Jonah Who Will Be 25 in the Year 2000,1,Moderate,1970
3474,Retroactive (1997),Sci-Fi|Thriller,1997,3.1875,16.0,0.9105858919765158,Retroactive,2,Moderate,1990
3475,"Place in the Sun, A (1951)",Drama|Romance,1951,3.962686567164179,134.0,0.8353713902617363,"Place in the Sun, A",2,Popular,1950
3476,Jacob's Ladder (1990),Horror|Mystery|Thriller,1990,3.578710644677661,667.0,1.0644527215090218,Jacob's Ladder,3,Blockbuster,1990
3477,Empire Records (1995),Comedy|Drama,1995,3.044280442804428,271.0,1.1441779107424306,Empire Records,2,Blockbuster,1990
3478,"Bamba, La (1987)",Drama,1987,3.330827067669173,266.0,0.8307469202189409,"Bamba, La",1,Blockbuster,1980
3479,Ladyhawke (1985),Adventure|Fantasy|Romance,1985,3.6734317343173433,542.0,0.9272994768306743,Ladyhawke,3,Blockbuster,1980
3480,Lucas (1986),Drama,1986,3.6258064516129034,155.0,0.8911424674880573,Lucas,1,Popular,1980
3481,High Fidelity (2000),Comedy,2000,3.928623452294246,1373.0,0.9487620821760075,High Fidelity,1,Blockbuster,2000
3482,Price of Glory (2000),Drama,2000,3.0,3.0,1.0,Price of Glory,1,Niche,2000
3483,"Road to El Dorado, The (2000)",Animation|Children's,2000,3.011904761904762,168.0,1.1105810921012824,"Road to El Dorado, The",2,Popular,2000
3484,"Skulls, The (2000)",Thriller,2000,2.728476821192053,302.0,1.1610155643474258,"Skulls, The",1,Blockbuster,2000
3485,Autopsy (Macchie Solari) (1975),Horror,1975,1.5,2.0,0.7071067811865476,Autopsy (Macchie Solari),1,Niche,1970
3486,Devil Girl From Mars (1954),Sci-Fi,1954,3.1,10.0,1.3703203194062976,Devil Girl From Mars,1,Niche,1950
3487,"Dorado, El (1967)",Western,1967,3.7205882352941178,68.0,0.990184488091255,"Dorado, El",1,Popular,1960
3488,"Hideous Sun Demon, The (1959)",Horror|Sci-Fi,1959,2.0,22.0,1.1126972805283735,"Hideous Sun Demon, The",2,Moderate,1950
3489,Hook (1991),Adventure|Fantasy,1991,3.018005540166205,722.0,1.0708377007670047,Hook,2,Blockbuster,1990
3490,Horror Express (1972),Horror,1972,2.6470588235294117,17.0,1.3666188418222287,Horror Express,1,Moderate,1970
3491,My Chauffeur (1986),Comedy,1986,2.9393939393939394,66.0,1.0209917935146406,My Chauffeur,1,Popular,1980
3492,"Son of the Sheik, The (1926)",Adventure,1926,3.5714285714285716,14.0,1.0894095588038442,"Son of the Sheik, The",1,Moderate,1920
3493,Torso (Corpi Presentano Tracce di Violenza Carnale) (1973),Horror,1973,1.0,2.0,0.0,Torso (Corpi Presentano Tracce di Violenza Carnale),1,Niche,1970
3494,True Grit (1969),Adventure|Western,1969,3.7375,320.0,0.933443417899587,True Grit,2,Blockbuster,1960
3495,Roadside Prophets (1992),Comedy|Drama,1992,3.75,12.0,0.8660254037844386,Roadside Prophets,2,Moderate,1990
3496,Madame Sousatzka (1988),Drama,1988,3.2203389830508473,59.0,0.9661119484316484,Madame Sousatzka,1,Popular,1980
3497,Max Dugan Returns (1983),Comedy,1983,3.0520833333333335,96.0,0.9664889431302262,Max Dugan Returns,1,Popular,1980
3498,Midnight Express (1978),Drama,1978,4.0067796610169495,295.0,0.8206237064648628,Midnight Express,1,Blockbuster,1970
3499,Misery (1990),Horror,1990,3.82579185520362,884.0,0.8949157673727529,Misery,1,Blockbuster,1990
3500,Mr. Saturday Night (1992),Comedy|Drama,1992,2.711864406779661,177.0,1.0233220321629042,Mr. Saturday Night,2,Popular,1990
3501,Murphy's Romance (1985),Comedy|Romance,1985,3.546468401486989,269.0,0.9975139713632949,Murphy's Romance,2,Blockbuster,1980
3502,My Life (1993),Drama,1993,3.5113636363636362,88.0,1.0056657677198901,My Life,1,Popular,1990
3503,Solaris (Solyaris) (1972),Drama|Sci-Fi,1972,3.4545454545454546,143.0,1.1304197944355578,Solaris (Solyaris),2,Popular,1970
3504,Network (1976),Comedy|Drama,1976,4.020348837209302,688.0,0.9106479260607914,Network,2,Blockbuster,1970
3505,No Way Out (1987),Thriller,1987,3.8732394366197185,355.0,0.8721940880640727,No Way Out,1,Blockbuster,1980
3506,North Dallas Forty (1979),Comedy|Drama,1979,3.3652694610778444,167.0,0.8598072173747483,North Dallas Forty,2,Popular,1970
3507,"Odd Couple, The (1968)",Comedy,1968,4.033419023136247,389.0,0.8099980156193537,"Odd Couple, The",1,Blockbuster,1960
3508,"Outlaw Josey Wales, The (1976)",Western,1976,4.043835616438356,365.0,0.8664989396786633,"Outlaw Josey Wales, The",1,Blockbuster,1970
3509,Black and White (1999),Drama,1999,2.847826086956522,92.0,1.0476009496185381,Black and White,1,Popular,1990
3510,Frequency (2000),Drama|Thriller,2000,3.7588306942752743,821.0,0.9306753890789204,Frequency,2,Blockbuster,2000
3511,Ready to Rumble (2000),Comedy,2000,2.590909090909091,66.0,1.1763996276419353,Ready to Rumble,1,Popular,2000
3512,Return to Me (2000),Drama|Romance,2000,3.6806167400881056,454.0,0.9750637351815371,Return to Me,2,Blockbuster,2000
3513,Rules of Engagement (2000),Drama|Thriller,2000,3.3476190476190477,420.0,0.902459671313649,Rules of Engagement,2,Blockbuster,2000
3514,Joe Gould's Secret (2000),Drama,2000,3.161290322580645,62.0,1.0588200730614843,Joe Gould's Secret,1,Popular,2000
3515,Me Myself I (2000),Comedy,2000,3.1875,192.0,1.1873019261646744,Me Myself I,1,Popular,2000
3516,"Bell, Book and Candle (1958)",Comedy|Romance,1958,3.7665198237885464,227.0,0.8840412802718814,"Bell, Book and Candle",2,Blockbuster,1950
3517,"Bells, The (1926)",Crime|Drama,1926,4.5,2.0,0.7071067811865476,"Bells, The",2,Niche,1920
3518,"End of Violence, The (1997)",Drama|Thriller,1997,2.8703703703703702,54.0,0.9721847851432418,"End of Violence, The",2,Popular,1990
3519,Force 10 from Navarone (1978),Action|War,1978,3.3467336683417086,199.0,0.9019490032517238,Force 10 from Navarone,2,Popular,1970
3520,How to Stuff a Wild Bikini (1965),Comedy,1965,2.5625,32.0,1.3425421240462847,How to Stuff a Wild Bikini,1,Moderate,1960
3521,Mystery Train (1989),Comedy|Crime|Drama,1989,3.877659574468085,188.0,0.9197365648550505,Mystery Train,3,Popular,1980
3522,Sacco and Vanzetti (Sacco e Vanzetti) (1971),Drama,1971,4.0,3.0,1.0,Sacco and Vanzetti (Sacco e Vanzetti),1,Niche,1970
3523,Taffin (1988),Action|Thriller,1988,3.125,8.0,1.246423454758225,Taffin,2,Niche,1980
3524,Arthur (1981),Comedy|Romance,1981,3.4269662921348316,534.0,1.0071523631203705,Arthur,2,Blockbuster,1980
3525,Bachelor Party (1984),Comedy,1984,3.138888888888889,360.0,1.0139082325607542,Bachelor Party,1,Blockbuster,1980
3526,Parenthood (1989),Comedy|Drama,1989,3.7694204685573367,811.0,0.8860242922430055,Parenthood,2,Blockbuster,1980
3527,Predator (1987),Action|Sci-Fi|Thriller,1987,3.653816499614495,1297.0,0.9834916728791425,Predator,3,Blockbuster,1980
3528,"Prince of Tides, The (1991)",Drama|Romance,1991,3.155763239875389,321.0,1.1070961989680352,"Prince of Tides, The",2,Blockbuster,1990
3529,"Postman Always Rings Twice, The (1981)",Crime|Thriller,1981,3.470967741935484,155.0,0.8995646668593379,"Postman Always Rings Twice, The",2,Popular,1980
3530,Smoking/No Smoking (1993),Comedy,1993,4.0,1.0,,Smoking/No Smoking,1,Niche,1990
3531,All the Vermeers in New York (1990),Comedy|Drama|Romance,1990,3.037037037037037,27.0,1.1596246568305386,All the Vermeers in New York,3,Moderate,1990
3532,Freedom for Us (À nous la liberté ) (1931),Comedy,1931,3.761904761904762,21.0,1.1791845447071423,Freedom for Us (À nous la liberté ),1,Moderate,1930
3533,"Actor's Revenge, An (Yukinojo Henge) (1963)",Drama,1963,3.2857142857142856,7.0,1.2535663410560174,"Actor's Revenge, An (Yukinojo Henge)",1,Niche,1960
3534,28 Days (2000),Comedy,2000,3.0653465346534654,505.0,0.9202781286331579,28 Days,1,Blockbuster,2000
3535,American Psycho (2000),Comedy|Horror|Thriller,2000,3.219047619047619,630.0,1.1906975341204906,American Psycho,3,Blockbuster,2000
3536,Keeping the Faith (2000),Comedy|Romance,2000,3.7484662576687118,489.0,0.8986115766919872,Keeping the Faith,2,Blockbuster,2000
3537,Where the Money Is (2000),Comedy|Drama,2000,3.323529411764706,34.0,0.8060599359358184,Where the Money Is,2,Moderate,2000
3538,East is East (1999),Comedy,1999,3.664772727272727,176.0,0.9357093288259706,East is East,1,Popular,1990
3539,"Filth and the Fury, The (2000)",Documentary,2000,3.8461538461538463,39.0,0.9877795817004377,"Filth and the Fury, The",1,Moderate,2000
3540,Passion of Mind (1999),Romance|Thriller,1999,2.75,28.0,1.174576361770332,Passion of Mind,2,Moderate,1990
3541,Third World Cop (1999),Action,1999,,,,Third World Cop,1,,1990
3542,Coming Apart (1969),Drama,1969,3.0,2.0,1.4142135623730951,Coming Apart,1,Niche,1960
3543,Diner (1982),Comedy|Drama,1982,3.9225268176400476,839.0,0.8711528059945216,Diner,2,Blockbuster,1980
3544,Shakes the Clown (1991),Comedy,1991,2.917525773195876,97.0,1.280218919208608,Shakes the Clown,1,Popular,1990
3545,Cabaret (1972),Musical|War,1972,3.9029345372460496,443.0,1.0537867346528285,Cabaret,2,Blockbuster,1970
3546,What Ever Happened to Baby Jane? (1962),Drama|Thriller,1962,3.7219730941704037,223.0,0.983563872437732,What Ever Happened to Baby Jane?,2,Blockbuster,1960
3547,Prick Up Your Ears (1987),Drama,1987,3.792207792207792,77.0,0.8002904462503194,Prick Up Your Ears,1,Popular,1980
3548,Auntie Mame (1958),Comedy|Drama,1958,3.835766423357664,274.0,1.0047679174579214,Auntie Mame,2,Blockbuster,1950
3549,Guys and Dolls (1955),Musical,1955,3.792307692307692,260.0,1.0262662681889398,Guys and Dolls,1,Blockbuster,1950
3550,"Hunger, The (1983)",Horror,1983,3.43125,160.0,0.9881172937275827,"Hunger, The",1,Popular,1980
3551,Marathon Man (1976),Thriller,1976,3.93,400.0,0.7820671791359769,Marathon Man,1,Blockbuster,1970
3552,Caddyshack (1980),Comedy,1980,3.8469493278179936,967.0,1.0442331532670532,Caddyshack,1,Blockbuster,1980
3553,Gossip (2000),Drama|Thriller,2000,2.768292682926829,82.0,1.0458475266890495,Gossip,2,Popular,2000
3554,Love and Basketball (2000),Drama|Romance,2000,3.453781512605042,119.0,1.1180180644947897,Love and Basketball,2,Popular,2000
3555,U-571 (2000),Action|Thriller,2000,3.539647577092511,908.0,0.9412585625718636,U-571,2,Blockbuster,2000
3556,"Virgin Suicides, The (1999)",Comedy|Drama,1999,3.6310975609756095,328.0,0.9990252204345844,"Virgin Suicides, The",2,Blockbuster,1990
3557,Jennifer 8 (1992),Thriller,1992,2.896551724137931,116.0,0.8883723303330362,Jennifer 8,1,Popular,1990
3558,"Law, The (Le Legge) (1958)",Drama,1958,,,,"Law, The (Le Legge)",1,,1950
3559,Limelight (1952),Drama,1952,3.6666666666666665,30.0,0.9589266029707681,Limelight,1,Moderate,1950
3560,Phantom Love (Ai No Borei) (1978),Drama,1978,,,,Phantom Love (Ai No Borei),1,,1970
3561,Stacy's Knights (1982),Drama,1982,,,,Stacy's Knights,1,,1980
3562,Committed (2000),Comedy|Drama,2000,3.0384615384615383,26.0,1.076318511622623,Committed,2,Moderate,2000
3563,"Crow: Salvation, The (2000)",Action|Horror,2000,1.9230769230769231,13.0,0.9540735874430285,"Crow: Salvation, The",2,Moderate,2000
3564,"Flintstones in Viva Rock Vegas, The (2000)",Children's|Comedy,2000,1.8046875,128.0,0.9561948352674393,"Flintstones in Viva Rock Vegas, The",2,Popular,2000
3565,Where the Heart Is (2000),Comedy|Drama,2000,3.267148014440433,277.0,1.0971488856521299,Where the Heart Is,2,Blockbuster,2000
3566,"Big Kahuna, The (2000)",Comedy|Drama,2000,3.3717105263157894,304.0,1.1005499833098988,"Big Kahuna, The",2,Blockbuster,2000
3567,Bossa Nova (1999),Comedy,1999,3.4,35.0,0.881175685227012,Bossa Nova,1,Moderate,1990
3568,Smiling Fish and Goat on Fire (1999),Drama,1999,3.269230769230769,26.0,1.1509193649493368,Smiling Fish and Goat on Fire,1,Moderate,1990
3569,"Idiots, The (Idioterne) (1998)",Comedy|Drama,1998,3.3513513513513513,37.0,1.5314520382125407,"Idiots, The (Idioterne)",2,Moderate,1990
3570,"Last September, The (1999)",Drama,1999,3.9,10.0,0.875595035770913,"Last September, The",1,Niche,1990
3571,Time Code (2000),Drama,2000,3.377952755905512,127.0,1.1542133572008069,Time Code,1,Popular,2000
3572,Carnosaur (1993),Horror|Sci-Fi,1993,1.7272727272727273,77.0,0.9267425071945,Carnosaur,2,Popular,1990
3573,Carnosaur 2 (1995),Horror|Sci-Fi,1995,1.4615384615384615,26.0,0.7605665904189708,Carnosaur 2,2,Moderate,1990
3574,Carnosaur 3: Primal Species (1996),Horror|Sci-Fi,1996,1.0588235294117647,17.0,0.24253562503633297,Carnosaur 3: Primal Species,2,Moderate,1990
3575,Defying Gravity (1997),Drama,1997,3.3333333333333335,3.0,1.1547005383792515,Defying Gravity,1,Niche,1990
3576,"Hidden, The (1987)",Action|Horror|Sci-Fi,1987,3.683098591549296,284.0,0.8725877870310513,"Hidden, The",3,Blockbuster,1980
3577,Two Moon Juction (1988),Drama,1988,2.65,60.0,1.0865120683067775,Two Moon Juction,1,Popular,1980
3578,Gladiator (2000),Action|Drama,2000,4.106029106029106,1924.0,0.9347873477576896,Gladiator,2,Blockbuster,2000
3579,I Dreamed of Africa (2000),Drama,2000,2.485294117647059,68.0,1.239795927584227,I Dreamed of Africa,1,Popular,2000
3580,Up at the Villa (2000),Drama,2000,3.0689655172413794,29.0,0.9975339050005346,Up at the Villa,1,Moderate,2000
3581,Human Traffic (1999),Drama,1999,2.7857142857142856,14.0,0.892582375303981,Human Traffic,1,Moderate,1990
3582,"Jails, Hospitals & Hip-Hop (2000)",Drama,2000,,,,"Jails, Hospitals & Hip-Hop",1,,2000
3583,Black Tights (Les Collants Noirs) (1960),Drama,1960,,,,Black Tights (Les Collants Noirs),1,,1960
3584,Breathless (1983),Action|Drama|Romance|Thriller,1983,2.7674418604651163,129.0,0.9561611715848495,Breathless,4,Popular,1980
3585,"Great Locomotive Chase, The (1956)",Adventure|War,1956,3.8421052631578947,19.0,0.9581903020646578,"Great Locomotive Chase, The",2,Moderate,1950
3586,"Idolmaker, The (1980)",Drama,1980,3.392857142857143,28.0,1.1655323283657166,"Idolmaker, The",1,Moderate,1980
3587,Inferno (1980),Horror,1980,3.0,30.0,1.2865350418053536,Inferno,1,Moderate,1980
3588,"King of Marvin Gardens, The (1972)",Crime|Drama,1972,3.3333333333333335,48.0,0.9070253775176265,"King of Marvin Gardens, The",2,Moderate,1970
3589,"Kill, Baby... Kill! (Operazione Paura) (1966)",Horror,1966,,,,"Kill, Baby... Kill! (Operazione Paura)",1,,1960
3590,"Lords of Flatbush, The (1974)",Comedy,1974,2.8588235294117648,85.0,0.8040513661699581,"Lords of Flatbush, The",1,Popular,1970
3591,Mr. Mom (1983),Comedy|Drama,1983,3.4076433121019107,628.0,0.8709774817337459,Mr. Mom,2,Blockbuster,1980
3592,Time Masters (Les Maîtres du Temps) (1982),Animation|Sci-Fi,1982,2.5,8.0,1.3093073414159544,Time Masters (Les Maîtres du Temps),2,Niche,1980
3593,Battlefield Earth (2000),Action|Sci-Fi,2000,1.6111111111111112,342.0,0.9554255899856088,Battlefield Earth,2,Blockbuster,2000
3594,Center Stage (2000),Drama,2000,3.302197802197802,182.0,1.0469084212222588,Center Stage,1,Popular,2000
3595,Held Up (2000),Comedy,2000,3.0,4.0,1.8257418583505538,Held Up,1,Niche,2000
3596,Screwed (2000),Comedy,2000,2.533333333333333,60.0,1.2949270860523734,Screwed,1,Popular,2000
3597,Whipped (2000),Comedy,2000,2.72972972972973,37.0,1.2393692089268784,Whipped,1,Moderate,2000
3598,Hamlet (2000),Drama,2000,3.458100558659218,179.0,1.2234500724258375,Hamlet,1,Popular,2000
3599,Anchors Aweigh (1945),Comedy|Musical,1945,3.6310679611650487,103.0,1.0193259139575575,Anchors Aweigh,2,Popular,1940
3600,Blue Hawaii (1961),Comedy|Musical,1961,2.8264462809917354,121.0,1.0382492150283027,Blue Hawaii,2,Popular,1960
3601,"Castaway Cowboy, The (1974)",Comedy|Western,1974,4.0,2.0,0.0,"Castaway Cowboy, The",2,Niche,1970
3602,G. I. Blues (1960),Musical,1960,2.979591836734694,49.0,0.8288997707394863,G. I. Blues,1,Moderate,1960
3603,"Gay Deceivers, The (1969)",Comedy,1969,3.3333333333333335,3.0,1.5275252316519468,"Gay Deceivers, The",1,Niche,1960
3604,Gypsy (1962),Musical,1962,3.69672131147541,122.0,0.9349887899826965,Gypsy,1,Popular,1960
3605,King Creole (1958),Drama|Musical,1958,3.0980392156862746,51.0,1.0247907486074281,King Creole,2,Popular,1950
3606,On the Town (1949),Musical,1949,3.940828402366864,169.0,0.8359777709211043,On the Town,1,Popular,1940
3607,One Little Indian (1973),Comedy|Drama|Western,1973,5.0,1.0,,One Little Indian,3,Niche,1970
3608,Pee-wee's Big Adventure (1985),Comedy,1985,3.40534262485482,861.0,1.1859327718924257,Pee-wee's Big Adventure,1,Blockbuster,1980
3609,Regret to Inform (1998),Documentary,1998,4.0,4.0,0.816496580927726,Regret to Inform,1,Niche,1990
3610,Roustabout (1964),Musical,1964,2.5294117647058822,34.0,0.9919461775980272,Roustabout,1,Moderate,1960
3611,Saludos Amigos (1943),Animation|Children's|Comedy,1943,3.066666666666667,15.0,1.162919151265879,Saludos Amigos,3,Moderate,1940
3612,"Slipper and the Rose, The (1976)",Adventure|Musical|Romance,1976,3.6333333333333333,30.0,1.1290317283753195,"Slipper and the Rose, The",3,Moderate,1970
3613,Things Change (1988),Comedy,1988,3.75531914893617,94.0,0.8384082488098421,Things Change,1,Popular,1980
3614,Honeymoon in Vegas (1992),Comedy|Romance,1992,3.2195571955719555,542.0,0.856499230065851,Honeymoon in Vegas,2,Blockbuster,1990
3615,Dinosaur (2000),Animation|Children's,2000,3.217391304347826,345.0,1.0182857976137352,Dinosaur,2,Blockbuster,2000
3616,Loser (2000),Comedy|Romance,2000,2.4565217391304346,138.0,1.0882220496989428,Loser,2,Popular,2000
3617,Road Trip (2000),Comedy,2000,3.2673031026252985,419.0,1.106810206741125,Road Trip,1,Blockbuster,2000
3618,Small Time Crooks (2000),Comedy,2000,3.3712737127371275,369.0,1.0109932446058296,Small Time Crooks,1,Blockbuster,2000
3619,"Hollywood Knights, The (1980)",Comedy,1980,3.260869565217391,92.0,1.0779464116162234,"Hollywood Knights, The",1,Popular,1980
3620,"Myth of Fingerprints, The (1997)",Comedy|Drama,1997,3.0,50.0,1.0690449676496976,"Myth of Fingerprints, The",2,Moderate,1990
3621,Possession (1981),Drama|Horror,1981,1.6666666666666667,3.0,0.5773502691896257,Possession,2,Niche,1980
3622,"Twelve Chairs, The (1970)",Comedy,1970,3.8333333333333335,84.0,0.8478652617061465,"Twelve Chairs, The",1,Popular,1970
3623,Mission: Impossible 2 (2000),Action|Thriller,2000,3.1957349581111956,1313.0,1.1114345116117696,Mission: Impossible 2,2,Blockbuster,2000
3624,Shanghai Noon (2000),Action,2000,3.6548672566371683,791.0,0.9512009471455365,Shanghai Noon,1,Blockbuster,2000
3625,Better Living Through Circuitry (1999),Documentary,1999,3.8125,16.0,0.9810708435174291,Better Living Through Circuitry,1,Moderate,1990
3626,8 1/2 Women (1999),Comedy,1999,2.4693877551020407,49.0,1.3555755360781656,8 1/2 Women,1,Moderate,1990
3627,Carnival of Souls (1962),Horror|Thriller,1962,3.4766355140186915,107.0,1.1923165528176995,Carnival of Souls,2,Popular,1960
3628,Flying Tigers (1942),Action|Drama|War,1942,3.4158415841584158,101.0,0.8633345438782496,Flying Tigers,3,Popular,1940
3629,"Gold Rush, The (1925)",Comedy,1925,4.189090909090909,275.0,0.9165296191614678,"Gold Rush, The",1,Blockbuster,1920
3630,"House of Exorcism, The (La Casa dell'esorcismo) (1974)",Horror,1974,,,,"House of Exorcism, The (La Casa dell'esorcismo)",1,,1970
3631,It's in the Water (1998),Comedy,1998,2.6666666666666665,3.0,0.5773502691896257,It's in the Water,1,Niche,1990
3632,Monsieur Verdoux (1947),Comedy,1947,3.6,40.0,1.1047682202674098,Monsieur Verdoux,1,Moderate,1940
3633,On Her Majesty's Secret Service (1969),Action,1969,3.461756373937677,353.0,0.9795257883400408,On Her Majesty's Secret Service,1,Blockbuster,1960
3634,Seven Days in May (1964),Thriller,1964,4.254545454545455,165.0,0.729638612974421,Seven Days in May,1,Popular,1960
3635,"Spy Who Loved Me, The (1977)",Action,1977,3.6057494866529773,487.0,0.8268935140729975,"Spy Who Loved Me, The",1,Blockbuster,1970
3636,Those Who Love Me Can Take the Train (Ceux qui m'aiment prendront le train) (1998),Drama,1998,2.7777777777777777,9.0,1.3944333775567925,Those Who Love Me Can Take the Train (Ceux qui m'aiment prendront le train),1,Niche,1990
3637,Vagabond (Sans toit ni loi) (1985),Drama,1985,3.95,20.0,0.8870412083230169,Vagabond (Sans toit ni loi),1,Moderate,1980
3638,Moonraker (1979),Action|Romance|Sci-Fi,1979,3.191717791411043,652.0,0.9923170886436252,Moonraker,3,Blockbuster,1970
3639,"Man with the Golden Gun, The (1974)",Action,1974,3.629067245119306,461.0,0.8412858932395793,"Man with the Golden Gun, The",1,Blockbuster,1970
3640,"King in New York, A (1957)",Comedy|Drama,1957,3.4166666666666665,12.0,0.9962049198956219,"King in New York, A",2,Moderate,1950
3641,"Woman of Paris, A (1923)",Drama,1923,2.75,8.0,1.4880476182856899,"Woman of Paris, A",1,Niche,1920
3642,In Old California (1942),Western,1942,3.076923076923077,13.0,0.8623164985025763,In Old California,1,Moderate,1940
3643,"Fighting Seabees, The (1944)",Action|Drama|War,1944,3.4356435643564356,101.0,0.8051812415122253,"Fighting Seabees, The",3,Popular,1940
3644,Dark Command (1940),Western,1940,3.3529411764705883,17.0,0.7859052479933758,Dark Command,1,Moderate,1940
3645,Cleo From 5 to 7 (Cléo de 5 à 7) (1962),Drama,1962,3.611111111111111,18.0,1.3779306261410682,Cleo From 5 to 7 (Cléo de 5 à 7),1,Moderate,1960
3646,Big Momma's House (2000),Comedy,2000,2.4444444444444446,180.0,1.1247456433609628,Big Momma's House,1,Popular,2000
3647,Running Free (2000),Drama,2000,4.0,1.0,,Running Free,1,Niche,2000
3648,"Abominable Snowman, The (1957)",Horror|Sci-Fi,1957,2.6666666666666665,9.0,0.8660254037844386,"Abominable Snowman, The",2,Niche,1950
3649,American Gigolo (1980),Drama,1980,3.169491525423729,295.0,0.9395421951634546,American Gigolo,1,Blockbuster,1980
3650,Anguish (Angustia) (1986),Horror,1986,,,,Anguish (Angustia),1,,1980
3651,"Blood Spattered Bride, The (La Novia Ensangrentada) (1972)",Horror,1972,1.0,2.0,0.0,"Blood Spattered Bride, The (La Novia Ensangrentada)",1,Niche,1970
3652,City of the Living Dead (Paura nella città dei morti viventi) (1980),Horror,1980,3.0,5.0,1.224744871391589,City of the Living Dead (Paura nella città dei morti viventi),1,Niche,1980
3653,"Endless Summer, The (1966)",Documentary,1966,3.791946308724832,149.0,0.8720523151399875,"Endless Summer, The",1,Popular,1960
3654,"Guns of Navarone, The (1961)",Action|Drama|War,1961,3.9641434262948207,502.0,0.7781376272951904,"Guns of Navarone, The",3,Blockbuster,1960
3655,Blow-Out (La Grande Bouffe) (1973),Drama,1973,3.78,50.0,0.8640200300021394,Blow-Out (La Grande Bouffe),1,Moderate,1970
3656,Lured (1947),Crime,1947,5.0,1.0,,Lured,1,Niche,1940
3657,Pandora and the Flying Dutchman (1951),Drama,1951,3.6666666666666665,6.0,1.0327955589886446,Pandora and the Flying Dutchman,1,Niche,1950
3658,Quatermass and the Pit (1967),Sci-Fi,1967,3.652173913043478,69.0,1.1482222442761854,Quatermass and the Pit,1,Popular,1960
3659,Quatermass II (1957),Sci-Fi|Thriller,1957,3.210526315789474,38.0,1.378559662304104,Quatermass II,2,Moderate,1950
3660,Puppet Master (1989),Horror|Sci-Fi|Thriller,1989,2.859872611464968,157.0,1.1682695878186606,Puppet Master,3,Popular,1980
3661,Puppet Master II (1990),Horror|Sci-Fi|Thriller,1990,2.207317073170732,82.0,1.1192789221775035,Puppet Master II,3,Popular,1990
3662,Puppet Master III: Toulon's Revenge (1991),Horror|Sci-Fi|Thriller,1991,2.097826086956522,92.0,1.1678832416492582,Puppet Master III: Toulon's Revenge,3,Popular,1990
3663,Puppet Master 4 (1993),Horror|Sci-Fi|Thriller,1993,1.8620689655172413,58.0,1.1308788053338419,Puppet Master 4,3,Popular,1990
3664,Puppet Master 5: The Final Chapter (1994),Horror|Sci-Fi|Thriller,1994,1.6851851851851851,54.0,1.0608660412663935,Puppet Master 5: The Final Chapter,3,Popular,1990
3665,Curse of the Puppet Master (1998),Horror|Sci-Fi|Thriller,1998,1.7307692307692308,26.0,1.115623316633076,Curse of the Puppet Master,3,Moderate,1990
3666,Retro Puppetmaster (1999),Horror|Sci-Fi|Thriller,1999,1.6666666666666667,6.0,0.816496580927726,Retro Puppetmaster,3,Niche,1990
3667,Rent-A-Cop (1988),Action|Comedy,1988,1.9142857142857144,35.0,0.8178676928606544,Rent-A-Cop,2,Moderate,1980
3668,Romeo and Juliet (1968),Drama|Romance,1968,3.9157303370786516,356.0,0.9153955661734587,Romeo and Juliet,2,Blockbuster,1960
3669,Stay Tuned (1992),Comedy,1992,2.380281690140845,71.0,1.005217775738153,Stay Tuned,1,Popular,1990
3670,"Story of G.I. Joe, The (1945)",War,1945,3.6666666666666665,21.0,1.1105554165971787,"Story of G.I. Joe, The",1,Moderate,1940
3671,Blazing Saddles (1974),Comedy|Western,1974,4.047363717605005,1119.0,0.9507034035433376,Blazing Saddles,2,Blockbuster,1970
3672,Benji (1974),Adventure|Children's,1974,2.967948717948718,156.0,1.024977556291635,Benji,2,Popular,1970
3673,Benji the Hunted (1987),Adventure|Children's,1987,2.3225806451612905,31.0,1.275071155509724,Benji the Hunted,2,Moderate,1980
3674,For the Love of Benji (1977),Adventure|Children's,1977,2.595744680851064,47.0,1.1162743637359658,For the Love of Benji,2,Moderate,1970
3675,White Christmas (1954),Musical,1954,3.8265682656826567,271.0,0.952285182322336,White Christmas,1,Blockbuster,1950
3676,Eraserhead (1977),Drama|Horror,1977,3.4673366834170856,199.0,1.2663829196586178,Eraserhead,2,Popular,1970
3677,Baraka (1992),Documentary,1992,3.888888888888889,45.0,0.982164173978294,Baraka,1,Moderate,1990
3678,"Man with the Golden Arm, The (1955)",Drama,1955,3.7555555555555555,90.0,0.9156702108735156,"Man with the Golden Arm, The",1,Popular,1950
3679,"Decline of Western Civilization, The (1981)",Documentary,1981,4.274193548387097,62.0,0.8715795880574244,"Decline of Western Civilization, The",1,Popular,1980
3680,"Decline of Western Civilization Part II: The Metal Years, The (1988)",Documentary,1988,3.9361702127659575,47.0,0.9869640608220249,"Decline of Western Civilization Part II: The Metal Years, The",1,Moderate,1980
3681,For a Few Dollars More (1965),Western,1965,3.916923076923077,325.0,0.8584311757914846,For a Few Dollars More,1,Blockbuster,1960
3682,Magnum Force (1973),Western,1973,3.6904761904761907,210.0,0.809279177114878,Magnum Force,1,Blockbuster,1970
3683,Blood Simple (1984),Drama|Film-Noir,1984,4.218152866242038,628.0,0.8214751749371509,Blood Simple,2,Blockbuster,1980
3684,"Fabulous Baker Boys, The (1989)",Drama|Romance,1989,3.374301675977654,358.0,0.8885256340106917,"Fabulous Baker Boys, The",2,Blockbuster,1980
3685,Prizzi's Honor (1985),Comedy|Drama|Romance,1985,3.5926605504587155,545.0,0.9290755230749017,Prizzi's Honor,3,Blockbuster,1980
3686,Flatliners (1990),Thriller,1990,3.2542372881355934,413.0,0.9194567369542146,Flatliners,1,Blockbuster,1990
3687,Light Years (1988),Sci-Fi,1988,2.0,2.0,0.0,Light Years,1,Niche,1980
3688,Porky's (1981),Comedy,1981,2.734513274336283,339.0,1.1565432512375113,Porky's,1,Blockbuster,1980
3689,Porky's II: The Next Day (1983),Comedy,1983,2.0425531914893615,141.0,1.0479390687407897,Porky's II: The Next Day,1,Popular,1980
3690,Porky's Revenge (1985),Comedy,1985,2.040983606557377,122.0,1.078700940361738,Porky's Revenge,1,Popular,1980
3691,Private School (1983),Comedy,1983,2.5714285714285716,42.0,0.9663321941277053,Private School,1,Moderate,1980
3692,Class of Nuke 'Em High (1986),Comedy|Horror,1986,2.293103448275862,58.0,1.059768605820458,Class of Nuke 'Em High,2,Popular,1980
3693,"Toxic Avenger, The (1985)",Comedy|Horror,1985,2.697802197802198,182.0,1.2176853345252188,"Toxic Avenger, The",2,Popular,1980
3694,"Toxic Avenger, Part II, The (1989)",Comedy|Horror,1989,1.8548387096774193,62.0,1.0218397775267962,"Toxic Avenger, Part II, The",2,Popular,1980
3695,"Toxic Avenger Part III: The Last Temptation of Toxie, The (1989)",Comedy|Horror,1989,1.8113207547169812,53.0,1.0571479005320965,"Toxic Avenger Part III: The Last Temptation of Toxie, The",2,Popular,1980
3696,Night of the Creeps (1986),Comedy|Horror|Sci-Fi,1986,2.5538461538461537,65.0,1.2123165999282277,Night of the Creeps,3,Popular,1980
3697,Predator 2 (1990),Action|Sci-Fi|Thriller,1990,2.8678071539657854,643.0,1.027475817064709,Predator 2,3,Blockbuster,1990
3698,"Running Man, The (1987)",Action|Adventure|Sci-Fi,1987,3.1986301369863015,730.0,0.9193832773186328,"Running Man, The",3,Blockbuster,1980
3699,Starman (1984),Adventure|Drama|Romance|Sci-Fi,1984,3.461271676300578,865.0,0.9298002331470266,Starman,4,Blockbuster,1980
3700,"Brother from Another Planet, The (1984)",Drama|Sci-Fi,1984,3.5853658536585367,246.0,1.0374759738022965,"Brother from Another Planet, The",2,Blockbuster,1980
3701,Alien Nation (1988),Crime|Drama|Sci-Fi,1988,3.2242063492063493,504.0,0.9155870071562425,Alien Nation,3,Blockbuster,1980
3702,Mad Max (1979),Action|Sci-Fi,1979,3.6641651031894935,1066.0,0.9928245413457709,Mad Max,2,Blockbuster,1970
3703,Mad Max 2 (a.k.a. The Road Warrior) (1981),Action|Sci-Fi,1981,3.6740812379110253,1034.0,1.0183055308162732,Mad Max 2 (a.k.a. The Road Warrior),2,Blockbuster,1980
3704,Mad Max Beyond Thunderdome (1985),Action|Sci-Fi,1985,3.1662049861495847,722.0,0.971190699810355,Mad Max Beyond Thunderdome,2,Blockbuster,1980
3705,Bird on a Wire (1990),Action|Adventure|Romance|Thriller,1990,2.5842105263157893,380.0,0.9419920272000335,Bird on a Wire,4,Blockbuster,1990
3706,Angel Heart (1987),Film-Noir|Mystery|Thriller,1987,3.404017857142857,448.0,1.1111321672927639,Angel Heart,3,Blockbuster,1980
3707,Nine 1/2 Weeks (1986),Drama,1986,3.0843881856540083,237.0,1.089845729027814,Nine 1/2 Weeks,1,Blockbuster,1980
3708,Firestarter (1984),Horror|Thriller,1984,2.9812734082397006,267.0,1.0091803549795675,Firestarter,2,Blockbuster,1980
3709,Sleepwalkers (1992),Horror,1992,2.3893805309734515,113.0,0.9583619611327152,Sleepwalkers,1,Popular,1990
3710,Action Jackson (1988),Action|Comedy,1988,2.254054054054054,185.0,0.9471337179464022,Action Jackson,2,Popular,1980
3711,Sarafina! (1992),Drama,1992,3.212121212121212,33.0,1.0234004518508308,Sarafina!,1,Moderate,1990
3712,Soapdish (1991),Comedy,1991,3.23013698630137,365.0,0.9702561307227995,Soapdish,1,Blockbuster,1990
3713,"Long Walk Home, The (1990)",Drama,1990,3.7411764705882353,85.0,0.8187234717835439,"Long Walk Home, The",1,Popular,1990
3714,Clara's Heart (1988),Drama,1988,3.1363636363636362,66.0,0.9589475583056769,Clara's Heart,1,Popular,1980
3715,Burglar (1987),Comedy,1987,2.4545454545454546,88.0,1.0923884083473903,Burglar,1,Popular,1980
3716,Fatal Beauty (1987),Action|Crime,1987,2.373134328358209,67.0,0.9508500327143075,Fatal Beauty,2,Popular,1980
3717,Gone in 60 Seconds (2000),Action|Crime,2000,2.9743150684931505,584.0,1.114857347694032,Gone in 60 Seconds,2,Blockbuster,2000
3718,American Pimp (1999),Documentary,1999,3.3114754098360657,61.0,1.3728435648506763,American Pimp,1,Popular,1990
3719,Love's Labour's Lost (2000),Comedy|Romance,2000,3.022222222222222,45.0,1.1772249512555304,Love's Labour's Lost,2,Moderate,2000
3720,Sunshine (1999),Drama,1999,3.6666666666666665,87.0,1.0854927791760804,Sunshine,1,Popular,1990
3721,Trixie (1999),Comedy,1999,2.5833333333333335,24.0,1.0598058340078627,Trixie,1,Moderate,1990
3722,Live Virgin (1999),Comedy,1999,2.0,1.0,,Live Virgin,1,Niche,1990
3723,Hamlet (1990),Drama,1990,3.7286245353159853,269.0,0.8750044585772693,Hamlet,1,Blockbuster,1990
3724,Coming Home (1978),Drama|War,1978,3.717948717948718,195.0,0.8600143234457508,Coming Home,2,Popular,1970
3725,American Pop (1981),Animation|Musical,1981,3.0714285714285716,112.0,1.128774235235405,American Pop,2,Popular,1980
3726,Assault on Precinct 13 (1976),Action|Thriller,1976,3.5714285714285716,98.0,1.045362858128525,Assault on Precinct 13,2,Popular,1970
3727,Near Dark (1987),Comedy|Horror,1987,3.7094594594594597,148.0,0.9203177385239745,Near Dark,2,Popular,1980
3728,One False Move (1991),Thriller,1991,3.9594594594594597,148.0,0.8481943877636305,One False Move,1,Popular,1990
3729,Shaft (1971),Action|Crime,1971,3.4144144144144146,222.0,0.941438857069985,Shaft,2,Blockbuster,1970
3730,"Conversation, The (1974)",Drama|Mystery,1974,4.249448123620309,453.0,0.8211964641982682,"Conversation, The",2,Blockbuster,1970
3731,Cutter's Way (1981),Drama|Thriller,1981,3.395348837209302,43.0,0.9034203494477168,Cutter's Way,2,Moderate,1980
3732,"Fury, The (1978)",Horror,1978,2.9859154929577465,71.0,1.0211052519763482,"Fury, The",1,Popular,1970
3733,"Paper Chase, The (1973)",Drama,1973,3.837370242214533,289.0,0.7891547900023298,"Paper Chase, The",1,Blockbuster,1970
3734,Prince of the City (1981),Drama,1981,3.491228070175439,57.0,0.9281857691513795,Prince of the City,1,Popular,1980
3735,Serpico (1973),Crime|Drama,1973,3.981818181818182,495.0,0.7672923681435012,Serpico,2,Blockbuster,1970
3736,"Big Carnival, The (1951)",Drama,1951,3.7948717948717947,39.0,1.1511890232891515,"Big Carnival, The",1,Moderate,1950
3737,Lonely Are the Brave (1962),Drama|Western,1962,4.0,50.0,1.0690449676496974,Lonely Are the Brave,2,Moderate,1960
3738,"Sugarland Express, The (1974)",Drama,1974,3.4545454545454546,77.0,0.8513990737457494,"Sugarland Express, The",1,Popular,1970
3739,Trouble in Paradise (1932),Comedy|Romance,1932,3.975,40.0,1.1654755824698058,Trouble in Paradise,2,Moderate,1930
3740,Big Trouble in Little China (1986),Action|Comedy,1986,3.414383561643836,584.0,1.0243344306768025,Big Trouble in Little China,2,Blockbuster,1980
3741,Badlands (1973),Crime|Drama,1973,4.078838174273859,241.0,0.8932666517917927,Badlands,2,Blockbuster,1970
3742,"Battleship Potemkin, The (Bronenosets Potyomkin) (1925)",Drama|War,1925,3.97008547008547,234.0,1.041603662670406,"Battleship Potemkin, The (Bronenosets Potyomkin)",2,Blockbuster,1920
3743,Boys and Girls (2000),Comedy|Romance,2000,2.5974025974025974,77.0,1.1727132311971005,Boys and Girls,2,Popular,2000
3744,Shaft (2000),Action|Crime,2000,3.2422802850356294,421.0,0.9300376476332329,Shaft,2,Blockbuster,2000
3745,Titan A.E. (2000),Adventure|Animation|Sci-Fi,2000,3.3813084112149534,535.0,1.0966522807750498,Titan A.E.,3,Blockbuster,2000
3746,Butterfly (La Lengua de las Mariposas) (2000),Drama|War,2000,3.8550724637681157,69.0,1.2750474307076323,Butterfly (La Lengua de las Mariposas),2,Popular,2000
3747,Jesus' Son (1999),Drama,1999,3.75,148.0,1.0293317295817757,Jesus' Son,1,Popular,1990
3748,"Match, The (1999)",Comedy|Romance,1999,3.0,2.0,1.4142135623730951,"Match, The",2,Niche,1990
3749,Time Regained (Le Temps Retrouvé) (1999),Drama,1999,3.1363636363636362,22.0,1.3200091827045153,Time Regained (Le Temps Retrouvé),1,Moderate,1990
3750,Boricua's Bond (2000),Drama,2000,,,,Boricua's Bond,1,,2000
3751,Chicken Run (2000),Animation|Children's|Comedy,2000,3.8796087283671934,1329.0,0.9532511728807143,Chicken Run,3,Blockbuster,2000
3752,"Me, Myself and Irene (2000)",Comedy,2000,3.0,560.0,1.1797334528095724,"Me, Myself and Irene",1,Blockbuster,2000
3753,"Patriot, The (2000)",Action|Drama|War,2000,3.7451612903225806,1240.0,1.065062972118473,"Patriot, The",3,Blockbuster,2000
3754,"Adventures of Rocky and Bullwinkle, The (2000)",Animation|Children's|Comedy,2000,2.495145631067961,206.0,1.252305475145094,"Adventures of Rocky and Bullwinkle, The",3,Blockbuster,2000
3755,"Perfect Storm, The (2000)",Action|Adventure|Thriller,2000,3.351431391905232,1013.0,0.975434647459361,"Perfect Storm, The",3,Blockbuster,2000
3756,"Golden Bowl, The (2000)",Drama,2000,3.5,24.0,0.6593804733957872,"Golden Bowl, The",1,Moderate,2000
3757,Asylum (1972),Horror,1972,2.823529411764706,17.0,1.2862393885688164,Asylum,1,Moderate,1970
3758,Communion (1989),Drama|Sci-Fi|Thriller,1989,2.7583333333333333,120.0,1.1522417560676101,Communion,3,Popular,1980
3759,Fun and Fancy Free (1947),Animation|Children's|Musical,1947,3.257142857142857,35.0,1.093909802251623,Fun and Fancy Free,3,Moderate,1940
3760,"Kentucky Fried Movie, The (1977)",Comedy,1977,3.481967213114754,305.0,1.0294205378067443,"Kentucky Fried Movie, The",1,Blockbuster,1970
3761,"Blood In, Blood Out (a.k.a. Bound by Honor) (1993)",Crime|Drama,1993,2.9642857142857144,28.0,1.1049431980420854,"Blood In, Blood Out (a.k.a. Bound by Honor)",2,Moderate,1990
3762,Daughter of Dr. Jeckyll (1957),Horror,1957,1.3333333333333333,3.0,0.5773502691896258,Daughter of Dr. Jeckyll,1,Niche,1950
3763,F/X (1986),Action|Crime|Thriller,1986,3.570613409415121,701.0,0.8500038959859884,F/X,3,Blockbuster,1980
3764,F/X 2 (1992),Action|Crime|Thriller,1992,2.6408163265306124,245.0,0.9417280870274,F/X 2,3,Blockbuster,1990
3765,"Hot Spot, The (1990)",Drama|Romance,1990,2.847826086956522,46.0,1.0534048774088682,"Hot Spot, The",2,Moderate,1990
3766,Missing in Action (1984),Action|War,1984,2.5392670157068062,191.0,1.0398772634615128,Missing in Action,2,Popular,1980
3767,Missing in Action 2: The Beginning (1985),Action|War,1985,2.0865384615384617,104.0,1.015516291505052,Missing in Action 2: The Beginning,2,Popular,1980
3768,Braddock: Missing in Action III (1988),Action|War,1988,2.1604938271604937,81.0,1.066029902529202,Braddock: Missing in Action III,2,Popular,1980
3769,Thunderbolt and Lightfoot (1974),Action,1974,3.3842105263157896,190.0,0.9285382253130166,Thunderbolt and Lightfoot,1,Popular,1970
3770,Dreamscape (1984),Adventure|Crime|Sci-Fi|Thriller,1984,3.470414201183432,338.0,0.8512586980201715,Dreamscape,4,Blockbuster,1980
3771,"Golden Voyage of Sinbad, The (1974)",Action|Adventure,1974,3.3973509933774833,151.0,0.8799959863444492,"Golden Voyage of Sinbad, The",2,Popular,1970
3772,Hatchet For the Honeymoon (Rosso Segno Della Follia) (1969),Horror,1969,1.6666666666666667,3.0,1.1547005383792517,Hatchet For the Honeymoon (Rosso Segno Della Follia),1,Niche,1960
3773,House Party (1990),Comedy,1990,2.818713450292398,171.0,0.9922645429967825,House Party,1,Popular,1990
3774,House Party 2 (1991),Comedy,1991,1.96875,64.0,0.9079673793175401,House Party 2,1,Popular,1990
3775,Make Mine Music (1946),Animation|Children's|Musical,1946,3.25,20.0,1.2085223687584246,Make Mine Music,3,Moderate,1940
3776,Melody Time (1948),Animation|Children's|Musical,1948,3.3333333333333335,24.0,1.1671841502435296,Melody Time,3,Moderate,1940
3777,Nekromantik (1987),Comedy|Horror,1987,2.1818181818181817,11.0,1.2504544628399563,Nekromantik,2,Moderate,1980
3778,On Our Merry Way (1948),Comedy|Drama,1948,2.8333333333333335,6.0,1.4719601443879746,On Our Merry Way,2,Niche,1940
3779,Project Moon Base (1953),Sci-Fi,1953,3.0,1.0,,Project Moon Base,1,Niche,1950
3780,Rocketship X-M (1950),Sci-Fi,1950,3.097560975609756,41.0,1.3191830435686418,Rocketship X-M,1,Moderate,1950
3781,Shaft in Africa (1973),Action|Crime,1973,2.586206896551724,29.0,1.350059294446791,Shaft in Africa,2,Moderate,1970
3782,Shaft's Big Score! (1972),Action|Crime,1972,2.727272727272727,44.0,1.148581255564555,Shaft's Big Score!,2,Moderate,1970
3783,Croupier (1998),Crime|Drama,1998,4.029787234042553,235.0,0.8185652691363923,Croupier,2,Blockbuster,1990
3784,"Kid, The (2000)",Comedy,2000,3.2363636363636363,165.0,1.1470583218788724,"Kid, The",1,Popular,2000
3785,Scary Movie (2000),Comedy|Horror,2000,3.0114192495921697,613.0,1.2240242647676391,Scary Movie,2,Blockbuster,2000
3786,But I'm a Cheerleader (1999),Comedy,1999,3.25,184.0,1.0775909176456293,But I'm a Cheerleader,1,Popular,1990
3787,Shower (Xizhao) (1999),Comedy,1999,3.857142857142857,63.0,1.119578590898449,Shower (Xizhao),1,Popular,1990
3788,Blowup (1966),Drama|Mystery,1966,3.8089430894308944,246.0,0.9856528452968848,Blowup,2,Blockbuster,1960
3789,"Pawnbroker, The (1965)",Drama,1965,4.198717948717949,156.0,0.8756186516741385,"Pawnbroker, The",1,Popular,1960
3790,Groove (2000),Drama,2000,3.372549019607843,51.0,1.0763044980622443,Groove,1,Popular,2000
3791,Footloose (1984),Drama,1984,3.066666666666667,435.0,0.9779441742695288,Footloose,1,Blockbuster,1980
3792,Duel in the Sun (1946),Western,1946,3.5555555555555554,72.0,1.0330985648801538,Duel in the Sun,1,Popular,1940
3793,X-Men (2000),Action|Sci-Fi,2000,3.8206485771012573,1511.0,0.9150673135571445,X-Men,2,Blockbuster,2000
3794,Chuck & Buck (2000),Comedy|Drama,2000,3.28099173553719,121.0,1.1777318632005316,Chuck & Buck,2,Popular,2000
3795,"Five Senses, The (1999)",Drama,1999,3.409090909090909,66.0,1.1499467911071464,"Five Senses, The",1,Popular,1990
3796,"Wisdom of Crocodiles, The (a.k.a. Immortality) (2000)",Romance|Thriller,2000,3.3846153846153846,13.0,0.9607689228305227,"Wisdom of Crocodiles, The (a.k.a. Immortality)",2,Moderate,2000
3797,"In Crowd, The (2000)",Thriller,2000,2.206896551724138,29.0,1.0481040823733514,"In Crowd, The",1,Moderate,2000
3798,What Lies Beneath (2000),Thriller,2000,3.3347732181425487,463.0,1.0681437464954258,What Lies Beneath,1,Blockbuster,2000
3799,Pokémon the Movie 2000 (2000),Animation|Children's,2000,1.62,100.0,1.0325999352424087,Pokémon the Movie 2000,2,Popular,2000
3800,Criminal Lovers (Les Amants Criminels) (1999),Drama|Romance,1999,2.3333333333333335,3.0,2.3094010767585034,Criminal Lovers (Les Amants Criminels),2,Niche,1990
3801,Anatomy of a Murder (1959),Drama|Mystery,1959,4.231155778894473,199.0,0.7633221984461593,Anatomy of a Murder,2,Popular,1950
3802,Freejack (1992),Action|Sci-Fi,1992,2.4177631578947367,304.0,0.98828798021604,Freejack,2,Blockbuster,1990
3803,Greaser's Palace (1972),Drama,1972,3.5555555555555554,9.0,0.8819171036881968,Greaser's Palace,1,Niche,1970
3804,H.O.T.S. (1979),Comedy,1979,2.5348837209302326,43.0,1.3861360685167123,H.O.T.S.,1,Moderate,1970
3805,Knightriders (1981),Action|Adventure|Drama,1981,2.7941176470588234,34.0,1.066839335400571,Knightriders,3,Moderate,1980
3806,MacKenna's Gold (1969),Western,1969,3.2586206896551726,58.0,1.0010581213753005,MacKenna's Gold,1,Popular,1960
3807,Sinbad and the Eye of the Tiger (1977),Action|Adventure,1977,3.2735849056603774,106.0,0.9810880147684873,Sinbad and the Eye of the Tiger,2,Popular,1970
3808,Two Women (La Ciociara) (1961),Drama|War,1961,4.0227272727272725,44.0,1.0452247196597189,Two Women (La Ciociara),2,Moderate,1960
3809,What About Bob? (1991),Comedy,1991,3.397796817625459,817.0,1.0288224007066236,What About Bob?,1,Blockbuster,1990
3810,White Sands (1992),Drama|Thriller,1992,3.1325301204819276,83.0,0.9075709249627769,White Sands,2,Popular,1990
3811,Breaker Morant (1980),Drama|War,1980,4.102777777777778,360.0,0.8162643732770644,Breaker Morant,2,Blockbuster,1980
3812,Everything You Always Wanted to Know About Sex (1972),Comedy,1972,3.557894736842105,285.0,0.900498173630373,Everything You Always Wanted to Know About Sex,1,Blockbuster,1970
3813,Interiors (1978),Drama,1978,3.289156626506024,83.0,0.9309072480313284,Interiors,1,Popular,1970
3814,Love and Death (1975),Comedy,1975,4.0228310502283104,219.0,0.869687924490123,Love and Death,1,Blockbuster,1970
3816,"Official Story, The (La Historia Oficial) (1985)",Drama,1985,3.763157894736842,38.0,1.1492467692178256,"Official Story, The (La Historia Oficial)",1,Moderate,1980
3817,"Other Side of Sunday, The (Søndagsengler) (1996)",Comedy|Drama,1996,3.1875,16.0,1.6007810593582121,"Other Side of Sunday, The (Søndagsengler)",2,Moderate,1990
3818,Pot O' Gold (1941),Comedy|Musical,1941,2.4285714285714284,7.0,1.3972762620115438,Pot O' Gold,2,Niche,1940
3819,Tampopo (1986),Comedy,1986,4.024489795918368,245.0,0.8959221397131765,Tampopo,1,Blockbuster,1980
3820,Thomas and the Magic Railroad (2000),Children's,2000,1.8108108108108107,37.0,1.1746828848161022,Thomas and the Magic Railroad,1,Moderate,2000
3821,Nutty Professor II: The Klumps (2000),Comedy,2000,2.6411290322580645,248.0,1.1887810309550597,Nutty Professor II: The Klumps,1,Blockbuster,2000
3822,"Girl on the Bridge, The (La Fille sur le Pont) (1999)",Drama|Romance,1999,3.757142857142857,70.0,1.184877102239725,"Girl on the Bridge, The (La Fille sur le Pont)",2,Popular,1990
3823,Wonderland (1999),Drama,1999,3.590909090909091,66.0,1.0666593822595092,Wonderland,1,Popular,1990
3824,Autumn in New York (2000),Drama|Romance,2000,2.128205128205128,117.0,1.094960726255714,Autumn in New York,2,Popular,2000
3825,Coyote Ugly (2000),Drama,2000,2.7611940298507465,201.0,1.180121420517473,Coyote Ugly,1,Blockbuster,2000
3826,Hollow Man (2000),Horror|Sci-Fi|Thriller,2000,2.5382716049382714,405.0,1.0770522548658104,Hollow Man,3,Blockbuster,2000
3827,Space Cowboys (2000),Action|Sci-Fi,2000,3.3828451882845187,478.0,0.9636358152169481,Space Cowboys,2,Blockbuster,2000
3828,Better Living (1998),Comedy,1998,2.5,2.0,2.1213203435596424,Better Living,1,Niche,1990
3829,Mad About Mambo (2000),Comedy|Romance,2000,,,,Mad About Mambo,2,,2000
3830,Psycho Beach Party (2000),Comedy|Horror|Thriller,2000,2.88,25.0,1.1661903789690597,Psycho Beach Party,3,Moderate,2000
3831,Saving Grace (2000),Comedy,2000,3.7204301075268815,186.0,0.8988351789246015,Saving Grace,1,Popular,2000
3832,"Black Sabbath (Tre Volti Della Paura, I) (1963)",Horror,1963,3.2857142857142856,21.0,1.0555973258234952,"Black Sabbath (Tre Volti Della Paura, I)",1,Moderate,1960
3833,"Brain That Wouldn't Die, The (1962)",Horror|Sci-Fi,1962,2.5357142857142856,56.0,1.22049596050556,"Brain That Wouldn't Die, The",2,Popular,1960
3834,Bronco Billy (1980),Adventure|Drama|Romance,1980,2.8238636363636362,176.0,0.892955838700957,Bronco Billy,3,Popular,1980
3835,"Crush, The (1993)",Thriller,1993,2.707865168539326,178.0,0.9823556053640068,"Crush, The",1,Popular,1990
3836,Kelly's Heroes (1970),Action|Comedy|War,1970,3.9093333333333335,375.0,0.8447974369323191,Kelly's Heroes,3,Blockbuster,1970
3837,Phantasm II (1988),Horror,1988,2.8876404494382024,89.0,1.1425470176041594,Phantasm II,1,Popular,1980
3838,Phantasm III: Lord of the Dead (1994),Horror,1994,2.619047619047619,42.0,1.1884070287446984,Phantasm III: Lord of the Dead,1,Moderate,1990
3839,Phantasm IV: Oblivion (1998),Horror,1998,2.6382978723404253,47.0,1.4207397325351574,Phantasm IV: Oblivion,1,Moderate,1990
3840,Pumpkinhead (1988),Horror,1988,2.544642857142857,112.0,1.072912957160185,Pumpkinhead,1,Popular,1980
3841,Air America (1990),Action|Comedy,1990,2.7549019607843137,306.0,0.9384634233224942,Air America,2,Blockbuster,1990
3842,Make Them Die Slowly (Cannibal Ferox) (1980),Horror,1980,3.0,1.0,,Make Them Die Slowly (Cannibal Ferox),1,Niche,1980
3843,Sleepaway Camp (1983),Horror,1983,2.6333333333333333,30.0,1.3256965204630418,Sleepaway Camp,1,Moderate,1980
3844,Steel Magnolias (1989),Drama,1989,3.593137254901961,408.0,1.0590209009193783,Steel Magnolias,1,Blockbuster,1980
3845,And God Created Woman (Et Dieu&#8230;Créa la Femme) (1956),Drama,1956,3.392857142857143,28.0,0.956044540814477,And God Created Woman (Et Dieu&#8230;Créa la Femme),1,Moderate,1950
3846,Easy Money (1983),Comedy,1983,3.1449275362318843,138.0,1.0076403355392063,Easy Money,1,Popular,1980
3847,"Ilsa, She Wolf of the SS (1974)",Horror,1974,2.96,25.0,1.4854853303438127,"Ilsa, She Wolf of the SS",1,Moderate,1970
3848,Silent Fall (1994),Drama|Thriller,1994,3.1,20.0,0.9679060415469871,Silent Fall,2,Moderate,1990
3849,"Spiral Staircase, The (1946)",Thriller,1946,4.046511627906977,43.0,0.8438429207272954,"Spiral Staircase, The",1,Moderate,1940
3850,Whatever Happened to Aunt Alice? (1969),Crime|Thriller,1969,2.923076923076923,13.0,1.1875421719907087,Whatever Happened to Aunt Alice?,2,Moderate,1960
3851,I'm the One That I Want (2000),Comedy,2000,3.95,40.0,1.0848608560193684,I'm the One That I Want,1,Moderate,2000
3852,"Tao of Steve, The (2000)",Comedy,2000,3.6971153846153846,208.0,0.9778174187937487,"Tao of Steve, The",1,Blockbuster,2000
3853,"Tic Code, The (1998)",Drama,1998,3.5384615384615383,13.0,1.126601424298216,"Tic Code, The",1,Moderate,1990
3854,Aimée & Jaguar (1999),Drama|Romance,1999,3.65,20.0,1.0399898784932577,Aimée & Jaguar,2,Moderate,1990
3855,"Affair of Love, An (Une Liaison Pornographique) (1999)",Drama|Romance,1999,3.6666666666666665,39.0,1.1316809419557987,"Affair of Love, An (Une Liaison Pornographique)",2,Moderate,1990
3856,Autumn Heart (1999),Drama,1999,,,,Autumn Heart,1,,1990
3857,Bless the Child (2000),Thriller,2000,2.6666666666666665,60.0,1.2711487753365254,Bless the Child,1,Popular,2000
3858,Cecil B. Demented (2000),Comedy,2000,3.1594202898550723,69.0,1.0795313308506382,Cecil B. Demented,1,Popular,2000
3859,"Eyes of Tammy Faye, The (2000)",Documentary,2000,3.8780487804878048,82.0,0.9214889173243379,"Eyes of Tammy Faye, The",1,Popular,2000
3860,"Opportunists, The (1999)",Crime,1999,3.1875,16.0,0.9105858919765156,"Opportunists, The",1,Moderate,1990
3861,"Replacements, The (2000)",Comedy,2000,3.103734439834025,241.0,1.0614585857130534,"Replacements, The",1,Blockbuster,2000
3862,About Adam (2000),Comedy,2000,3.1,20.0,1.2096106376585989,About Adam,1,Moderate,2000
3863,"Cell, The (2000)",Sci-Fi|Thriller,2000,3.2613981762917934,658.0,1.0620329674086053,"Cell, The",2,Blockbuster,2000
3864,Godzilla 2000 (Gojira ni-sen mireniamu) (1999),Action|Adventure|Sci-Fi,1999,2.6923076923076925,143.0,1.3646996740797475,Godzilla 2000 (Gojira ni-sen mireniamu),3,Popular,1990
3865,"Original Kings of Comedy, The (2000)",Comedy|Documentary,2000,3.2312925170068025,147.0,1.1351665571526797,"Original Kings of Comedy, The",2,Popular,2000
3866,Sunset Strip (2000),Comedy,2000,3.1666666666666665,6.0,1.7224014243685086,Sunset Strip,1,Niche,2000
3867,All the Rage (a.k.a. It's the Rage) (1999),Drama,1999,3.3333333333333335,12.0,1.2309149097933272,All the Rage (a.k.a. It's the Rage),1,Moderate,1990
3868,"Naked Gun: From the Files of Police Squad!, The (1988)",Comedy,1988,3.680635838150289,692.0,1.0869709370494591,"Naked Gun: From the Files of Police Squad!, The",1,Blockbuster,1980
3869,"Naked Gun 2 1/2: The Smell of Fear, The (1991)",Comedy,1991,3.0881670533642693,431.0,1.032776402523639,"Naked Gun 2 1/2: The Smell of Fear, The",1,Blockbuster,1990
3870,Our Town (1940),Drama,1940,3.857142857142857,49.0,0.9354143466934853,Our Town,1,Moderate,1940
3871,Shane (1953),Drama|Western,1953,3.839344262295082,305.0,0.9919542594314221,Shane,2,Blockbuster,1950
3872,"Suddenly, Last Summer (1959)",Drama,1959,3.8333333333333335,102.0,0.9655792221891646,"Suddenly, Last Summer",1,Popular,1950
3873,Cat Ballou (1965),Comedy|Western,1965,3.6678571428571427,280.0,1.0508755767104756,Cat Ballou,2,Blockbuster,1960
3874,"Couch in New York, A (1996)",Comedy|Romance,1996,3.0,24.0,1.2510864843424485,"Couch in New York, A",2,Moderate,1990
3875,"Devil Rides Out, The (1968)",Horror,1968,2.8,5.0,1.6431676725154984,"Devil Rides Out, The",1,Niche,1960
3876,Jerry & Tom (1998),Drama,1998,2.0,4.0,0.816496580927726,Jerry & Tom,1,Niche,1990
3877,Supergirl (1984),Action|Adventure|Fantasy,1984,2.021978021978022,182.0,0.9688863799196763,Supergirl,3,Popular,1980
3878,X: The Unknown (1956),Sci-Fi,1956,2.8333333333333335,12.0,1.2673044646258478,X: The Unknown,1,Moderate,1950
3879,"Art of War, The (2000)",Action,2000,2.7847222222222223,144.0,1.0252967808071418,"Art of War, The",1,Popular,2000
3880,"Ballad of Ramblin' Jack, The (2000)",Documentary,2000,3.5,18.0,1.2947859237091257,"Ballad of Ramblin' Jack, The",1,Moderate,2000
3881,Bittersweet Motel (2000),Documentary,2000,5.0,1.0,,Bittersweet Motel,1,Niche,2000
3882,Bring It On (2000),Comedy,2000,3.2735042735042734,234.0,0.9549862963215316,Bring It On,1,Blockbuster,2000
3883,Catfish in Black Bean Sauce (2000),Comedy|Drama,2000,2.7333333333333334,15.0,1.162919151265879,Catfish in Black Bean Sauce,2,Moderate,2000
3884,"Crew, The (2000)",Comedy,2000,2.375,40.0,0.9789450103725609,"Crew, The",1,Moderate,2000
3885,Love & Sex (2000),Comedy|Romance,2000,3.1153846153846154,26.0,1.2752073737842982,Love & Sex,2,Moderate,2000
3886,Steal This Movie! (2000),Drama,2000,3.0,40.0,1.1322770341445958,Steal This Movie!,1,Moderate,2000
3887,Went to Coney Island on a Mission From God... Be Back by Five (1998),Drama,1998,3.0,4.0,0.816496580927726,Went to Coney Island on a Mission From God... Be Back by Five,1,Niche,1990
3888,Skipped Parts (2000),Drama|Romance,2000,4.5,2.0,0.7071067811865476,Skipped Parts,2,Niche,2000
3889,Highlander: Endgame (2000),Action|Adventure|Fantasy,2000,2.414814814814815,135.0,1.1614786329090416,Highlander: Endgame,3,Popular,2000
3890,Back Stage (2000),Documentary,2000,3.0,1.0,,Back Stage,1,Niche,2000
3891,Turn It Up (2000),Crime|Drama,2000,1.7142857142857142,7.0,0.4879500364742666,Turn It Up,2,Niche,2000
3892,Anatomy (Anatomie) (2000),Horror,2000,2.7,10.0,1.5670212364724212,Anatomy (Anatomie),1,Niche,2000
3893,Nurse Betty (2000),Comedy|Thriller,2000,3.5026833631484795,559.0,0.9816834846718964,Nurse Betty,2,Blockbuster,2000
3894,Solas (1999),Drama,1999,3.1904761904761907,21.0,1.2090925365350502,Solas,1,Moderate,1990
3895,"Watcher, The (2000)",Crime|Thriller,2000,2.3404255319148937,94.0,1.0218388599408412,"Watcher, The",2,Popular,2000
3896,"Way of the Gun, The (2000)",Crime|Thriller,2000,3.3184357541899443,179.0,1.2012380364804844,"Way of the Gun, The",2,Popular,2000
3897,Almost Famous (2000),Comedy|Drama,2000,4.22635814889336,994.0,0.8115911395174272,Almost Famous,2,Blockbuster,2000
3898,Bait (2000),Action|Comedy,2000,2.7333333333333334,45.0,0.9145291883606758,Bait,2,Moderate,2000
3899,Circus (2000),Comedy,2000,1.6666666666666667,3.0,1.1547005383792517,Circus,1,Niche,2000
3900,Crime and Punishment in Suburbia (2000),Comedy|Drama,2000,2.787878787878788,33.0,1.192622524040396,Crime and Punishment in Suburbia,2,Moderate,2000
3901,Duets (2000),Comedy|Drama,2000,2.650943396226415,106.0,1.2347542869520445,Duets,2,Popular,2000
3902,Goya in Bordeaux (Goya en Bodeos) (1999),Drama,1999,3.125,24.0,1.1539158284426274,Goya in Bordeaux (Goya en Bodeos),1,Moderate,1990
3903,Urbania (2000),Drama,2000,3.5,52.0,1.1631599960755994,Urbania,1,Popular,2000
3904,"Uninvited Guest, An (2000)",Drama,2000,1.0,1.0,,"Uninvited Guest, An",1,Niche,2000
3905,"Specials, The (2000)",Comedy,2000,3.875,8.0,0.9910312089651149,"Specials, The",1,Niche,2000
3906,Under Suspicion (2000),Crime,2000,3.15625,32.0,0.8838834764831843,Under Suspicion,1,Moderate,2000
3907,"Prince of Central Park, The (1999)",Drama,1999,,,,"Prince of Central Park, The",1,,1990
3908,Urban Legends: Final Cut (2000),Horror,2000,2.1847826086956523,92.0,1.166655290823432,Urban Legends: Final Cut,1,Popular,2000
3909,Woman on Top (2000),Comedy|Romance,2000,2.681159420289855,69.0,0.9925124628523846,Woman on Top,2,Popular,2000
3910,Dancer in the Dark (2000),Drama|Musical,2000,3.82,200.0,1.251170306424506,Dancer in the Dark,2,Popular,2000
3911,Best in Show (2000),Comedy,2000,4.073059360730594,657.0,0.8752117781039671,Best in Show,1,Blockbuster,2000
3912,Beautiful (2000),Comedy|Drama,2000,2.3,40.0,1.0907536796837265,Beautiful,2,Moderate,2000
3913,Barenaked in America (1999),Documentary,1999,2.90625,32.0,1.5731491941633426,Barenaked in America,1,Moderate,1990
3914,"Broken Hearts Club, The (2000)",Drama,2000,3.3285714285714287,70.0,1.1761079090222106,"Broken Hearts Club, The",1,Popular,2000
3915,Girlfight (2000),Drama,2000,3.5118110236220472,127.0,1.2206304754737582,Girlfight,1,Popular,2000
3916,Remember the Titans (2000),Drama,2000,3.9244851258581237,437.0,0.9913710378840592,Remember the Titans,1,Blockbuster,2000
3917,Hellraiser (1987),Horror,1987,3.111111111111111,279.0,1.2430462054585405,Hellraiser,1,Blockbuster,1980
3918,Hellbound: Hellraiser II (1988),Horror,1988,2.802395209580838,167.0,1.1313682991893703,Hellbound: Hellraiser II,1,Popular,1980
3919,Hellraiser III: Hell on Earth (1992),Horror,1992,2.2298850574712645,87.0,0.9965189344084687,Hellraiser III: Hell on Earth,1,Popular,1990
3920,"Faraway, So Close (In Weiter Ferne, So Nah!) (1993)",Drama|Fantasy,1993,3.712121212121212,66.0,1.1061388355641095,"Faraway, So Close (In Weiter Ferne, So Nah!)",2,Popular,1990
3921,Beach Party (1963),Comedy,1963,2.6382978723404253,47.0,1.1689001131664725,Beach Party,1,Moderate,1960
3922,Bikini Beach (1964),Comedy,1964,2.58974358974359,39.0,1.271508609113573,Bikini Beach,1,Moderate,1960
3923,Return of the Fly (1959),Horror|Sci-Fi,1959,2.576923076923077,104.0,0.9822928170822646,Return of the Fly,2,Popular,1950
3924,Pajama Party (1964),Comedy,1964,2.923076923076923,26.0,1.1286479317511524,Pajama Party,1,Moderate,1960
3925,Stranger Than Paradise (1984),Comedy,1984,3.8548387096774195,124.0,1.009657016440287,Stranger Than Paradise,1,Popular,1980
3926,Voyage to the Bottom of the Sea (1961),Adventure|Sci-Fi,1961,3.361111111111111,180.0,0.8102960965731375,Voyage to the Bottom of the Sea,2,Popular,1960
3927,Fantastic Voyage (1966),Adventure|Sci-Fi,1966,3.5804597701149423,348.0,0.8224990499311835,Fantastic Voyage,2,Blockbuster,1960
3928,Abbott and Costello Meet Frankenstein (1948),Comedy|Horror,1948,3.441747572815534,206.0,1.0747682016087012,Abbott and Costello Meet Frankenstein,2,Blockbuster,1940
3929,"Bank Dick, The (1940)",Comedy,1940,3.993197278911565,147.0,0.9686638066963706,"Bank Dick, The",1,Popular,1940
3930,"Creature From the Black Lagoon, The (1954)",Horror,1954,3.2556053811659194,223.0,1.0789352719472993,"Creature From the Black Lagoon, The",1,Blockbuster,1950
3931,"Giant Gila Monster, The (1959)",Horror|Sci-Fi,1959,2.037037037037037,27.0,1.0183501544346312,"Giant Gila Monster, The",2,Moderate,1950
3932,"Invisible Man, The (1933)",Horror|Sci-Fi,1933,3.75,232.0,0.9104967484864119,"Invisible Man, The",2,Blockbuster,1930
3933,"Killer Shrews, The (1959)",Horror|Sci-Fi,1959,2.25,16.0,1.2382783747337807,"Killer Shrews, The",2,Moderate,1950
3934,Kronos (1957),Sci-Fi,1957,3.0357142857142856,28.0,1.231745008999739,Kronos,1,Moderate,1950
3935,Kronos (1973),Horror,1973,3.0,23.0,0.9534625892455924,Kronos,1,Moderate,1970
3936,"Phantom of the Opera, The (1943)",Drama|Thriller,1943,3.7232142857142856,112.0,0.8616955988162556,"Phantom of the Opera, The",2,Popular,1940
3937,Runaway (1984),Sci-Fi|Thriller,1984,2.9407407407407407,135.0,0.8531151255004545,Runaway,2,Popular,1980
3938,"Slumber Party Massacre, The (1982)",Horror,1982,1.9259259259259258,27.0,1.0715167512214394,"Slumber Party Massacre, The",1,Moderate,1980
3939,"Slumber Party Massacre II, The (1987)",Horror,1987,1.9615384615384615,26.0,1.3109010406821482,"Slumber Party Massacre II, The",1,Moderate,1980
3940,"Slumber Party Massacre III, The (1990)",Horror,1990,1.7333333333333334,15.0,1.2798809468443688,"Slumber Party Massacre III, The",1,Moderate,1990
3941,Sorority House Massacre (1986),Horror,1986,2.0454545454545454,22.0,1.2527027058580458,Sorority House Massacre,1,Moderate,1980
3942,Sorority House Massacre II (1990),Horror,1990,1.7857142857142858,28.0,1.133893419027682,Sorority House Massacre II,1,Moderate,1990
3943,Bamboozled (2000),Comedy,2000,3.0520833333333335,96.0,1.2512712833600088,Bamboozled,1,Popular,2000
3944,Bootmen (2000),Comedy|Drama,2000,2.111111111111111,9.0,1.3642254619787417,Bootmen,2,Niche,2000
3945,Digimon: The Movie (2000),Adventure|Animation|Children's,2000,1.4883720930232558,43.0,1.0321520057686182,Digimon: The Movie,3,Moderate,2000
3946,Get Carter (2000),Action|Drama|Thriller,2000,2.26,100.0,1.078907041426834,Get Carter,3,Popular,2000
3947,Get Carter (1971),Thriller,1971,3.4727272727272727,55.0,1.1840693400389193,Get Carter,1,Popular,1970
3948,Meet the Parents (2000),Comedy,2000,3.6357308584686776,862.0,1.014196265290229,Meet the Parents,1,Blockbuster,2000
3949,Requiem for a Dream (2000),Drama,2000,4.115131578947368,304.0,1.0098040765707401,Requiem for a Dream,1,Blockbuster,2000
3950,Tigerland (2000),Drama,2000,3.6666666666666665,54.0,1.046106888726725,Tigerland,1,Popular,2000
3951,Two Family House (2000),Drama,2000,3.9,40.0,1.0573309405993554,Two Family House,1,Moderate,2000
3952,"Contender, The (2000)",Drama|Thriller,2000,3.7809278350515463,388.0,0.9350743258045121,"Contender, The",2,Blockbuster,2000
